CustomerName,ProductId,CustomerProductCode,ProductName,ProductNumber,APSCode,CustomerCode,LMSCustomerName,LMSCustomerId,ProductType,ProductStatus,ClientDepartment,Analysisfield1,Analysisfield2,OMProductId,SellingUOM,CustomerId,ProductOwner,ProductManager,VatRate,ChargingCategory
Moon and Stars,1,SAMPLE_0001,Sample Product 1,PX0000001,PX0000001,999,Moon Stars LMS Account,999,GNPR,DRAFT,Stars,M0001,NULL,1,SINGLE,999,ProductOwner2@MoonStars.co.uk,ProductManager1@theapsgroup.com,0,Charge on Production
Moon and Stars,2,SAMPLE_0002,Sample Product 2,PX0000002,PX0000002,999,Moon Stars LMS Account,999,GNPR,DRAFT,Moon,M0001,NULL,2,SINGLE,999,ProductOwner2@MoonStars.co.uk,ProductManager4@theapsgroup.com,0,Charge on Production
Moon and Stars,3,SAMPLE_0003,Sample Product 3,PX0000003,PX0000003,999,Moon Stars LMS Account,999,GNPR,DRAFT,Sun,M0003,NULL,3,SINGLE,999,ProductOwner4@MoonStars.co.uk,ProductManager4@theapsgroup.com,0,Charge on Production
Moon and Stars,4,SAMPLE_0004,Sample Product 4,PX0000004,PX0000004,999,Moon Stars LMS Account,999,GNPR,DRAFT,Moon,M0001,NULL,4,SINGLE,999,ProductOwner2@MoonStars.co.uk,ProductManager4@theapsgroup.com,0.2,Charge on Production
Moon and Stars,5,SAMPLE_0005,Sample Product 5,PX0000005,PX0000005,999,Moon Stars LMS Account,999,GNPR,DRAFT,Moon,M0001,NULL,5,SINGLE,999,ProductOwner1@MoonStars.co.uk,ProductManager1@theapsgroup.com,0,Charge on Production
Moon and Stars,6,SAMPLE_0006,Sample Product 6,PX0000006,PX0000006,999,Moon Stars LMS Account,999,LTHD,DRAFT,Sun,M0002,NULL,6,SINGLE,999,ProductOwner3@MoonStars.co.uk,ProductManager3@theapsgroup.com,0,Charge on Production
Moon and Stars,7,SAMPLE_0007,Sample Product 7,PX0000007,PX0000007,999,Moon Stars LMS Account,999,PSTR,DRAFT,Moon,M0001,NULL,7,SINGLE,999,ProductOwner1@MoonStars.co.uk,ProductManager2@theapsgroup.com,0,Charge on Production
Moon and Stars,8,SAMPLE_0008,Sample Product 8,PX0000008,PX0000008,999,Moon Stars LMS Account,999,PSTR,DRAFT,Stars,M0001,NULL,8,SINGLE,999,ProductOwner1@MoonStars.co.uk,ProductManager3@theapsgroup.com,0.2,Charge on Production
Moon and Stars,9,SAMPLE_0009,Sample Product 9,PX0000009,PX0000009,999,Moon Stars LMS Account,999,PSTR,DRAFT,Stars,M0001,NULL,9,SINGLE,999,ProductOwner2@MoonStars.co.uk,ProductManager1@theapsgroup.com,0,Charge on Production
Moon and Stars,10,SAMPLE_0010,Sample Product 10,PX0000010,PX0000010,999,Moon Stars LMS Account,999,PSTR,DRAFT,Sun,M0001,NULL,10,SINGLE,999,ProductOwner1@MoonStars.co.uk,ProductManager1@theapsgroup.com,0,Charge on Production
Moon and Stars,11,SAMPLE_0011,Sample Product 11,PX0000011,PX0000011,999,Moon Stars LMS Account,999,PSTR,DRAFT,Sun,M0001,NULL,11,SINGLE,999,ProductOwner2@MoonStars.co.uk,ProductManager2@theapsgroup.com,0.2,Charge on Production
Moon and Stars,12,SAMPLE_0012,Sample Product 12,PX0000012,PX0000012,999,Moon Stars LMS Account,999,PSTR,DRAFT,Stars,M0002,NULL,12,SINGLE,999,ProductOwner3@MoonStars.co.uk,ProductManager1@theapsgroup.com,0,Charge on Production
Moon and Stars,13,SAMPLE_0013,Sample Product 13,PX0000013,PX0000013,999,Moon Stars LMS Account,999,PSTR,DRAFT,Sun,M0001,NULL,13,SINGLE,999,ProductOwner1@MoonStars.co.uk,ProductManager3@theapsgroup.com,0,Charge on Production
Moon and Stars,14,SAMPLE_0014,Sample Product 14,PX0000014,PX0000014,999,Moon Stars LMS Account,999,PSTR,DRAFT,Stars,M0001,NULL,14,SINGLE,999,ProductOwner1@MoonStars.co.uk,ProductManager3@theapsgroup.com,0.2,Charge on Production
Moon and Stars,15,SAMPLE_0015,Sample Product 15,PX0000015,PX0000015,999,Moon Stars LMS Account,999,CLTH,DRAFT,Moon,M0001,NULL,15,SINGLE,999,ProductOwner1@MoonStars.co.uk,ProductManager2@theapsgroup.com,0,Charge on Production
Moon and Stars,16,SAMPLE_0016,Sample Product 16,PX0000016,PX0000016,999,Moon Stars LMS Account,999,CLTH,DRAFT,Sun,M0002,NULL,16,SINGLE,999,ProductOwner3@MoonStars.co.uk,ProductManager3@theapsgroup.com,0,Charge on Production
Moon and Stars,17,SAMPLE_0017,Sample Product 17,PX0000017,PX0000017,999,Moon Stars LMS Account,999,CLTH,DRAFT,Moon,M0001,NULL,17,SINGLE,999,ProductOwner1@MoonStars.co.uk,ProductManager4@theapsgroup.com,0,Charge on Production
Moon and Stars,18,SAMPLE_0018,Sample Product 18,PX0000018,PX0000018,999,Moon Stars LMS Account,999,CLTH,DRAFT,Stars,M0002,NULL,18,SINGLE,999,ProductOwner3@MoonStars.co.uk,ProductManager1@theapsgroup.com,0,Charge on Production
Moon and Stars,19,SAMPLE_0019,Sample Product 19,PX0000019,PX0000019,999,Moon Stars LMS Account,999,CLTH,DRAFT,Sun,M0001,NULL,19,SINGLE,999,ProductOwner2@MoonStars.co.uk,ProductManager2@theapsgroup.com,0.2,Charge on Production
Moon and Stars,20,SAMPLE_0020,Sample Product 20,PX0000020,PX0000020,999,Moon Stars LMS Account,999,CLTH,DRAFT,Sun,M0001,NULL,20,SINGLE,999,ProductOwner1@MoonStars.co.uk,ProductManager1@theapsgroup.com,0,Charge on Production
Moon and Stars,21,SAMPLE_0021,Sample Product 21,PX0000021,PX0000021,999,Moon Stars LMS Account,999,CLTH,DRAFT,Sun,M0001,NULL,21,SINGLE,999,ProductOwner2@MoonStars.co.uk,ProductManager1@theapsgroup.com,0,Charge on Production
Moon and Stars,22,SAMPLE_0022,Sample Product 22,PX0000022,PX0000022,999,Moon Stars LMS Account,999,CLTH,DRAFT,Moon,M0001,NULL,22,SINGLE,999,ProductOwner2@MoonStars.co.uk,ProductManager4@theapsgroup.com,0,Charge on Production
Moon and Stars,23,SAMPLE_0023,Sample Product 23,PX0000023,PX0000023,999,Moon Stars LMS Account,999,FORM,DRAFT,Sun,M0003,NULL,23,PACK 50,999,ProductOwner4@MoonStars.co.uk,ProductManager4@theapsgroup.com,0,Charge on Production
Moon and Stars,24,SAMPLE_0024,Sample Product 24,PX0000024,PX0000024,999,Moon Stars LMS Account,999,PSTR,DRAFT,Stars,M0001,NULL,24,PACK 6,999,ProductOwner2@MoonStars.co.uk,ProductManager4@theapsgroup.com,0.2,Charge on Production
Moon and Stars,25,SAMPLE_0025,Sample Product 25,PX0000025,PX0000025,999,Moon Stars LMS Account,999,GNPR,DRAFT,Stars,M0001,NULL,25,SINGLE,999,ProductOwner1@MoonStars.co.uk,ProductManager1@theapsgroup.com,0,Charge on Production
Moon and Stars,26,SAMPLE_0026,Sample Product 26,PX0000026,PX0000026,999,Moon Stars LMS Account,999,ENVE,DRAFT,Sun,M0002,NULL,26,SINGLE,999,ProductOwner3@MoonStars.co.uk,ProductManager3@theapsgroup.com,0,Charge on Production
Moon and Stars,27,SAMPLE_0027,Sample Product 27,PX0000027,PX0000027,999,Moon Stars LMS Account,999,PSTR,DRAFT,Sun,M0001,NULL,27,PACK 20,999,ProductOwner1@MoonStars.co.uk,ProductManager2@theapsgroup.com,0,Charge on Production
Moon and Stars,28,SAMPLE_0028,Sample Product 28,PX0000028,PX0000028,999,Moon Stars LMS Account,999,PSTR,DRAFT,Stars,M0001,NULL,28,PACK 20,999,ProductOwner1@MoonStars.co.uk,ProductManager3@theapsgroup.com,0.2,Charge on Production
Moon and Stars,29,SAMPLE_0029,Sample Product 29,PX0000029,PX0000029,999,Moon Stars LMS Account,999,PROM,DRAFT,Sun,M0001,NULL,29,PACK 50,999,ProductOwner2@MoonStars.co.uk,ProductManager1@theapsgroup.com,0,Charge on Production
Moon and Stars,30,SAMPLE_0030,Sample Product 30,PX0000030,PX0000030,999,Moon Stars LMS Account,999,PROM,DRAFT,Sun,M0001,NULL,30,PACK 100,999,ProductOwner1@MoonStars.co.uk,ProductManager1@theapsgroup.com,0,Charge on Production
Moon and Stars,31,SAMPLE_0031,Sample Product 31,PX0000031,PX0000031,999,Moon Stars LMS Account,999,ENVE,DRAFT,Stars,M0001,NULL,31,SINGLE,999,ProductOwner2@MoonStars.co.uk,ProductManager2@theapsgroup.com,0.2,Charge on Production
Moon and Stars,32,SAMPLE_0032,Sample Product 32,PX0000032,PX0000032,999,Moon Stars LMS Account,999,PROM,DRAFT,Sun,M0002,NULL,32,SINGLE,999,ProductOwner3@MoonStars.co.uk,ProductManager1@theapsgroup.com,0,Charge on Production
Moon and Stars,33,SAMPLE_0033,Sample Product 33,PX0000033,PX0000033,999,Moon Stars LMS Account,999,PROM,DRAFT,Sun,M0001,NULL,33,SINGLE,999,ProductOwner1@MoonStars.co.uk,ProductManager3@theapsgroup.com,0,Charge on Production
Moon and Stars,34,SAMPLE_0034,Sample Product 34,PX0000034,PX0000034,999,Moon Stars LMS Account,999,FULL,DRAFT,Stars,M0001,NULL,34,SINGLE,999,ProductOwner1@MoonStars.co.uk,ProductManager3@theapsgroup.com,0.2,Charge on Production
Moon and Stars,35,SAMPLE_0035,Sample Product 35,PX0000035,PX0000035,999,Moon Stars LMS Account,999,FULL,DRAFT,Stars,M0001,NULL,35,SINGLE,999,ProductOwner1@MoonStars.co.uk,ProductManager2@theapsgroup.com,0,Charge on Production
Moon and Stars,36,SAMPLE_0036,Sample Product 36,PX0000036,PX0000036,999,Moon Stars LMS Account,999,FULL,DRAFT,Stars,M0002,NULL,36,SINGLE,999,ProductOwner3@MoonStars.co.uk,ProductManager3@theapsgroup.com,0,Charge on Production
Moon and Stars,37,SAMPLE_0037,Sample Product 37,PX0000037,PX0000037,999,Moon Stars LMS Account,999,FULL,DRAFT,Moon,M0001,NULL,37,SINGLE,999,ProductOwner1@MoonStars.co.uk,ProductManager4@theapsgroup.com,0,Charge on Production
Moon and Stars,38,SAMPLE_0038,Sample Product 38,PX0000038,PX0000038,999,Moon Stars LMS Account,999,FULL,DRAFT,Stars,M0002,NULL,38,SINGLE,999,ProductOwner3@MoonStars.co.uk,ProductManager1@theapsgroup.com,0,Charge on Production
Moon and Stars,39,SAMPLE_0039,Sample Product 39,PX0000039,PX0000039,999,Moon Stars LMS Account,999,BKLT,DRAFT,Moon,M0001,NULL,39,SINGLE,999,ProductOwner2@MoonStars.co.uk,ProductManager2@theapsgroup.com,0.2,Charge on Production
Moon and Stars,40,SAMPLE_0040,Sample Product 40,PX0000040,PX0000040,999,Moon Stars LMS Account,999,POSA,DRAFT,Stars,M0001,NULL,40,SINGLE,999,ProductOwner1@MoonStars.co.uk,ProductManager1@theapsgroup.com,0,Charge on Production
Moon and Stars,41,SAMPLE_0041,Sample Product 41,PX0000041,PX0000041,999,Moon Stars LMS Account,999,FORM,DRAFT,Sun,M0001,NULL,41,PACK 50,999,ProductOwner2@MoonStars.co.uk,ProductManager1@theapsgroup.com,0,Charge on Production
Moon and Stars,42,SAMPLE_0042,Sample Product 42,PX0000042,PX0000042,999,Moon Stars LMS Account,999,BROC,DRAFT,Stars,M0001,NULL,42,PACK 25,999,ProductOwner2@MoonStars.co.uk,ProductManager4@theapsgroup.com,0,Charge on Production
Moon and Stars,43,SAMPLE_0043,Sample Product 43,PX0000043,PX0000043,999,Moon Stars LMS Account,999,GNPR,DRAFT,Moon,M0003,NULL,43,SINGLE,999,ProductOwner4@MoonStars.co.uk,ProductManager4@theapsgroup.com,0,Charge on Production
Moon and Stars,44,SAMPLE_0044,Sample Product 44,PX0000044,PX0000044,999,Moon Stars LMS Account,999,GNPR,DRAFT,Moon,M0001,NULL,44,SINGLE,999,ProductOwner2@MoonStars.co.uk,ProductManager4@theapsgroup.com,0.2,Charge on Production
Moon and Stars,45,SAMPLE_0045,Sample Product 45,PX0000045,PX0000045,999,Moon Stars LMS Account,999,PAD,DRAFT,Sun,M0001,NULL,45,SINGLE,999,ProductOwner1@MoonStars.co.uk,ProductManager1@theapsgroup.com,0,Charge on Production
Moon and Stars,46,SAMPLE_0046,Sample Product 46,PX0000046,PX0000046,999,Moon Stars LMS Account,999,PSTR,DRAFT,Sun,M0002,NULL,46,PACK 12,999,ProductOwner3@MoonStars.co.uk,ProductManager3@theapsgroup.com,0,Charge on Production
Moon and Stars,47,SAMPLE_0047,Sample Product 47,PX0000047,PX0000047,999,Moon Stars LMS Account,999,PSTR,DRAFT,Moon,M0001,NULL,47,PACK 5,999,ProductOwner1@MoonStars.co.uk,ProductManager2@theapsgroup.com,0,Charge on Production
Moon and Stars,48,SAMPLE_0048,Sample Product 48,PX0000048,PX0000048,999,Moon Stars LMS Account,999,PSTR,DRAFT,Stars,M0001,NULL,48,PACK 12,999,ProductOwner1@MoonStars.co.uk,ProductManager3@theapsgroup.com,0.2,Charge on Production
Moon and Stars,49,SAMPLE_0049,Sample Product 49,PX0000049,PX0000049,999,Moon Stars LMS Account,999,PSTR,DRAFT,Sun,M0001,NULL,49,PACK 10,999,ProductOwner2@MoonStars.co.uk,ProductManager1@theapsgroup.com,0,Charge on Production
Moon and Stars,50,SAMPLE_0050,Sample Product 50,PX0000050,PX0000050,999,Moon Stars LMS Account,999,LFLT,DRAFT,Moon,M0001,NULL,50,PACK 250,999,ProductOwner1@MoonStars.co.uk,ProductManager1@theapsgroup.com,0,Charge on Production
Moon and Stars,51,SAMPLE_0051,Sample Product 51,PX0000051,PX0000051,999,Moon Stars LMS Account,999,CARD,DRAFT,Sun,M0001,NULL,51,PACK 500,999,ProductOwner2@MoonStars.co.uk,ProductManager2@theapsgroup.com,0.2,Charge on Production
Moon and Stars,52,SAMPLE_0052,Sample Product 52,PX0000052,PX0000052,999,Moon Stars LMS Account,999,LTHD,DRAFT,Sun,M0002,NULL,52,SINGLE,999,ProductOwner3@MoonStars.co.uk,ProductManager1@theapsgroup.com,0,Charge on Production
Moon and Stars,53,SAMPLE_0053,Sample Product 53,PX0000053,PX0000053,999,Moon Stars LMS Account,999,PROM,DRAFT,Sun,M0001,NULL,53,SINGLE,999,ProductOwner1@MoonStars.co.uk,ProductManager3@theapsgroup.com,0,Charge on Production
Moon and Stars,54,SAMPLE_0054,Sample Product 54,PX0000054,PX0000054,999,Moon Stars LMS Account,999,PROM,DRAFT,Moon,M0001,NULL,54,SINGLE,999,ProductOwner1@MoonStars.co.uk,ProductManager3@theapsgroup.com,0.2,Charge on Production
Moon and Stars,55,SAMPLE_0055,Sample Product 55,PX0000055,PX0000055,999,Moon Stars LMS Account,999,PROM,DRAFT,Sun,M0001,NULL,55,SINGLE,999,ProductOwner1@MoonStars.co.uk,ProductManager2@theapsgroup.com,0,Charge on Production
Moon and Stars,56,SAMPLE_0056,Sample Product 56,PX0000056,PX0000056,999,Moon Stars LMS Account,999,PROM,DRAFT,Moon,M0002,NULL,56,SINGLE,999,ProductOwner3@MoonStars.co.uk,ProductManager3@theapsgroup.com,0,Charge on Production
Moon and Stars,57,SAMPLE_0057,Sample Product 57,PX0000057,PX0000057,999,Moon Stars LMS Account,999,LFLT,DRAFT,Moon,M0001,NULL,57,PACK 250,999,ProductOwner1@MoonStars.co.uk,ProductManager4@theapsgroup.com,0,Charge on Production
Moon and Stars,58,SAMPLE_0058,Sample Product 58,PX0000058,PX0000058,999,Moon Stars LMS Account,999,BN,DRAFT,Moon,M0002,NULL,58,SINGLE,999,ProductOwner3@MoonStars.co.uk,ProductManager1@theapsgroup.com,0,Charge on Production
Moon and Stars,59,SAMPLE_0059,Sample Product 59,PX0000059,PX0000059,999,Moon Stars LMS Account,999,PSTR,DRAFT,Stars,M0001,NULL,59,SINGLE,999,ProductOwner2@MoonStars.co.uk,ProductManager2@theapsgroup.com,0.2,Charge on Production
Moon and Stars,60,SAMPLE_0060,Sample Product 60,PX0000060,PX0000060,999,Moon Stars LMS Account,999,PROM,DRAFT,Moon,M0001,NULL,60,SINGLE,999,ProductOwner1@MoonStars.co.uk,ProductManager1@theapsgroup.com,0,Charge on Production
Moon and Stars,61,SAMPLE_0061,Sample Product 61,PX0000061,PX0000061,999,Moon Stars LMS Account,999,LFLT,DRAFT,Moon,M0001,NULL,61,SINGLE,999,ProductOwner2@MoonStars.co.uk,ProductManager1@theapsgroup.com,0,Charge on Production
Moon and Stars,62,SAMPLE_0062,Sample Product 62,PX0000062,PX0000062,999,Moon Stars LMS Account,999,LFLT,DRAFT,Moon,M0001,NULL,62,SINGLE,999,ProductOwner2@MoonStars.co.uk,ProductManager4@theapsgroup.com,0,Charge on Production
Moon and Stars,63,SAMPLE_0063,Sample Product 63,PX0000063,PX0000063,999,Moon Stars LMS Account,999,LFLT,DRAFT,Stars,M0003,NULL,63,PACK 25,999,ProductOwner4@MoonStars.co.uk,ProductManager4@theapsgroup.com,0,Charge on Production
Moon and Stars,64,SAMPLE_0064,Sample Product 64,PX0000064,PX0000064,999,Moon Stars LMS Account,999,PSTR,DRAFT,Moon,M0001,NULL,64,SINGLE,999,ProductOwner2@MoonStars.co.uk,ProductManager4@theapsgroup.com,0.2,Charge on Production
Moon and Stars,65,SAMPLE_0065,Sample Product 65,PX0000065,PX0000065,999,Moon Stars LMS Account,999,LFLT,DRAFT,Stars,M0001,NULL,65,PACK 25,999,ProductOwner1@MoonStars.co.uk,ProductManager1@theapsgroup.com,0,Charge on Production
Moon and Stars,66,SAMPLE_0066,Sample Product 66,PX0000066,PX0000066,999,Moon Stars LMS Account,999,LTHD,DRAFT,Moon,M0002,NULL,66,SINGLE,999,ProductOwner3@MoonStars.co.uk,ProductManager3@theapsgroup.com,0,Charge on Production
Moon and Stars,67,SAMPLE_0067,Sample Product 67,PX0000067,PX0000067,999,Moon Stars LMS Account,999,PROM,DRAFT,Moon,M0001,NULL,67,SINGLE,999,ProductOwner1@MoonStars.co.uk,ProductManager2@theapsgroup.com,0,Charge on Production
Moon and Stars,68,SAMPLE_0068,Sample Product 68,PX0000068,PX0000068,999,Moon Stars LMS Account,999,FORM,DRAFT,Stars,M0001,NULL,68,PACK 100,999,ProductOwner1@MoonStars.co.uk,ProductManager3@theapsgroup.com,0.2,Charge on Production
Moon and Stars,69,SAMPLE_0069,Sample Product 69,PX0000069,PX0000069,999,Moon Stars LMS Account,999,GNPR,DRAFT,Sun,M0001,NULL,69,SINGLE,999,ProductOwner2@MoonStars.co.uk,ProductManager1@theapsgroup.com,0,Charge on Production
Moon and Stars,70,SAMPLE_0070,Sample Product 70,PX0000070,PX0000070,999,Moon Stars LMS Account,999,LFLT,DRAFT,Moon,M0001,NULL,70,PACK 20,999,ProductOwner1@MoonStars.co.uk,ProductManager1@theapsgroup.com,0,Charge on Production
Moon and Stars,71,SAMPLE_0071,Sample Product 71,PX0000071,PX0000071,999,Moon Stars LMS Account,999,FORM,DRAFT,Moon,M0001,NULL,71,PACK 20,999,ProductOwner2@MoonStars.co.uk,ProductManager2@theapsgroup.com,0.2,Charge on Production
Moon and Stars,72,SAMPLE_0072,Sample Product 72,PX0000072,PX0000072,999,Moon Stars LMS Account,999,FORM,DRAFT,Moon,M0002,NULL,72,PACK 50,999,ProductOwner3@MoonStars.co.uk,ProductManager1@theapsgroup.com,0,Charge on Production
Moon and Stars,73,SAMPLE_0073,Sample Product 73,PX0000073,PX0000073,999,Moon Stars LMS Account,999,CARD,DRAFT,Stars,M0001,NULL,73,PACK 10,999,ProductOwner1@MoonStars.co.uk,ProductManager3@theapsgroup.com,0,Charge on Production
Moon and Stars,74,SAMPLE_0074,Sample Product 74,PX0000074,PX0000074,999,Moon Stars LMS Account,999,PROM,DRAFT,Sun,M0001,NULL,74,SINGLE,999,ProductOwner1@MoonStars.co.uk,ProductManager3@theapsgroup.com,0.2,Charge on Production
Moon and Stars,75,SAMPLE_0075,Sample Product 75,PX0000075,PX0000075,999,Moon Stars LMS Account,999,GNPR,DRAFT,Stars,M0001,NULL,75,SINGLE,999,ProductOwner1@MoonStars.co.uk,ProductManager2@theapsgroup.com,0,Charge on Production
Moon and Stars,76,SAMPLE_0076,Sample Product 76,PX0000076,PX0000076,999,Moon Stars LMS Account,999,PSTR,DRAFT,Stars,M0002,NULL,76,SINGLE,999,ProductOwner3@MoonStars.co.uk,ProductManager3@theapsgroup.com,0,Charge on Production
Moon and Stars,77,SAMPLE_0077,Sample Product 77,PX0000077,PX0000077,999,Moon Stars LMS Account,999,LFLT,DRAFT,Sun,M0001,NULL,77,SINGLE,999,ProductOwner1@MoonStars.co.uk,ProductManager4@theapsgroup.com,0,Charge on Production
Moon and Stars,78,SAMPLE_0078,Sample Product 78,PX0000078,PX0000078,999,Moon Stars LMS Account,999,GNPR,DRAFT,Sun,M0002,NULL,78,SINGLE,999,ProductOwner3@MoonStars.co.uk,ProductManager1@theapsgroup.com,0,Charge on Production
Moon and Stars,79,SAMPLE_0079,Sample Product 79,PX0000079,PX0000079,999,Moon Stars LMS Account,999,LTHD,DRAFT,Sun,M0001,NULL,79,SINGLE,999,ProductOwner2@MoonStars.co.uk,ProductManager2@theapsgroup.com,0.2,Charge on Production
Moon and Stars,80,SAMPLE_0080,Sample Product 80,PX0000080,PX0000080,999,Moon Stars LMS Account,999,CARD,DRAFT,Sun,M0001,NULL,80,SINGLE,999,ProductOwner1@MoonStars.co.uk,ProductManager1@theapsgroup.com,0,Charge on Production
Moon and Stars,81,SAMPLE_0081,Sample Product 81,PX0000081,PX0000081,999,Moon Stars LMS Account,999,LFLT,DRAFT,Sun,M0001,NULL,81,SINGLE,999,ProductOwner2@MoonStars.co.uk,ProductManager1@theapsgroup.com,0,Charge on Production
Moon and Stars,82,SAMPLE_0082,Sample Product 82,PX0000082,PX0000082,999,Moon Stars LMS Account,999,PSTR,DRAFT,Moon,M0001,NULL,82,PACK 6,999,ProductOwner2@MoonStars.co.uk,ProductManager4@theapsgroup.com,0,Charge on Production
Moon and Stars,83,SAMPLE_0083,Sample Product 83,PX0000083,PX0000083,999,Moon Stars LMS Account,999,PSTR,DRAFT,Stars,M0003,NULL,83,PACK 50,999,ProductOwner4@MoonStars.co.uk,ProductManager4@theapsgroup.com,0,Charge on Production
Moon and Stars,84,SAMPLE_0084,Sample Product 84,PX0000084,PX0000084,999,Moon Stars LMS Account,999,LTHD,DRAFT,Sun,M0001,NULL,84,SINGLE,999,ProductOwner2@MoonStars.co.uk,ProductManager4@theapsgroup.com,0.2,Charge on Production
Moon and Stars,85,SAMPLE_0085,Sample Product 85,PX0000085,PX0000085,999,Moon Stars LMS Account,999,LFLT,DRAFT,Sun,M0001,NULL,85,SINGLE,999,ProductOwner1@MoonStars.co.uk,ProductManager1@theapsgroup.com,0,Charge on Production
Moon and Stars,86,SAMPLE_0086,Sample Product 86,PX0000086,PX0000086,999,Moon Stars LMS Account,999,FORM,DRAFT,Moon,M0002,NULL,86,PACK 25,999,ProductOwner3@MoonStars.co.uk,ProductManager3@theapsgroup.com,0,Charge on Production
Moon and Stars,87,SAMPLE_0087,Sample Product 87,PX0000087,PX0000087,999,Moon Stars LMS Account,999,FORM,DRAFT,Stars,M0001,NULL,87,PACK 20,999,ProductOwner1@MoonStars.co.uk,ProductManager2@theapsgroup.com,0,Charge on Production
Moon and Stars,88,SAMPLE_0088,Sample Product 88,PX0000088,PX0000088,999,Moon Stars LMS Account,999,FORM,DRAFT,Stars,M0001,NULL,88,PACK 20,999,ProductOwner1@MoonStars.co.uk,ProductManager3@theapsgroup.com,0.2,Charge on Production
Moon and Stars,89,SAMPLE_0089,Sample Product 89,PX0000089,PX0000089,999,Moon Stars LMS Account,999,FORM,DRAFT,Stars,M0001,NULL,89,PACK 20,999,ProductOwner2@MoonStars.co.uk,ProductManager1@theapsgroup.com,0,Charge on Production
Moon and Stars,90,SAMPLE_0090,Sample Product 90,PX0000090,PX0000090,999,Moon Stars LMS Account,999,FORM,DRAFT,Sun,M0001,NULL,90,PACK 20,999,ProductOwner1@MoonStars.co.uk,ProductManager1@theapsgroup.com,0,Charge on Production
Moon and Stars,91,SAMPLE_0091,Sample Product 91,PX0000091,PX0000091,999,Moon Stars LMS Account,999,FORM,DRAFT,Moon,M0001,NULL,91,PACK 20,999,ProductOwner2@MoonStars.co.uk,ProductManager2@theapsgroup.com,0.2,Charge on Production
Moon and Stars,92,SAMPLE_0092,Sample Product 92,PX0000092,PX0000092,999,Moon Stars LMS Account,999,FORM,DRAFT,Sun,M0002,NULL,92,PACK 20,999,ProductOwner3@MoonStars.co.uk,ProductManager1@theapsgroup.com,0,Charge on Production
Moon and Stars,93,SAMPLE_0093,Sample Product 93,PX0000093,PX0000093,999,Moon Stars LMS Account,999,FORM,DRAFT,Stars,M0001,NULL,93,PACK 20,999,ProductOwner1@MoonStars.co.uk,ProductManager3@theapsgroup.com,0,Charge on Production
Moon and Stars,94,SAMPLE_0094,Sample Product 94,PX0000094,PX0000094,999,Moon Stars LMS Account,999,FORM,DRAFT,Sun,M0001,NULL,94,PACK 20,999,ProductOwner1@MoonStars.co.uk,ProductManager3@theapsgroup.com,0.2,Charge on Production
Moon and Stars,95,SAMPLE_0095,Sample Product 95,PX0000095,PX0000095,999,Moon Stars LMS Account,999,FORM,DRAFT,Stars,M0001,NULL,95,PACK 20,999,ProductOwner1@MoonStars.co.uk,ProductManager2@theapsgroup.com,0,Charge on Production
Moon and Stars,96,SAMPLE_0096,Sample Product 96,PX0000096,PX0000096,999,Moon Stars LMS Account,999,FORM,DRAFT,Moon,M0002,NULL,96,PACK 20,999,ProductOwner3@MoonStars.co.uk,ProductManager3@theapsgroup.com,0,Charge on Production
Moon and Stars,97,SAMPLE_0097,Sample Product 97,PX0000097,PX0000097,999,Moon Stars LMS Account,999,LFLT,DRAFT,Moon,M0001,NULL,97,PACK 30,999,ProductOwner1@MoonStars.co.uk,ProductManager4@theapsgroup.com,0,Charge on Production
Moon and Stars,98,SAMPLE_0098,Sample Product 98,PX0000098,PX0000098,999,Moon Stars LMS Account,999,PSTR,DRAFT,Moon,M0002,NULL,98,PACK 5,999,ProductOwner3@MoonStars.co.uk,ProductManager1@theapsgroup.com,0,Charge on Production
Moon and Stars,99,SAMPLE_0099,Sample Product 99,PX0000099,PX0000099,999,Moon Stars LMS Account,999,LTHD,DRAFT,Stars,M0001,NULL,99,SINGLE,999,ProductOwner2@MoonStars.co.uk,ProductManager2@theapsgroup.com,0.2,Charge on Production
Moon and Stars,100,SAMPLE_0100,Sample Product 100,PX0000100,PX0000100,999,Moon Stars LMS Account,999,LFLT,DRAFT,Stars,M0001,NULL,100,PACK 20,999,ProductOwner1@MoonStars.co.uk,ProductManager1@theapsgroup.com,0,Charge on Production
Moon and Stars,101,SAMPLE_0101,Sample Product 101,PX0000101,PX0000101,999,Moon Stars LMS Account,999,PSTR,DRAFT,Stars,M0001,NULL,101,SINGLE,999,ProductOwner2@MoonStars.co.uk,ProductManager1@theapsgroup.com,0,Charge on Production
Moon and Stars,102,SAMPLE_0102,Sample Product 102,PX0000102,PX0000102,999,Moon Stars LMS Account,999,BROC,DRAFT,Moon,M0001,NULL,102,PACK 100,999,ProductOwner2@MoonStars.co.uk,ProductManager4@theapsgroup.com,0,Charge on Production
Moon and Stars,103,SAMPLE_0103,Sample Product 103,PX0000103,PX0000103,999,Moon Stars LMS Account,999,FOLD,DRAFT,Sun,M0003,NULL,103,SINGLE,999,ProductOwner4@MoonStars.co.uk,ProductManager4@theapsgroup.com,0,Charge on Production
Moon and Stars,104,SAMPLE_0104,Sample Product 104,PX0000104,PX0000104,999,Moon Stars LMS Account,999,GNPR,DRAFT,Moon,M0001,NULL,104,SINGLE,999,ProductOwner2@MoonStars.co.uk,ProductManager4@theapsgroup.com,0.2,Charge on Production
Moon and Stars,105,SAMPLE_0105,Sample Product 105,PX0000105,PX0000105,999,Moon Stars LMS Account,999,FORM,DRAFT,Sun,M0001,NULL,105,PACK 12,999,ProductOwner1@MoonStars.co.uk,ProductManager1@theapsgroup.com,0,Charge on Production
Moon and Stars,106,SAMPLE_0106,Sample Product 106,PX0000106,PX0000106,999,Moon Stars LMS Account,999,LFLT,DRAFT,Moon,M0002,NULL,106,SINGLE,999,ProductOwner3@MoonStars.co.uk,ProductManager3@theapsgroup.com,0,Charge on Production
Moon and Stars,107,SAMPLE_0107,Sample Product 107,PX0000107,PX0000107,999,Moon Stars LMS Account,999,LFLT,DRAFT,Sun,M0001,NULL,107,SINGLE,999,ProductOwner1@MoonStars.co.uk,ProductManager2@theapsgroup.com,0,Charge on Production
Moon and Stars,108,SAMPLE_0108,Sample Product 108,PX0000108,PX0000108,999,Moon Stars LMS Account,999,PROM,DRAFT,Stars,M0001,NULL,108,SINGLE,999,ProductOwner1@MoonStars.co.uk,ProductManager3@theapsgroup.com,0.2,Charge on Production
Moon and Stars,109,SAMPLE_0109,Sample Product 109,PX0000109,PX0000109,999,Moon Stars LMS Account,999,PROM,DRAFT,Stars,M0001,NULL,109,SINGLE,999,ProductOwner2@MoonStars.co.uk,ProductManager1@theapsgroup.com,0,Charge on Production
Moon and Stars,110,SAMPLE_0110,Sample Product 110,PX0000110,PX0000110,999,Moon Stars LMS Account,999,POSA,DRAFT,Moon,M0001,NULL,110,SINGLE,999,ProductOwner1@MoonStars.co.uk,ProductManager1@theapsgroup.com,0,Charge on Production
Moon and Stars,111,SAMPLE_0111,Sample Product 111,PX0000111,PX0000111,999,Moon Stars LMS Account,999,FOLD,DRAFT,Moon,M0001,NULL,111,PACK 10,999,ProductOwner2@MoonStars.co.uk,ProductManager2@theapsgroup.com,0.2,Charge on Production
Moon and Stars,112,SAMPLE_0112,Sample Product 112,PX0000112,PX0000112,999,Moon Stars LMS Account,999,FULL,DRAFT,Stars,M0002,NULL,112,PACK 10,999,ProductOwner3@MoonStars.co.uk,ProductManager1@theapsgroup.com,0,Charge on Production
Moon and Stars,113,SAMPLE_0113,Sample Product 113,PX0000113,PX0000113,999,Moon Stars LMS Account,999,BROC,DRAFT,Sun,M0001,NULL,113,PACK 25,999,ProductOwner1@MoonStars.co.uk,ProductManager3@theapsgroup.com,0,Charge on Production
Moon and Stars,114,SAMPLE_0114,Sample Product 114,PX0000114,PX0000114,999,Moon Stars LMS Account,999,GNPR,DRAFT,Stars,M0001,NULL,114,PACK 10,999,ProductOwner1@MoonStars.co.uk,ProductManager3@theapsgroup.com,0.2,Charge on Production
Moon and Stars,115,SAMPLE_0115,Sample Product 115,PX0000115,PX0000115,999,Moon Stars LMS Account,999,BROC,DRAFT,Stars,M0001,NULL,115,PACK 20,999,ProductOwner1@MoonStars.co.uk,ProductManager2@theapsgroup.com,0,Charge on Production
Moon and Stars,116,SAMPLE_0116,Sample Product 116,PX0000116,PX0000116,999,Moon Stars LMS Account,999,GNPR,DRAFT,Moon,M0002,NULL,116,PACK 25,999,ProductOwner3@MoonStars.co.uk,ProductManager3@theapsgroup.com,0,Charge on Production
Moon and Stars,117,SAMPLE_0117,Sample Product 117,PX0000117,PX0000117,999,Moon Stars LMS Account,999,LFLT,DRAFT,Moon,M0001,NULL,117,PACK 50,999,ProductOwner1@MoonStars.co.uk,ProductManager4@theapsgroup.com,0,Charge on Production
Moon and Stars,118,SAMPLE_0118,Sample Product 118,PX0000118,PX0000118,999,Moon Stars LMS Account,999,FULL,DRAFT,Moon,M0002,NULL,118,PACK 25,999,ProductOwner3@MoonStars.co.uk,ProductManager1@theapsgroup.com,0,Charge on Production
Moon and Stars,119,SAMPLE_0119,Sample Product 119,PX0000119,PX0000119,999,Moon Stars LMS Account,999,LABL,DRAFT,Moon,M0001,NULL,119,PACK 4,999,ProductOwner2@MoonStars.co.uk,ProductManager2@theapsgroup.com,0.2,Charge on Production
Moon and Stars,120,SAMPLE_0120,Sample Product 120,PX0000120,PX0000120,999,Moon Stars LMS Account,999,BROC,DRAFT,Moon,M0001,NULL,120,PACK 25,999,ProductOwner1@MoonStars.co.uk,ProductManager1@theapsgroup.com,0,Charge on Production
Moon and Stars,121,SAMPLE_0121,Sample Product 121,PX0000121,PX0000121,999,Moon Stars LMS Account,999,GNPR,DRAFT,Stars,M0001,NULL,121,SINGLE,999,ProductOwner2@MoonStars.co.uk,ProductManager1@theapsgroup.com,0,Charge on Production
Moon and Stars,122,SAMPLE_0122,Sample Product 122,PX0000122,PX0000122,999,Moon Stars LMS Account,999,GNPR,DRAFT,Stars,M0001,NULL,122,PACK 10,999,ProductOwner2@MoonStars.co.uk,ProductManager4@theapsgroup.com,0,Charge on Production
Moon and Stars,123,SAMPLE_0123,Sample Product 123,PX0000123,PX0000123,999,Moon Stars LMS Account,999,LABL,DRAFT,Sun,M0003,NULL,123,SINGLE,999,ProductOwner4@MoonStars.co.uk,ProductManager4@theapsgroup.com,0,Charge on Production
Moon and Stars,124,SAMPLE_0124,Sample Product 124,PX0000124,PX0000124,999,Moon Stars LMS Account,999,LFLT,DRAFT,Moon,M0001,NULL,124,PACK 250,999,ProductOwner2@MoonStars.co.uk,ProductManager4@theapsgroup.com,0.2,Charge on Production
Moon and Stars,125,SAMPLE_0125,Sample Product 125,PX0000125,PX0000125,999,Moon Stars LMS Account,999,BN,DRAFT,Stars,M0001,NULL,125,SINGLE,999,ProductOwner1@MoonStars.co.uk,ProductManager1@theapsgroup.com,0,Charge on Production
Moon and Stars,126,SAMPLE_0126,Sample Product 126,PX0000126,PX0000126,999,Moon Stars LMS Account,999,PSTR,DRAFT,Stars,M0002,NULL,126,PACK 10,999,ProductOwner3@MoonStars.co.uk,ProductManager3@theapsgroup.com,0,Charge on Production
Moon and Stars,127,SAMPLE_0127,Sample Product 127,PX0000127,PX0000127,999,Moon Stars LMS Account,999,LFLT,DRAFT,Sun,M0001,NULL,127,PACK 250,999,ProductOwner1@MoonStars.co.uk,ProductManager2@theapsgroup.com,0,Charge on Production
Moon and Stars,128,SAMPLE_0128,Sample Product 128,PX0000128,PX0000128,999,Moon Stars LMS Account,999,GNPR,DRAFT,Moon,M0001,NULL,128,PACK 3,999,ProductOwner1@MoonStars.co.uk,ProductManager3@theapsgroup.com,0.2,Charge on Production
Moon and Stars,129,SAMPLE_0129,Sample Product 129,PX0000129,PX0000129,999,Moon Stars LMS Account,999,GNPR,DRAFT,Moon,M0001,NULL,129,PACK 50,999,ProductOwner2@MoonStars.co.uk,ProductManager1@theapsgroup.com,0,Charge on Production
Moon and Stars,130,SAMPLE_0130,Sample Product 130,PX0000130,PX0000130,999,Moon Stars LMS Account,999,FORM,DRAFT,Stars,M0001,NULL,130,SINGLE,999,ProductOwner1@MoonStars.co.uk,ProductManager1@theapsgroup.com,0,Charge on Production
Moon and Stars,131,SAMPLE_0131,Sample Product 131,PX0000131,PX0000131,999,Moon Stars LMS Account,999,GNPR,DRAFT,Moon,M0001,NULL,131,SINGLE,999,ProductOwner2@MoonStars.co.uk,ProductManager2@theapsgroup.com,0.2,Charge on Production
Moon and Stars,132,SAMPLE_0132,Sample Product 132,PX0000132,PX0000132,999,Moon Stars LMS Account,999,GNPR,DRAFT,Stars,M0002,NULL,132,SINGLE,999,ProductOwner3@MoonStars.co.uk,ProductManager1@theapsgroup.com,0,Charge on Production
Moon and Stars,133,SAMPLE_0133,Sample Product 133,PX0000133,PX0000133,999,Moon Stars LMS Account,999,GNPR,DRAFT,Sun,M0001,NULL,133,SINGLE,999,ProductOwner1@MoonStars.co.uk,ProductManager3@theapsgroup.com,0,Charge on Production
Moon and Stars,134,SAMPLE_0134,Sample Product 134,PX0000134,PX0000134,999,Moon Stars LMS Account,999,GNPR,DRAFT,Sun,M0001,NULL,134,PACK 25,999,ProductOwner1@MoonStars.co.uk,ProductManager3@theapsgroup.com,0.2,Charge on Production
Moon and Stars,135,SAMPLE_0135,Sample Product 135,PX0000135,PX0000135,999,Moon Stars LMS Account,999,GNPR,DRAFT,Moon,M0001,NULL,135,SINGLE,999,ProductOwner1@MoonStars.co.uk,ProductManager2@theapsgroup.com,0,Charge on Production
Moon and Stars,136,SAMPLE_0136,Sample Product 136,PX0000136,PX0000136,999,Moon Stars LMS Account,999,GNPR,DRAFT,Stars,M0002,NULL,136,SINGLE,999,ProductOwner3@MoonStars.co.uk,ProductManager3@theapsgroup.com,0,Charge on Production
Moon and Stars,137,SAMPLE_0137,Sample Product 137,PX0000137,PX0000137,999,Moon Stars LMS Account,999,GNPR,DRAFT,Stars,M0001,NULL,137,SINGLE,999,ProductOwner1@MoonStars.co.uk,ProductManager4@theapsgroup.com,0,Charge on Production
Moon and Stars,138,SAMPLE_0138,Sample Product 138,PX0000138,PX0000138,999,Moon Stars LMS Account,999,MISC,DRAFT,Stars,M0002,NULL,138,SINGLE,999,ProductOwner3@MoonStars.co.uk,ProductManager1@theapsgroup.com,0,Charge on Production
Moon and Stars,139,SAMPLE_0139,Sample Product 139,PX0000139,PX0000139,999,Moon Stars LMS Account,999,GNPR,DRAFT,Moon,M0001,NULL,139,PACK 25,999,ProductOwner2@MoonStars.co.uk,ProductManager2@theapsgroup.com,0.2,Charge on Production
Moon and Stars,140,SAMPLE_0140,Sample Product 140,PX0000140,PX0000140,999,Moon Stars LMS Account,999,GNPR,DRAFT,Sun,M0001,NULL,140,SINGLE,999,ProductOwner1@MoonStars.co.uk,ProductManager1@theapsgroup.com,0,Charge on Production
Moon and Stars,141,SAMPLE_0141,Sample Product 141,PX0000141,PX0000141,999,Moon Stars LMS Account,999,GNPR,DRAFT,Stars,M0001,NULL,141,SINGLE,999,ProductOwner2@MoonStars.co.uk,ProductManager1@theapsgroup.com,0,Charge on Production
Moon and Stars,142,SAMPLE_0142,Sample Product 142,PX0000142,PX0000142,999,Moon Stars LMS Account,999,PAD,DRAFT,Stars,M0001,NULL,142,PACK 50,999,ProductOwner2@MoonStars.co.uk,ProductManager4@theapsgroup.com,0,Charge on Production
Moon and Stars,143,SAMPLE_0143,Sample Product 143,PX0000143,PX0000143,999,Moon Stars LMS Account,999,LFLT,DRAFT,Moon,M0003,NULL,143,PACK 20,999,ProductOwner4@MoonStars.co.uk,ProductManager4@theapsgroup.com,0,Charge on Production
Moon and Stars,144,SAMPLE_0144,Sample Product 144,PX0000144,PX0000144,999,Moon Stars LMS Account,999,PAD,DRAFT,Stars,M0001,NULL,144,PACK 20,999,ProductOwner2@MoonStars.co.uk,ProductManager4@theapsgroup.com,0.2,Charge on Production
Moon and Stars,145,SAMPLE_0145,Sample Product 145,PX0000145,PX0000145,999,Moon Stars LMS Account,999,BROC,DRAFT,Moon,M0001,NULL,145,PACK 50,999,ProductOwner1@MoonStars.co.uk,ProductManager1@theapsgroup.com,0,Charge on Production
Moon and Stars,146,SAMPLE_0146,Sample Product 146,PX0000146,PX0000146,999,Moon Stars LMS Account,999,PAD,DRAFT,Sun,M0002,NULL,146,PACK 20,999,ProductOwner3@MoonStars.co.uk,ProductManager3@theapsgroup.com,0,Charge on Production
Moon and Stars,147,SAMPLE_0147,Sample Product 147,PX0000147,PX0000147,999,Moon Stars LMS Account,999,LFLT,DRAFT,Stars,M0001,NULL,147,PACK 20,999,ProductOwner1@MoonStars.co.uk,ProductManager2@theapsgroup.com,0,Charge on Production
Moon and Stars,148,SAMPLE_0148,Sample Product 148,PX0000148,PX0000148,999,Moon Stars LMS Account,999,LFLT,DRAFT,Stars,M0001,NULL,148,PACK 50,999,ProductOwner1@MoonStars.co.uk,ProductManager3@theapsgroup.com,0.2,Charge on Production
Moon and Stars,149,SAMPLE_0149,Sample Product 149,PX0000149,PX0000149,999,Moon Stars LMS Account,999,LFLT,DRAFT,Sun,M0001,NULL,149,PACK 20,999,ProductOwner2@MoonStars.co.uk,ProductManager1@theapsgroup.com,0,Charge on Production
Moon and Stars,150,SAMPLE_0150,Sample Product 150,PX0000150,PX0000150,999,Moon Stars LMS Account,999,PAD,DRAFT,Stars,M0001,NULL,150,PACK 20,999,ProductOwner1@MoonStars.co.uk,ProductManager1@theapsgroup.com,0,Charge on Production
Moon and Stars,151,SAMPLE_0151,Sample Product 151,PX0000151,PX0000151,999,Moon Stars LMS Account,999,LFLT,DRAFT,Stars,M0001,NULL,151,PACK 50,999,ProductOwner2@MoonStars.co.uk,ProductManager2@theapsgroup.com,0.2,Charge on Production
Moon and Stars,152,SAMPLE_0152,Sample Product 152,PX0000152,PX0000152,999,Moon Stars LMS Account,999,PROM,DRAFT,Stars,M0002,NULL,152,PACK 50,999,ProductOwner3@MoonStars.co.uk,ProductManager1@theapsgroup.com,0,Charge on Production
Moon and Stars,153,SAMPLE_0153,Sample Product 153,PX0000153,PX0000153,999,Moon Stars LMS Account,999,PAD,DRAFT,Sun,M0001,NULL,153,PACK 20,999,ProductOwner1@MoonStars.co.uk,ProductManager3@theapsgroup.com,0,Charge on Production
Moon and Stars,154,SAMPLE_0154,Sample Product 154,PX0000154,PX0000154,999,Moon Stars LMS Account,999,GNPR,DRAFT,Moon,M0001,NULL,154,PACK 50,999,ProductOwner1@MoonStars.co.uk,ProductManager3@theapsgroup.com,0.2,Charge on Production
Moon and Stars,155,SAMPLE_0155,Sample Product 155,PX0000155,PX0000155,999,Moon Stars LMS Account,999,GNPR,DRAFT,Stars,M0001,NULL,155,PACK 50,999,ProductOwner1@MoonStars.co.uk,ProductManager2@theapsgroup.com,0,Charge on Production
Moon and Stars,156,SAMPLE_0156,Sample Product 156,PX0000156,PX0000156,999,Moon Stars LMS Account,999,GNPR,DRAFT,Sun,M0002,NULL,156,PACK 50,999,ProductOwner3@MoonStars.co.uk,ProductManager3@theapsgroup.com,0,Charge on Production
Moon and Stars,157,SAMPLE_0157,Sample Product 157,PX0000157,PX0000157,999,Moon Stars LMS Account,999,GNPR,DRAFT,Stars,M0001,NULL,157,PACK 20,999,ProductOwner1@MoonStars.co.uk,ProductManager4@theapsgroup.com,0,Charge on Production
Moon and Stars,158,SAMPLE_0158,Sample Product 158,PX0000158,PX0000158,999,Moon Stars LMS Account,999,PAD,DRAFT,Sun,M0002,NULL,158,PACK 20,999,ProductOwner3@MoonStars.co.uk,ProductManager1@theapsgroup.com,0,Charge on Production
Moon and Stars,159,SAMPLE_0159,Sample Product 159,PX0000159,PX0000159,999,Moon Stars LMS Account,999,GNPR,DRAFT,Stars,M0001,NULL,159,PACK 50,999,ProductOwner2@MoonStars.co.uk,ProductManager2@theapsgroup.com,0.2,Charge on Production
Moon and Stars,160,SAMPLE_0160,Sample Product 160,PX0000160,PX0000160,999,Moon Stars LMS Account,999,GNPR,DRAFT,Moon,M0001,NULL,160,PACK 50,999,ProductOwner1@MoonStars.co.uk,ProductManager1@theapsgroup.com,0,Charge on Production
Moon and Stars,161,SAMPLE_0161,Sample Product 161,PX0000161,PX0000161,999,Moon Stars LMS Account,999,GNPR,DRAFT,Stars,M0001,NULL,161,PACK 50,999,ProductOwner2@MoonStars.co.uk,ProductManager1@theapsgroup.com,0,Charge on Production
Moon and Stars,162,SAMPLE_0162,Sample Product 162,PX0000162,PX0000162,999,Moon Stars LMS Account,999,PSTR,DRAFT,Stars,M0001,NULL,162,SINGLE,999,ProductOwner2@MoonStars.co.uk,ProductManager4@theapsgroup.com,0,Charge on Production
Moon and Stars,163,SAMPLE_0163,Sample Product 163,PX0000163,PX0000163,999,Moon Stars LMS Account,999,PSTR,DRAFT,Sun,M0003,NULL,163,PACK 10,999,ProductOwner4@MoonStars.co.uk,ProductManager4@theapsgroup.com,0,Charge on Production
Moon and Stars,164,SAMPLE_0164,Sample Product 164,PX0000164,PX0000164,999,Moon Stars LMS Account,999,BN,DRAFT,Stars,M0001,NULL,164,SINGLE,999,ProductOwner2@MoonStars.co.uk,ProductManager4@theapsgroup.com,0.2,Charge on Production
Moon and Stars,165,SAMPLE_0165,Sample Product 165,PX0000165,PX0000165,999,Moon Stars LMS Account,999,GNPR,DRAFT,Stars,M0001,NULL,165,SINGLE,999,ProductOwner1@MoonStars.co.uk,ProductManager1@theapsgroup.com,0,Charge on Production
Moon and Stars,166,SAMPLE_0166,Sample Product 166,PX0000166,PX0000166,999,Moon Stars LMS Account,999,GNPR,DRAFT,Sun,M0002,NULL,166,PACK 25,999,ProductOwner3@MoonStars.co.uk,ProductManager3@theapsgroup.com,0,Charge on Production
Moon and Stars,167,SAMPLE_0167,Sample Product 167,PX0000167,PX0000167,999,Moon Stars LMS Account,999,GNPR,DRAFT,Moon,M0001,NULL,167,SINGLE,999,ProductOwner1@MoonStars.co.uk,ProductManager2@theapsgroup.com,0,Charge on Production
Moon and Stars,168,SAMPLE_0168,Sample Product 168,PX0000168,PX0000168,999,Moon Stars LMS Account,999,GNPR,DRAFT,Moon,M0001,NULL,168,SINGLE,999,ProductOwner1@MoonStars.co.uk,ProductManager3@theapsgroup.com,0.2,Charge on Production
Moon and Stars,169,SAMPLE_0169,Sample Product 169,PX0000169,PX0000169,999,Moon Stars LMS Account,999,GNPR,DRAFT,Sun,M0001,NULL,169,PACK 10,999,ProductOwner2@MoonStars.co.uk,ProductManager1@theapsgroup.com,0,Charge on Production
Moon and Stars,170,SAMPLE_0170,Sample Product 170,PX0000170,PX0000170,999,Moon Stars LMS Account,999,GNPR,DRAFT,Sun,M0001,NULL,170,SINGLE,999,ProductOwner1@MoonStars.co.uk,ProductManager1@theapsgroup.com,0,Charge on Production
Moon and Stars,171,SAMPLE_0171,Sample Product 171,PX0000171,PX0000171,999,Moon Stars LMS Account,999,GNPR,DRAFT,Sun,M0001,NULL,171,SINGLE,999,ProductOwner2@MoonStars.co.uk,ProductManager2@theapsgroup.com,0.2,Charge on Production
Moon and Stars,172,SAMPLE_0172,Sample Product 172,PX0000172,PX0000172,999,Moon Stars LMS Account,999,GNPR,DRAFT,Sun,M0002,NULL,172,SINGLE,999,ProductOwner3@MoonStars.co.uk,ProductManager1@theapsgroup.com,0,Charge on Production
Moon and Stars,173,SAMPLE_0173,Sample Product 173,PX0000173,PX0000173,999,Moon Stars LMS Account,999,GNPR,DRAFT,Moon,M0001,NULL,173,PACK 5,999,ProductOwner1@MoonStars.co.uk,ProductManager3@theapsgroup.com,0,Charge on Production
Moon and Stars,174,SAMPLE_0174,Sample Product 174,PX0000174,PX0000174,999,Moon Stars LMS Account,999,LTHD,DRAFT,Moon,M0001,NULL,174,SINGLE,999,ProductOwner1@MoonStars.co.uk,ProductManager3@theapsgroup.com,0.2,Charge on Production
Moon and Stars,175,SAMPLE_0175,Sample Product 175,PX0000175,PX0000175,999,Moon Stars LMS Account,999,LTHD,DRAFT,Moon,M0001,NULL,175,PACK 500,999,ProductOwner1@MoonStars.co.uk,ProductManager2@theapsgroup.com,0,Charge on Production
Moon and Stars,176,SAMPLE_0176,Sample Product 176,PX0000176,PX0000176,999,Moon Stars LMS Account,999,GNPR,DRAFT,Stars,M0002,NULL,176,SINGLE,999,ProductOwner3@MoonStars.co.uk,ProductManager3@theapsgroup.com,0,Charge on Production
Moon and Stars,177,SAMPLE_0177,Sample Product 177,PX0000177,PX0000177,999,Moon Stars LMS Account,999,GNPR,DRAFT,Moon,M0001,NULL,177,SINGLE,999,ProductOwner1@MoonStars.co.uk,ProductManager4@theapsgroup.com,0,Charge on Production
Moon and Stars,178,SAMPLE_0178,Sample Product 178,PX0000178,PX0000178,999,Moon Stars LMS Account,999,PSTR,DRAFT,Stars,M0002,NULL,178,SINGLE,999,ProductOwner3@MoonStars.co.uk,ProductManager1@theapsgroup.com,0,Charge on Production
Moon and Stars,179,SAMPLE_0179,Sample Product 179,PX0000179,PX0000179,999,Moon Stars LMS Account,999,PSTR,DRAFT,Moon,M0001,NULL,179,SINGLE,999,ProductOwner2@MoonStars.co.uk,ProductManager2@theapsgroup.com,0.2,Charge on Production
Moon and Stars,180,SAMPLE_0180,Sample Product 180,PX0000180,PX0000180,999,Moon Stars LMS Account,999,PSTR,DRAFT,Stars,M0001,NULL,180,SINGLE,999,ProductOwner1@MoonStars.co.uk,ProductManager1@theapsgroup.com,0,Charge on Production
Moon and Stars,181,SAMPLE_0181,Sample Product 181,PX0000181,PX0000181,999,Moon Stars LMS Account,999,PSTR,DRAFT,Moon,M0001,NULL,181,SINGLE,999,ProductOwner2@MoonStars.co.uk,ProductManager1@theapsgroup.com,0,Charge on Production
Moon and Stars,182,SAMPLE_0182,Sample Product 182,PX0000182,PX0000182,999,Moon Stars LMS Account,999,PSTR,DRAFT,Stars,M0001,NULL,182,SINGLE,999,ProductOwner2@MoonStars.co.uk,ProductManager4@theapsgroup.com,0,Charge on Production
Moon and Stars,183,SAMPLE_0183,Sample Product 183,PX0000183,PX0000183,999,Moon Stars LMS Account,999,PSTR,DRAFT,Sun,M0003,NULL,183,SINGLE,999,ProductOwner4@MoonStars.co.uk,ProductManager4@theapsgroup.com,0,Charge on Production
Moon and Stars,184,SAMPLE_0184,Sample Product 184,PX0000184,PX0000184,999,Moon Stars LMS Account,999,PSTR,DRAFT,Stars,M0001,NULL,184,SINGLE,999,ProductOwner2@MoonStars.co.uk,ProductManager4@theapsgroup.com,0.2,Charge on Production
Moon and Stars,185,SAMPLE_0185,Sample Product 185,PX0000185,PX0000185,999,Moon Stars LMS Account,999,PSTR,DRAFT,Stars,M0001,NULL,185,SINGLE,999,ProductOwner1@MoonStars.co.uk,ProductManager1@theapsgroup.com,0,Charge on Production
Moon and Stars,186,SAMPLE_0186,Sample Product 186,PX0000186,PX0000186,999,Moon Stars LMS Account,999,PSTR,DRAFT,Sun,M0002,NULL,186,SINGLE,999,ProductOwner3@MoonStars.co.uk,ProductManager3@theapsgroup.com,0,Charge on Production
Moon and Stars,187,SAMPLE_0187,Sample Product 187,PX0000187,PX0000187,999,Moon Stars LMS Account,999,PSTR,DRAFT,Sun,M0001,NULL,187,SINGLE,999,ProductOwner1@MoonStars.co.uk,ProductManager2@theapsgroup.com,0,Charge on Production
Moon and Stars,188,SAMPLE_0188,Sample Product 188,PX0000188,PX0000188,999,Moon Stars LMS Account,999,PSTR,DRAFT,Stars,M0001,NULL,188,SINGLE,999,ProductOwner1@MoonStars.co.uk,ProductManager3@theapsgroup.com,0.2,Charge on Production
Moon and Stars,189,SAMPLE_0189,Sample Product 189,PX0000189,PX0000189,999,Moon Stars LMS Account,999,PSTR,DRAFT,Moon,M0001,NULL,189,SINGLE,999,ProductOwner2@MoonStars.co.uk,ProductManager1@theapsgroup.com,0,Charge on Production
Moon and Stars,190,SAMPLE_0190,Sample Product 190,PX0000190,PX0000190,999,Moon Stars LMS Account,999,PSTR,DRAFT,Sun,M0001,NULL,190,SINGLE,999,ProductOwner1@MoonStars.co.uk,ProductManager1@theapsgroup.com,0,Charge on Production
Moon and Stars,191,SAMPLE_0191,Sample Product 191,PX0000191,PX0000191,999,Moon Stars LMS Account,999,PSTR,DRAFT,Moon,M0001,NULL,191,SINGLE,999,ProductOwner2@MoonStars.co.uk,ProductManager2@theapsgroup.com,0.2,Charge on Production
Moon and Stars,192,SAMPLE_0192,Sample Product 192,PX0000192,PX0000192,999,Moon Stars LMS Account,999,PSTR,DRAFT,Sun,M0002,NULL,192,SINGLE,999,ProductOwner3@MoonStars.co.uk,ProductManager1@theapsgroup.com,0,Charge on Production
Moon and Stars,193,SAMPLE_0193,Sample Product 193,PX0000193,PX0000193,999,Moon Stars LMS Account,999,PSTR,DRAFT,Stars,M0001,NULL,193,SINGLE,999,ProductOwner1@MoonStars.co.uk,ProductManager3@theapsgroup.com,0,Charge on Production
Moon and Stars,194,SAMPLE_0194,Sample Product 194,PX0000194,PX0000194,999,Moon Stars LMS Account,999,PSTR,DRAFT,Sun,M0001,NULL,194,SINGLE,999,ProductOwner1@MoonStars.co.uk,ProductManager3@theapsgroup.com,0.2,Charge on Production
Moon and Stars,195,SAMPLE_0195,Sample Product 195,PX0000195,PX0000195,999,Moon Stars LMS Account,999,PSTR,DRAFT,Sun,M0001,NULL,195,SINGLE,999,ProductOwner1@MoonStars.co.uk,ProductManager2@theapsgroup.com,0,Charge on Production
Moon and Stars,196,SAMPLE_0196,Sample Product 196,PX0000196,PX0000196,999,Moon Stars LMS Account,999,PSTR,DRAFT,Sun,M0002,NULL,196,SINGLE,999,ProductOwner3@MoonStars.co.uk,ProductManager3@theapsgroup.com,0,Charge on Production
Moon and Stars,197,SAMPLE_0197,Sample Product 197,PX0000197,PX0000197,999,Moon Stars LMS Account,999,PSTR,DRAFT,Stars,M0001,NULL,197,SINGLE,999,ProductOwner1@MoonStars.co.uk,ProductManager4@theapsgroup.com,0,Charge on Production
Moon and Stars,198,SAMPLE_0198,Sample Product 198,PX0000198,PX0000198,999,Moon Stars LMS Account,999,PSTR,DRAFT,Moon,M0002,NULL,198,SINGLE,999,ProductOwner3@MoonStars.co.uk,ProductManager1@theapsgroup.com,0,Charge on Production
Moon and Stars,199,SAMPLE_0199,Sample Product 199,PX0000199,PX0000199,999,Moon Stars LMS Account,999,PSTR,DRAFT,Moon,M0001,NULL,199,SINGLE,999,ProductOwner2@MoonStars.co.uk,ProductManager2@theapsgroup.com,0.2,Charge on Production
Moon and Stars,200,SAMPLE_0200,Sample Product 200,PX0000200,PX0000200,999,Moon Stars LMS Account,999,PSTR,DRAFT,Sun,M0001,NULL,200,SINGLE,999,ProductOwner1@MoonStars.co.uk,ProductManager1@theapsgroup.com,0,Charge on Production
Moon and Stars,201,SAMPLE_0201,Sample Product 201,PX0000201,PX0000201,999,Moon Stars LMS Account,999,LABL,DRAFT,Sun,M0001,NULL,201,SINGLE,999,ProductOwner2@MoonStars.co.uk,ProductManager1@theapsgroup.com,0,Charge on Production
Moon and Stars,202,SAMPLE_0202,Sample Product 202,PX0000202,PX0000202,999,Moon Stars LMS Account,999,LABL,DRAFT,Sun,M0001,NULL,202,SINGLE,999,ProductOwner2@MoonStars.co.uk,ProductManager4@theapsgroup.com,0,Charge on Production
Moon and Stars,203,SAMPLE_0203,Sample Product 203,PX0000203,PX0000203,999,Moon Stars LMS Account,999,PSTR,DRAFT,Sun,M0003,NULL,203,SINGLE,999,ProductOwner4@MoonStars.co.uk,ProductManager4@theapsgroup.com,0,Charge on Production
Moon and Stars,204,SAMPLE_0204,Sample Product 204,PX0000204,PX0000204,999,Moon Stars LMS Account,999,PSTR,DRAFT,Moon,M0001,NULL,204,SINGLE,999,ProductOwner2@MoonStars.co.uk,ProductManager4@theapsgroup.com,0.2,Charge on Production
Moon and Stars,205,SAMPLE_0205,Sample Product 205,PX0000205,PX0000205,999,Moon Stars LMS Account,999,BN,DRAFT,Sun,M0001,NULL,205,SINGLE,999,ProductOwner1@MoonStars.co.uk,ProductManager1@theapsgroup.com,0,Charge on Production
Moon and Stars,206,SAMPLE_0206,Sample Product 206,PX0000206,PX0000206,999,Moon Stars LMS Account,999,PSTR,DRAFT,Sun,M0002,NULL,206,SINGLE,999,ProductOwner3@MoonStars.co.uk,ProductManager3@theapsgroup.com,0,Charge on Production
Moon and Stars,207,SAMPLE_0207,Sample Product 207,PX0000207,PX0000207,999,Moon Stars LMS Account,999,LFLT,DRAFT,Moon,M0001,NULL,207,SINGLE,999,ProductOwner1@MoonStars.co.uk,ProductManager2@theapsgroup.com,0,Charge on Production
Moon and Stars,208,SAMPLE_0208,Sample Product 208,PX0000208,PX0000208,999,Moon Stars LMS Account,999,GNPR,DRAFT,Moon,M0001,NULL,208,PACK 5,999,ProductOwner1@MoonStars.co.uk,ProductManager3@theapsgroup.com,0.2,Charge on Production
Moon and Stars,209,SAMPLE_0209,Sample Product 209,PX0000209,PX0000209,999,Moon Stars LMS Account,999,GNPR,DRAFT,Moon,M0001,NULL,209,PACK 5,999,ProductOwner2@MoonStars.co.uk,ProductManager1@theapsgroup.com,0,Charge on Production
Moon and Stars,210,SAMPLE_0210,Sample Product 210,PX0000210,PX0000210,999,Moon Stars LMS Account,999,FORM,DRAFT,Stars,M0001,NULL,210,SINGLE,999,ProductOwner1@MoonStars.co.uk,ProductManager1@theapsgroup.com,0,Charge on Production
Moon and Stars,211,SAMPLE_0211,Sample Product 211,PX0000211,PX0000211,999,Moon Stars LMS Account,999,FOLD,DRAFT,Sun,M0001,NULL,211,SINGLE,999,ProductOwner2@MoonStars.co.uk,ProductManager2@theapsgroup.com,0.2,Charge on Production
Moon and Stars,212,SAMPLE_0212,Sample Product 212,PX0000212,PX0000212,999,Moon Stars LMS Account,999,LABL,DRAFT,Stars,M0002,NULL,212,SINGLE,999,ProductOwner3@MoonStars.co.uk,ProductManager1@theapsgroup.com,0,Charge on Production
Moon and Stars,213,SAMPLE_0213,Sample Product 213,PX0000213,PX0000213,999,Moon Stars LMS Account,999,LABL,DRAFT,Sun,M0001,NULL,213,SINGLE,999,ProductOwner1@MoonStars.co.uk,ProductManager3@theapsgroup.com,0,Charge on Production
Moon and Stars,214,SAMPLE_0214,Sample Product 214,PX0000214,PX0000214,999,Moon Stars LMS Account,999,GNPR,DRAFT,Moon,M0001,NULL,214,SINGLE,999,ProductOwner1@MoonStars.co.uk,ProductManager3@theapsgroup.com,0.2,Charge on Production
Moon and Stars,215,SAMPLE_0215,Sample Product 215,PX0000215,PX0000215,999,Moon Stars LMS Account,999,GNPR,DRAFT,Stars,M0001,NULL,215,SINGLE,999,ProductOwner1@MoonStars.co.uk,ProductManager2@theapsgroup.com,0,Charge on Production
Moon and Stars,216,SAMPLE_0216,Sample Product 216,PX0000216,PX0000216,999,Moon Stars LMS Account,999,GNPR,DRAFT,Moon,M0002,NULL,216,SINGLE,999,ProductOwner3@MoonStars.co.uk,ProductManager3@theapsgroup.com,0,Charge on Production
Moon and Stars,217,SAMPLE_0217,Sample Product 217,PX0000217,PX0000217,999,Moon Stars LMS Account,999,GNPR,DRAFT,Sun,M0001,NULL,217,SINGLE,999,ProductOwner1@MoonStars.co.uk,ProductManager4@theapsgroup.com,0,Charge on Production
Moon and Stars,218,SAMPLE_0218,Sample Product 218,PX0000218,PX0000218,999,Moon Stars LMS Account,999,GNPR,DRAFT,Stars,M0002,NULL,218,SINGLE,999,ProductOwner3@MoonStars.co.uk,ProductManager1@theapsgroup.com,0,Charge on Production
Moon and Stars,219,SAMPLE_0219,Sample Product 219,PX0000219,PX0000219,999,Moon Stars LMS Account,999,GNPR,DRAFT,Sun,M0001,NULL,219,SINGLE,999,ProductOwner2@MoonStars.co.uk,ProductManager2@theapsgroup.com,0.2,Charge on Production
Moon and Stars,220,SAMPLE_0220,Sample Product 220,PX0000220,PX0000220,999,Moon Stars LMS Account,999,GNPR,DRAFT,Moon,M0001,NULL,220,SINGLE,999,ProductOwner1@MoonStars.co.uk,ProductManager1@theapsgroup.com,0,Charge on Production
Moon and Stars,221,SAMPLE_0221,Sample Product 221,PX0000221,PX0000221,999,Moon Stars LMS Account,999,LFLT,DRAFT,Sun,M0001,NULL,221,PACK 15,999,ProductOwner2@MoonStars.co.uk,ProductManager1@theapsgroup.com,0,Charge on Production
Moon and Stars,222,SAMPLE_0222,Sample Product 222,PX0000222,PX0000222,999,Moon Stars LMS Account,999,GNPR,DRAFT,Sun,M0001,NULL,222,SINGLE,999,ProductOwner2@MoonStars.co.uk,ProductManager4@theapsgroup.com,0,Charge on Production
Moon and Stars,223,SAMPLE_0223,Sample Product 223,PX0000223,PX0000223,999,Moon Stars LMS Account,999,GNPR,DRAFT,Stars,M0003,NULL,223,SINGLE,999,ProductOwner4@MoonStars.co.uk,ProductManager4@theapsgroup.com,0,Charge on Production
Moon and Stars,224,SAMPLE_0224,Sample Product 224,PX0000224,PX0000224,999,Moon Stars LMS Account,999,GNPR,DRAFT,Stars,M0001,NULL,224,SINGLE,999,ProductOwner2@MoonStars.co.uk,ProductManager4@theapsgroup.com,0.2,Charge on Production
Moon and Stars,225,SAMPLE_0225,Sample Product 225,PX0000225,PX0000225,999,Moon Stars LMS Account,999,GNPR,DRAFT,Sun,M0001,NULL,225,SINGLE,999,ProductOwner1@MoonStars.co.uk,ProductManager1@theapsgroup.com,0,Charge on Production
Moon and Stars,226,SAMPLE_0226,Sample Product 226,PX0000226,PX0000226,999,Moon Stars LMS Account,999,GNPR,DRAFT,Moon,M0002,NULL,226,SINGLE,999,ProductOwner3@MoonStars.co.uk,ProductManager3@theapsgroup.com,0,Charge on Production
Moon and Stars,227,SAMPLE_0227,Sample Product 227,PX0000227,PX0000227,999,Moon Stars LMS Account,999,GNPR,DRAFT,Sun,M0001,NULL,227,SINGLE,999,ProductOwner1@MoonStars.co.uk,ProductManager2@theapsgroup.com,0,Charge on Production
Moon and Stars,228,SAMPLE_0228,Sample Product 228,PX0000228,PX0000228,999,Moon Stars LMS Account,999,GNPR,DRAFT,Stars,M0001,NULL,228,SINGLE,999,ProductOwner1@MoonStars.co.uk,ProductManager3@theapsgroup.com,0.2,Charge on Production
Moon and Stars,229,SAMPLE_0229,Sample Product 229,PX0000229,PX0000229,999,Moon Stars LMS Account,999,GNPR,DRAFT,Sun,M0001,NULL,229,SINGLE,999,ProductOwner2@MoonStars.co.uk,ProductManager1@theapsgroup.com,0,Charge on Production
Moon and Stars,230,SAMPLE_0230,Sample Product 230,PX0000230,PX0000230,999,Moon Stars LMS Account,999,GNPR,DRAFT,Sun,M0001,NULL,230,SINGLE,999,ProductOwner1@MoonStars.co.uk,ProductManager1@theapsgroup.com,0,Charge on Production
Moon and Stars,231,SAMPLE_0231,Sample Product 231,PX0000231,PX0000231,999,Moon Stars LMS Account,999,GNPR,DRAFT,Sun,M0001,NULL,231,SINGLE,999,ProductOwner2@MoonStars.co.uk,ProductManager2@theapsgroup.com,0.2,Charge on Production
Moon and Stars,232,SAMPLE_0232,Sample Product 232,PX0000232,PX0000232,999,Moon Stars LMS Account,999,GNPR,DRAFT,Sun,M0002,NULL,232,SINGLE,999,ProductOwner3@MoonStars.co.uk,ProductManager1@theapsgroup.com,0,Charge on Production
Moon and Stars,233,SAMPLE_0233,Sample Product 233,PX0000233,PX0000233,999,Moon Stars LMS Account,999,GNPR,DRAFT,Moon,M0001,NULL,233,SINGLE,999,ProductOwner1@MoonStars.co.uk,ProductManager3@theapsgroup.com,0,Charge on Production
Moon and Stars,234,SAMPLE_0234,Sample Product 234,PX0000234,PX0000234,999,Moon Stars LMS Account,999,GNPR,DRAFT,Stars,M0001,NULL,234,SINGLE,999,ProductOwner1@MoonStars.co.uk,ProductManager3@theapsgroup.com,0.2,Charge on Production
Moon and Stars,235,SAMPLE_0235,Sample Product 235,PX0000235,PX0000235,999,Moon Stars LMS Account,999,GNPR,DRAFT,Moon,M0001,NULL,235,SINGLE,999,ProductOwner1@MoonStars.co.uk,ProductManager2@theapsgroup.com,0,Charge on Production
Moon and Stars,236,SAMPLE_0236,Sample Product 236,PX0000236,PX0000236,999,Moon Stars LMS Account,999,GNPR,DRAFT,Moon,M0002,NULL,236,SINGLE,999,ProductOwner3@MoonStars.co.uk,ProductManager3@theapsgroup.com,0,Charge on Production
Moon and Stars,237,SAMPLE_0237,Sample Product 237,PX0000237,PX0000237,999,Moon Stars LMS Account,999,GNPR,DRAFT,Stars,M0001,NULL,237,SINGLE,999,ProductOwner1@MoonStars.co.uk,ProductManager4@theapsgroup.com,0,Charge on Production
Moon and Stars,238,SAMPLE_0238,Sample Product 238,PX0000238,PX0000238,999,Moon Stars LMS Account,999,GNPR,DRAFT,Sun,M0002,NULL,238,SINGLE,999,ProductOwner3@MoonStars.co.uk,ProductManager1@theapsgroup.com,0,Charge on Production
Moon and Stars,239,SAMPLE_0239,Sample Product 239,PX0000239,PX0000239,999,Moon Stars LMS Account,999,GNPR,DRAFT,Sun,M0001,NULL,239,SINGLE,999,ProductOwner2@MoonStars.co.uk,ProductManager2@theapsgroup.com,0.2,Charge on Production
Moon and Stars,240,SAMPLE_0240,Sample Product 240,PX0000240,PX0000240,999,Moon Stars LMS Account,999,GNPR,DRAFT,Moon,M0001,NULL,240,SINGLE,999,ProductOwner1@MoonStars.co.uk,ProductManager1@theapsgroup.com,0,Charge on Production
Moon and Stars,241,SAMPLE_0241,Sample Product 241,PX0000241,PX0000241,999,Moon Stars LMS Account,999,GNPR,DRAFT,Stars,M0001,NULL,241,SINGLE,999,ProductOwner2@MoonStars.co.uk,ProductManager1@theapsgroup.com,0,Charge on Production
Moon and Stars,242,SAMPLE_0242,Sample Product 242,PX0000242,PX0000242,999,Moon Stars LMS Account,999,GNPR,DRAFT,Stars,M0001,NULL,242,SINGLE,999,ProductOwner2@MoonStars.co.uk,ProductManager4@theapsgroup.com,0,Charge on Production
Moon and Stars,243,SAMPLE_0243,Sample Product 243,PX0000243,PX0000243,999,Moon Stars LMS Account,999,FOLD,DRAFT,Moon,M0003,NULL,243,SINGLE,999,ProductOwner4@MoonStars.co.uk,ProductManager4@theapsgroup.com,0,Charge on Production
Moon and Stars,244,SAMPLE_0244,Sample Product 244,PX0000244,PX0000244,999,Moon Stars LMS Account,999,GNPR,DRAFT,Stars,M0001,NULL,244,SINGLE,999,ProductOwner2@MoonStars.co.uk,ProductManager4@theapsgroup.com,0.2,Charge on Production
Moon and Stars,245,SAMPLE_0245,Sample Product 245,PX0000245,PX0000245,999,Moon Stars LMS Account,999,PSTR,DRAFT,Moon,M0001,NULL,245,SINGLE,999,ProductOwner1@MoonStars.co.uk,ProductManager1@theapsgroup.com,0,Charge on Production
Moon and Stars,246,SAMPLE_0246,Sample Product 246,PX0000246,PX0000246,999,Moon Stars LMS Account,999,PSTR,DRAFT,Sun,M0002,NULL,246,SINGLE,999,ProductOwner3@MoonStars.co.uk,ProductManager3@theapsgroup.com,0,Charge on Production
Moon and Stars,247,SAMPLE_0247,Sample Product 247,PX0000247,PX0000247,999,Moon Stars LMS Account,999,PSTR,DRAFT,Sun,M0001,NULL,247,SINGLE,999,ProductOwner1@MoonStars.co.uk,ProductManager2@theapsgroup.com,0,Charge on Production
Moon and Stars,248,SAMPLE_0248,Sample Product 248,PX0000248,PX0000248,999,Moon Stars LMS Account,999,PSTR,DRAFT,Stars,M0001,NULL,248,SINGLE,999,ProductOwner1@MoonStars.co.uk,ProductManager3@theapsgroup.com,0.2,Charge on Production
Moon and Stars,249,SAMPLE_0249,Sample Product 249,PX0000249,PX0000249,999,Moon Stars LMS Account,999,PSTR,DRAFT,Sun,M0001,NULL,249,SINGLE,999,ProductOwner2@MoonStars.co.uk,ProductManager1@theapsgroup.com,0,Charge on Production
Moon and Stars,250,SAMPLE_0250,Sample Product 250,PX0000250,PX0000250,999,Moon Stars LMS Account,999,PSTR,DRAFT,Stars,M0001,NULL,250,SINGLE,999,ProductOwner1@MoonStars.co.uk,ProductManager1@theapsgroup.com,0,Charge on Production
Moon and Stars,251,SAMPLE_0251,Sample Product 251,PX0000251,PX0000251,999,Moon Stars LMS Account,999,PSTR,DRAFT,Moon,M0001,NULL,251,SINGLE,999,ProductOwner2@MoonStars.co.uk,ProductManager2@theapsgroup.com,0.2,Charge on Production
Moon and Stars,252,SAMPLE_0252,Sample Product 252,PX0000252,PX0000252,999,Moon Stars LMS Account,999,PSTR,DRAFT,Stars,M0002,NULL,252,SINGLE,999,ProductOwner3@MoonStars.co.uk,ProductManager1@theapsgroup.com,0,Charge on Production
Moon and Stars,253,SAMPLE_0253,Sample Product 253,PX0000253,PX0000253,999,Moon Stars LMS Account,999,PSTR,DRAFT,Moon,M0001,NULL,253,SINGLE,999,ProductOwner1@MoonStars.co.uk,ProductManager3@theapsgroup.com,0,Charge on Production
Moon and Stars,254,SAMPLE_0254,Sample Product 254,PX0000254,PX0000254,999,Moon Stars LMS Account,999,PSTR,DRAFT,Moon,M0001,NULL,254,SINGLE,999,ProductOwner1@MoonStars.co.uk,ProductManager3@theapsgroup.com,0.2,Charge on Production
Moon and Stars,255,SAMPLE_0255,Sample Product 255,PX0000255,PX0000255,999,Moon Stars LMS Account,999,PSTR,DRAFT,Sun,M0001,NULL,255,SINGLE,999,ProductOwner1@MoonStars.co.uk,ProductManager2@theapsgroup.com,0,Charge on Production
Moon and Stars,256,SAMPLE_0256,Sample Product 256,PX0000256,PX0000256,999,Moon Stars LMS Account,999,POSA,DRAFT,Moon,M0002,NULL,256,SINGLE,999,ProductOwner3@MoonStars.co.uk,ProductManager3@theapsgroup.com,0,Charge on Production
Moon and Stars,257,SAMPLE_0257,Sample Product 257,PX0000257,PX0000257,999,Moon Stars LMS Account,999,POSA,DRAFT,Moon,M0001,NULL,257,SINGLE,999,ProductOwner1@MoonStars.co.uk,ProductManager4@theapsgroup.com,0,Charge on Production
Moon and Stars,258,SAMPLE_0258,Sample Product 258,PX0000258,PX0000258,999,Moon Stars LMS Account,999,FORM,DRAFT,Moon,M0002,NULL,258,SINGLE,999,ProductOwner3@MoonStars.co.uk,ProductManager1@theapsgroup.com,0,Charge on Production
Moon and Stars,259,SAMPLE_0259,Sample Product 259,PX0000259,PX0000259,999,Moon Stars LMS Account,999,PSTR,DRAFT,Moon,M0001,NULL,259,PACK 10,999,ProductOwner2@MoonStars.co.uk,ProductManager2@theapsgroup.com,0.2,Charge on Production
Moon and Stars,260,SAMPLE_0260,Sample Product 260,PX0000260,PX0000260,999,Moon Stars LMS Account,999,PSTR,DRAFT,Moon,M0001,NULL,260,PACK 5,999,ProductOwner1@MoonStars.co.uk,ProductManager1@theapsgroup.com,0,Charge on Production
Moon and Stars,261,SAMPLE_0261,Sample Product 261,PX0000261,PX0000261,999,Moon Stars LMS Account,999,PSTR,DRAFT,Moon,M0001,NULL,261,PACK 10,999,ProductOwner2@MoonStars.co.uk,ProductManager1@theapsgroup.com,0,Charge on Production
Moon and Stars,262,SAMPLE_0262,Sample Product 262,PX0000262,PX0000262,999,Moon Stars LMS Account,999,PSTR,DRAFT,Sun,M0001,NULL,262,PACK 10,999,ProductOwner2@MoonStars.co.uk,ProductManager4@theapsgroup.com,0,Charge on Production
Moon and Stars,263,SAMPLE_0263,Sample Product 263,PX0000263,PX0000263,999,Moon Stars LMS Account,999,PSTR,DRAFT,Sun,M0003,NULL,263,PACK 5,999,ProductOwner4@MoonStars.co.uk,ProductManager4@theapsgroup.com,0,Charge on Production
Moon and Stars,264,SAMPLE_0264,Sample Product 264,PX0000264,PX0000264,999,Moon Stars LMS Account,999,PSTR,DRAFT,Sun,M0001,NULL,264,PACK 10,999,ProductOwner2@MoonStars.co.uk,ProductManager4@theapsgroup.com,0.2,Charge on Production
Moon and Stars,265,SAMPLE_0265,Sample Product 265,PX0000265,PX0000265,999,Moon Stars LMS Account,999,LABL,DRAFT,Sun,M0001,NULL,265,SINGLE,999,ProductOwner1@MoonStars.co.uk,ProductManager1@theapsgroup.com,0,Charge on Production
Moon and Stars,266,SAMPLE_0266,Sample Product 266,PX0000266,PX0000266,999,Moon Stars LMS Account,999,LFLT,DRAFT,Stars,M0002,NULL,266,SINGLE,999,ProductOwner3@MoonStars.co.uk,ProductManager3@theapsgroup.com,0,Charge on Production
Moon and Stars,267,SAMPLE_0267,Sample Product 267,PX0000267,PX0000267,999,Moon Stars LMS Account,999,GNPR,DRAFT,Stars,M0001,NULL,267,SINGLE,999,ProductOwner1@MoonStars.co.uk,ProductManager2@theapsgroup.com,0,Charge on Production
Moon and Stars,268,SAMPLE_0268,Sample Product 268,PX0000268,PX0000268,999,Moon Stars LMS Account,999,LFLT,DRAFT,Sun,M0001,NULL,268,SINGLE,999,ProductOwner1@MoonStars.co.uk,ProductManager3@theapsgroup.com,0.2,Charge on Production
Moon and Stars,269,SAMPLE_0269,Sample Product 269,PX0000269,PX0000269,999,Moon Stars LMS Account,999,LFLT,DRAFT,Stars,M0001,NULL,269,SINGLE,999,ProductOwner2@MoonStars.co.uk,ProductManager1@theapsgroup.com,0,Charge on Production
Moon and Stars,270,SAMPLE_0270,Sample Product 270,PX0000270,PX0000270,999,Moon Stars LMS Account,999,PSTR,DRAFT,Moon,M0001,NULL,270,PACK 50,999,ProductOwner1@MoonStars.co.uk,ProductManager1@theapsgroup.com,0,Charge on Production
Moon and Stars,271,SAMPLE_0271,Sample Product 271,PX0000271,PX0000271,999,Moon Stars LMS Account,999,PSTR,DRAFT,Stars,M0001,NULL,271,PACK 50,999,ProductOwner2@MoonStars.co.uk,ProductManager2@theapsgroup.com,0.2,Charge on Production
Moon and Stars,272,SAMPLE_0272,Sample Product 272,PX0000272,PX0000272,999,Moon Stars LMS Account,999,PSTR,DRAFT,Stars,M0002,NULL,272,PACK 50,999,ProductOwner3@MoonStars.co.uk,ProductManager1@theapsgroup.com,0,Charge on Production
Moon and Stars,273,SAMPLE_0273,Sample Product 273,PX0000273,PX0000273,999,Moon Stars LMS Account,999,PSTR,DRAFT,Sun,M0001,NULL,273,PACK 50,999,ProductOwner1@MoonStars.co.uk,ProductManager3@theapsgroup.com,0,Charge on Production
Moon and Stars,274,SAMPLE_0274,Sample Product 274,PX0000274,PX0000274,999,Moon Stars LMS Account,999,PSTR,DRAFT,Sun,M0001,NULL,274,PACK 50,999,ProductOwner1@MoonStars.co.uk,ProductManager3@theapsgroup.com,0.2,Charge on Production
Moon and Stars,275,SAMPLE_0275,Sample Product 275,PX0000275,PX0000275,999,Moon Stars LMS Account,999,GNPR,DRAFT,Moon,M0001,NULL,275,SINGLE,999,ProductOwner1@MoonStars.co.uk,ProductManager2@theapsgroup.com,0,Charge on Production
Moon and Stars,276,SAMPLE_0276,Sample Product 276,PX0000276,PX0000276,999,Moon Stars LMS Account,999,EQPT,DRAFT,Moon,M0002,NULL,276,SINGLE,999,ProductOwner3@MoonStars.co.uk,ProductManager3@theapsgroup.com,0,Charge on Production
Moon and Stars,277,SAMPLE_0277,Sample Product 277,PX0000277,PX0000277,999,Moon Stars LMS Account,999,GNPR,DRAFT,Sun,M0001,NULL,277,SINGLE,999,ProductOwner1@MoonStars.co.uk,ProductManager4@theapsgroup.com,0,Charge on Production
Moon and Stars,278,SAMPLE_0278,Sample Product 278,PX0000278,PX0000278,999,Moon Stars LMS Account,999,GNPR,DRAFT,Moon,M0002,NULL,278,SINGLE,999,ProductOwner3@MoonStars.co.uk,ProductManager1@theapsgroup.com,0,Charge on Production
Moon and Stars,279,SAMPLE_0279,Sample Product 279,PX0000279,PX0000279,999,Moon Stars LMS Account,999,BROC,DRAFT,Stars,M0001,NULL,279,PACK 50,999,ProductOwner2@MoonStars.co.uk,ProductManager2@theapsgroup.com,0.2,Charge on Production
Moon and Stars,280,SAMPLE_0280,Sample Product 280,PX0000280,PX0000280,999,Moon Stars LMS Account,999,PSTR,DRAFT,Moon,M0001,NULL,280,SINGLE,999,ProductOwner1@MoonStars.co.uk,ProductManager1@theapsgroup.com,0,Charge on Production
Moon and Stars,281,SAMPLE_0281,Sample Product 281,PX0000281,PX0000281,999,Moon Stars LMS Account,999,CARD,DRAFT,Sun,M0001,NULL,281,PACK 100,999,ProductOwner2@MoonStars.co.uk,ProductManager1@theapsgroup.com,0,Charge on Production
Moon and Stars,282,SAMPLE_0282,Sample Product 282,PX0000282,PX0000282,999,Moon Stars LMS Account,999,GNPR,DRAFT,Moon,M0001,NULL,282,PACK 500,999,ProductOwner2@MoonStars.co.uk,ProductManager4@theapsgroup.com,0,Charge on Production
Moon and Stars,283,SAMPLE_0283,Sample Product 283,PX0000283,PX0000283,999,Moon Stars LMS Account,999,GNPR,DRAFT,Sun,M0003,NULL,283,PACK 25,999,ProductOwner4@MoonStars.co.uk,ProductManager4@theapsgroup.com,0,Charge on Production
Moon and Stars,284,SAMPLE_0284,Sample Product 284,PX0000284,PX0000284,999,Moon Stars LMS Account,999,GNPR,DRAFT,Moon,M0001,NULL,284,PACK 50,999,ProductOwner2@MoonStars.co.uk,ProductManager4@theapsgroup.com,0.2,Charge on Production
Moon and Stars,285,SAMPLE_0285,Sample Product 285,PX0000285,PX0000285,999,Moon Stars LMS Account,999,BKLT,DRAFT,Moon,M0001,NULL,285,PACK 25,999,ProductOwner1@MoonStars.co.uk,ProductManager1@theapsgroup.com,0,Charge on Production
Moon and Stars,286,SAMPLE_0286,Sample Product 286,PX0000286,PX0000286,999,Moon Stars LMS Account,999,ENVE,DRAFT,Sun,M0002,NULL,286,PACK 500,999,ProductOwner3@MoonStars.co.uk,ProductManager3@theapsgroup.com,0,Charge on Production
Moon and Stars,287,SAMPLE_0287,Sample Product 287,PX0000287,PX0000287,999,Moon Stars LMS Account,999,PAD,DRAFT,Sun,M0001,NULL,287,SINGLE,999,ProductOwner1@MoonStars.co.uk,ProductManager2@theapsgroup.com,0,Charge on Production
Moon and Stars,288,SAMPLE_0288,Sample Product 288,PX0000288,PX0000288,999,Moon Stars LMS Account,999,PAD,DRAFT,Moon,M0001,NULL,288,SINGLE,999,ProductOwner1@MoonStars.co.uk,ProductManager3@theapsgroup.com,0.2,Charge on Production
Moon and Stars,289,SAMPLE_0289,Sample Product 289,PX0000289,PX0000289,999,Moon Stars LMS Account,999,GNPR,DRAFT,Moon,M0001,NULL,289,PACK 100,999,ProductOwner2@MoonStars.co.uk,ProductManager1@theapsgroup.com,0,Charge on Production
Moon and Stars,290,SAMPLE_0290,Sample Product 290,PX0000290,PX0000290,999,Moon Stars LMS Account,999,GNPR,DRAFT,Sun,M0001,NULL,290,PACK 10,999,ProductOwner1@MoonStars.co.uk,ProductManager1@theapsgroup.com,0,Charge on Production
Moon and Stars,291,SAMPLE_0291,Sample Product 291,PX0000291,PX0000291,999,Moon Stars LMS Account,999,PROM,DRAFT,Stars,M0001,NULL,291,SINGLE,999,ProductOwner2@MoonStars.co.uk,ProductManager2@theapsgroup.com,0.2,Charge on Production
Moon and Stars,292,SAMPLE_0292,Sample Product 292,PX0000292,PX0000292,999,Moon Stars LMS Account,999,PROM,DRAFT,Moon,M0002,NULL,292,SINGLE,999,ProductOwner3@MoonStars.co.uk,ProductManager1@theapsgroup.com,0,Charge on Production
Moon and Stars,293,SAMPLE_0293,Sample Product 293,PX0000293,PX0000293,999,Moon Stars LMS Account,999,FOLD,DRAFT,Sun,M0001,NULL,293,PACK 50,999,ProductOwner1@MoonStars.co.uk,ProductManager3@theapsgroup.com,0,Charge on Production
Moon and Stars,294,SAMPLE_0294,Sample Product 294,PX0000294,PX0000294,999,Moon Stars LMS Account,999,GNPR,DRAFT,Sun,M0001,NULL,294,SINGLE,999,ProductOwner1@MoonStars.co.uk,ProductManager3@theapsgroup.com,0.2,Charge on Production
Moon and Stars,295,SAMPLE_0295,Sample Product 295,PX0000295,PX0000295,999,Moon Stars LMS Account,999,GNPR,DRAFT,Stars,M0001,NULL,295,SINGLE,999,ProductOwner1@MoonStars.co.uk,ProductManager2@theapsgroup.com,0,Charge on Production
Moon and Stars,296,SAMPLE_0296,Sample Product 296,PX0000296,PX0000296,999,Moon Stars LMS Account,999,LFLT,DRAFT,Sun,M0002,NULL,296,PACK 20,999,ProductOwner3@MoonStars.co.uk,ProductManager3@theapsgroup.com,0,Charge on Production
Moon and Stars,297,SAMPLE_0297,Sample Product 297,PX0000297,PX0000297,999,Moon Stars LMS Account,999,LFLT,DRAFT,Moon,M0001,NULL,297,PACK 10,999,ProductOwner1@MoonStars.co.uk,ProductManager4@theapsgroup.com,0,Charge on Production
Moon and Stars,298,SAMPLE_0298,Sample Product 298,PX0000298,PX0000298,999,Moon Stars LMS Account,999,GNPR,DRAFT,Stars,M0002,NULL,298,PACK 50,999,ProductOwner3@MoonStars.co.uk,ProductManager1@theapsgroup.com,0,Charge on Production
Moon and Stars,299,SAMPLE_0299,Sample Product 299,PX0000299,PX0000299,999,Moon Stars LMS Account,999,GNPR,DRAFT,Sun,M0001,NULL,299,PACK 50,999,ProductOwner2@MoonStars.co.uk,ProductManager2@theapsgroup.com,0.2,Charge on Production
Moon and Stars,300,SAMPLE_0300,Sample Product 300,PX0000300,PX0000300,999,Moon Stars LMS Account,999,BKLT,DRAFT,Sun,M0001,NULL,300,PACK 50,999,ProductOwner1@MoonStars.co.uk,ProductManager1@theapsgroup.com,0,Charge on Production
Moon and Stars,301,SAMPLE_0301,Sample Product 301,PX0000301,PX0000301,999,Moon Stars LMS Account,999,ENVE,DRAFT,Stars,M0001,NULL,301,PACK 500,999,ProductOwner2@MoonStars.co.uk,ProductManager1@theapsgroup.com,0,Charge on Production
Moon and Stars,302,SAMPLE_0302,Sample Product 302,PX0000302,PX0000302,999,Moon Stars LMS Account,999,ENVE,DRAFT,Moon,M0001,NULL,302,PACK 500,999,ProductOwner2@MoonStars.co.uk,ProductManager4@theapsgroup.com,0,Charge on Production
Moon and Stars,303,SAMPLE_0303,Sample Product 303,PX0000303,PX0000303,999,Moon Stars LMS Account,999,FOLD,DRAFT,Sun,M0003,NULL,303,PACK 50,999,ProductOwner4@MoonStars.co.uk,ProductManager4@theapsgroup.com,0,Charge on Production
Moon and Stars,304,SAMPLE_0304,Sample Product 304,PX0000304,PX0000304,999,Moon Stars LMS Account,999,LTHD,DRAFT,Sun,M0001,NULL,304,PACK 500,999,ProductOwner2@MoonStars.co.uk,ProductManager4@theapsgroup.com,0.2,Charge on Production
Moon and Stars,305,SAMPLE_0305,Sample Product 305,PX0000305,PX0000305,999,Moon Stars LMS Account,999,COMP,DRAFT,Sun,M0001,NULL,305,PACK 250,999,ProductOwner1@MoonStars.co.uk,ProductManager1@theapsgroup.com,0,Charge on Production
Moon and Stars,306,SAMPLE_0306,Sample Product 306,PX0000306,PX0000306,999,Moon Stars LMS Account,999,LTHD,DRAFT,Moon,M0002,NULL,306,PACK 500,999,ProductOwner3@MoonStars.co.uk,ProductManager3@theapsgroup.com,0,Charge on Production
Moon and Stars,307,SAMPLE_0307,Sample Product 307,PX0000307,PX0000307,999,Moon Stars LMS Account,999,FOLD,DRAFT,Sun,M0001,NULL,307,PACK 50,999,ProductOwner1@MoonStars.co.uk,ProductManager2@theapsgroup.com,0,Charge on Production
Moon and Stars,308,SAMPLE_0308,Sample Product 308,PX0000308,PX0000308,999,Moon Stars LMS Account,999,PROM,DRAFT,Moon,M0001,NULL,308,SINGLE,999,ProductOwner1@MoonStars.co.uk,ProductManager3@theapsgroup.com,0.2,Charge on Production
Moon and Stars,309,SAMPLE_0309,Sample Product 309,PX0000309,PX0000309,999,Moon Stars LMS Account,999,PROM,DRAFT,Sun,M0001,NULL,309,SINGLE,999,ProductOwner2@MoonStars.co.uk,ProductManager1@theapsgroup.com,0,Charge on Production
Moon and Stars,310,SAMPLE_0310,Sample Product 310,PX0000310,PX0000310,999,Moon Stars LMS Account,999,GNPR,DRAFT,Moon,M0001,NULL,310,PACK 100,999,ProductOwner1@MoonStars.co.uk,ProductManager1@theapsgroup.com,0,Charge on Production
Moon and Stars,311,SAMPLE_0311,Sample Product 311,PX0000311,PX0000311,999,Moon Stars LMS Account,999,BROC,DRAFT,Stars,M0001,NULL,311,SINGLE,999,ProductOwner2@MoonStars.co.uk,ProductManager2@theapsgroup.com,0.2,Charge on Production
Moon and Stars,312,SAMPLE_0312,Sample Product 312,PX0000312,PX0000312,999,Moon Stars LMS Account,999,PROM,DRAFT,Stars,M0002,NULL,312,SINGLE,999,ProductOwner3@MoonStars.co.uk,ProductManager1@theapsgroup.com,0,Charge on Production
Moon and Stars,313,SAMPLE_0313,Sample Product 313,PX0000313,PX0000313,999,Moon Stars LMS Account,999,PROM,DRAFT,Moon,M0001,NULL,313,SINGLE,999,ProductOwner1@MoonStars.co.uk,ProductManager3@theapsgroup.com,0,Charge on Production
Moon and Stars,314,SAMPLE_0314,Sample Product 314,PX0000314,PX0000314,999,Moon Stars LMS Account,999,GNPR,DRAFT,Moon,M0001,NULL,314,PACK 10,999,ProductOwner1@MoonStars.co.uk,ProductManager3@theapsgroup.com,0.2,Charge on Production
Moon and Stars,315,SAMPLE_0315,Sample Product 315,PX0000315,PX0000315,999,Moon Stars LMS Account,999,GNPR,DRAFT,Sun,M0001,NULL,315,PACK 100,999,ProductOwner1@MoonStars.co.uk,ProductManager2@theapsgroup.com,0,Charge on Production
Moon and Stars,316,SAMPLE_0316,Sample Product 316,PX0000316,PX0000316,999,Moon Stars LMS Account,999,GNPR,DRAFT,Sun,M0002,NULL,316,PACK 100,999,ProductOwner3@MoonStars.co.uk,ProductManager3@theapsgroup.com,0,Charge on Production
Moon and Stars,317,SAMPLE_0317,Sample Product 317,PX0000317,PX0000317,999,Moon Stars LMS Account,999,GNPR,DRAFT,Moon,M0001,NULL,317,SINGLE,999,ProductOwner1@MoonStars.co.uk,ProductManager4@theapsgroup.com,0,Charge on Production
Moon and Stars,318,SAMPLE_0318,Sample Product 318,PX0000318,PX0000318,999,Moon Stars LMS Account,999,GNPR,DRAFT,Sun,M0002,NULL,318,SINGLE,999,ProductOwner3@MoonStars.co.uk,ProductManager1@theapsgroup.com,0,Charge on Production
Moon and Stars,319,SAMPLE_0319,Sample Product 319,PX0000319,PX0000319,999,Moon Stars LMS Account,999,FORM,DRAFT,Sun,M0001,NULL,319,PACK 100,999,ProductOwner2@MoonStars.co.uk,ProductManager2@theapsgroup.com,0.2,Charge on Production
Moon and Stars,320,SAMPLE_0320,Sample Product 320,PX0000320,PX0000320,999,Moon Stars LMS Account,999,PAD,DRAFT,Stars,M0001,NULL,320,PACK 10,999,ProductOwner1@MoonStars.co.uk,ProductManager1@theapsgroup.com,0,Charge on Production
Moon and Stars,321,SAMPLE_0321,Sample Product 321,PX0000321,PX0000321,999,Moon Stars LMS Account,999,GNPR,DRAFT,Moon,M0001,NULL,321,SINGLE,999,ProductOwner2@MoonStars.co.uk,ProductManager1@theapsgroup.com,0,Charge on Production
Moon and Stars,322,SAMPLE_0322,Sample Product 322,PX0000322,PX0000322,999,Moon Stars LMS Account,999,GNPR,DRAFT,Sun,M0001,NULL,322,SINGLE,999,ProductOwner2@MoonStars.co.uk,ProductManager4@theapsgroup.com,0,Charge on Production
Moon and Stars,323,SAMPLE_0323,Sample Product 323,PX0000323,PX0000323,999,Moon Stars LMS Account,999,GNPR,DRAFT,Sun,M0003,NULL,323,SINGLE,999,ProductOwner4@MoonStars.co.uk,ProductManager4@theapsgroup.com,0,Charge on Production
Moon and Stars,324,SAMPLE_0324,Sample Product 324,PX0000324,PX0000324,999,Moon Stars LMS Account,999,GNPR,DRAFT,Moon,M0001,NULL,324,SINGLE,999,ProductOwner2@MoonStars.co.uk,ProductManager4@theapsgroup.com,0.2,Charge on Production
Moon and Stars,325,SAMPLE_0325,Sample Product 325,PX0000325,PX0000325,999,Moon Stars LMS Account,999,WV,DRAFT,Stars,M0001,NULL,325,SINGLE,999,ProductOwner1@MoonStars.co.uk,ProductManager1@theapsgroup.com,0,Charge on Production
Moon and Stars,326,SAMPLE_0326,Sample Product 326,PX0000326,PX0000326,999,Moon Stars LMS Account,999,GNPR,DRAFT,Sun,M0002,NULL,326,SINGLE,999,ProductOwner3@MoonStars.co.uk,ProductManager3@theapsgroup.com,0,Charge on Production
Moon and Stars,327,SAMPLE_0327,Sample Product 327,PX0000327,PX0000327,999,Moon Stars LMS Account,999,WV,DRAFT,Sun,M0001,NULL,327,SINGLE,999,ProductOwner1@MoonStars.co.uk,ProductManager2@theapsgroup.com,0,Charge on Production
Moon and Stars,328,SAMPLE_0328,Sample Product 328,PX0000328,PX0000328,999,Moon Stars LMS Account,999,WV,DRAFT,Sun,M0001,NULL,328,SINGLE,999,ProductOwner1@MoonStars.co.uk,ProductManager3@theapsgroup.com,0.2,Charge on Production
Moon and Stars,329,SAMPLE_0329,Sample Product 329,PX0000329,PX0000329,999,Moon Stars LMS Account,999,FOLD,DRAFT,Stars,M0001,NULL,329,SINGLE,999,ProductOwner2@MoonStars.co.uk,ProductManager1@theapsgroup.com,0,Charge on Production
Moon and Stars,330,SAMPLE_0330,Sample Product 330,PX0000330,PX0000330,999,Moon Stars LMS Account,999,FOLD,DRAFT,Stars,M0001,NULL,330,SINGLE,999,ProductOwner1@MoonStars.co.uk,ProductManager1@theapsgroup.com,0,Charge on Production
Moon and Stars,331,SAMPLE_0331,Sample Product 331,PX0000331,PX0000331,999,Moon Stars LMS Account,999,GNPR,DRAFT,Stars,M0001,NULL,331,SINGLE,999,ProductOwner2@MoonStars.co.uk,ProductManager2@theapsgroup.com,0.2,Charge on Production
Moon and Stars,332,SAMPLE_0332,Sample Product 332,PX0000332,PX0000332,999,Moon Stars LMS Account,999,BROC,DRAFT,Stars,M0002,NULL,332,SINGLE,999,ProductOwner3@MoonStars.co.uk,ProductManager1@theapsgroup.com,0,Charge on Production
Moon and Stars,333,SAMPLE_0333,Sample Product 333,PX0000333,PX0000333,999,Moon Stars LMS Account,999,GNPR,DRAFT,Moon,M0001,NULL,333,SINGLE,999,ProductOwner1@MoonStars.co.uk,ProductManager3@theapsgroup.com,0,Charge on Production
Moon and Stars,334,SAMPLE_0334,Sample Product 334,PX0000334,PX0000334,999,Moon Stars LMS Account,999,FOLD,DRAFT,Stars,M0001,NULL,334,PACK 50,999,ProductOwner1@MoonStars.co.uk,ProductManager3@theapsgroup.com,0.2,Charge on Production
Moon and Stars,335,SAMPLE_0335,Sample Product 335,PX0000335,PX0000335,999,Moon Stars LMS Account,999,BROC,DRAFT,Sun,M0001,NULL,335,PACK 25,999,ProductOwner1@MoonStars.co.uk,ProductManager2@theapsgroup.com,0,Charge on Production
Moon and Stars,336,SAMPLE_0336,Sample Product 336,PX0000336,PX0000336,999,Moon Stars LMS Account,999,FOLD,DRAFT,Sun,M0002,NULL,336,PACK 25,999,ProductOwner3@MoonStars.co.uk,ProductManager3@theapsgroup.com,0,Charge on Production
Moon and Stars,337,SAMPLE_0337,Sample Product 337,PX0000337,PX0000337,999,Moon Stars LMS Account,999,BROC,DRAFT,Moon,M0001,NULL,337,PACK 25,999,ProductOwner1@MoonStars.co.uk,ProductManager4@theapsgroup.com,0,Charge on Production
Moon and Stars,338,SAMPLE_0338,Sample Product 338,PX0000338,PX0000338,999,Moon Stars LMS Account,999,FOLD,DRAFT,Stars,M0002,NULL,338,PACK 25,999,ProductOwner3@MoonStars.co.uk,ProductManager1@theapsgroup.com,0,Charge on Production
Moon and Stars,339,SAMPLE_0339,Sample Product 339,PX0000339,PX0000339,999,Moon Stars LMS Account,999,FOLD,DRAFT,Moon,M0001,NULL,339,PACK 25,999,ProductOwner2@MoonStars.co.uk,ProductManager2@theapsgroup.com,0.2,Charge on Production
Moon and Stars,340,SAMPLE_0340,Sample Product 340,PX0000340,PX0000340,999,Moon Stars LMS Account,999,BROC,DRAFT,Moon,M0001,NULL,340,PACK 25,999,ProductOwner1@MoonStars.co.uk,ProductManager1@theapsgroup.com,0,Charge on Production
Moon and Stars,341,SAMPLE_0341,Sample Product 341,PX0000341,PX0000341,999,Moon Stars LMS Account,999,FOLD,DRAFT,Moon,M0001,NULL,341,PACK 50,999,ProductOwner2@MoonStars.co.uk,ProductManager1@theapsgroup.com,0,Charge on Production
Moon and Stars,342,SAMPLE_0342,Sample Product 342,PX0000342,PX0000342,999,Moon Stars LMS Account,999,GNPR,DRAFT,Sun,M0001,NULL,342,SINGLE,999,ProductOwner2@MoonStars.co.uk,ProductManager4@theapsgroup.com,0,Charge on Production
Moon and Stars,343,SAMPLE_0343,Sample Product 343,PX0000343,PX0000343,999,Moon Stars LMS Account,999,FOLD,DRAFT,Sun,M0003,NULL,343,PACK 50,999,ProductOwner4@MoonStars.co.uk,ProductManager4@theapsgroup.com,0,Charge on Production
Moon and Stars,344,SAMPLE_0344,Sample Product 344,PX0000344,PX0000344,999,Moon Stars LMS Account,999,FOLD,DRAFT,Stars,M0001,NULL,344,PACK 25,999,ProductOwner2@MoonStars.co.uk,ProductManager4@theapsgroup.com,0.2,Charge on Production
Moon and Stars,345,SAMPLE_0345,Sample Product 345,PX0000345,PX0000345,999,Moon Stars LMS Account,999,FOLD,DRAFT,Stars,M0001,NULL,345,PACK 25,999,ProductOwner1@MoonStars.co.uk,ProductManager1@theapsgroup.com,0,Charge on Production
Moon and Stars,346,SAMPLE_0346,Sample Product 346,PX0000346,PX0000346,999,Moon Stars LMS Account,999,FOLD,DRAFT,Stars,M0002,NULL,346,PACK 25,999,ProductOwner3@MoonStars.co.uk,ProductManager3@theapsgroup.com,0,Charge on Production
Moon and Stars,347,SAMPLE_0347,Sample Product 347,PX0000347,PX0000347,999,Moon Stars LMS Account,999,GNPR,DRAFT,Stars,M0001,NULL,347,PACK 25,999,ProductOwner1@MoonStars.co.uk,ProductManager2@theapsgroup.com,0,Charge on Production
Moon and Stars,348,SAMPLE_0348,Sample Product 348,PX0000348,PX0000348,999,Moon Stars LMS Account,999,GNPR,DRAFT,Stars,M0001,NULL,348,PACK 50,999,ProductOwner1@MoonStars.co.uk,ProductManager3@theapsgroup.com,0.2,Charge on Production
Moon and Stars,349,SAMPLE_0349,Sample Product 349,PX0000349,PX0000349,999,Moon Stars LMS Account,999,GNPR,DRAFT,Sun,M0001,NULL,349,PACK 50,999,ProductOwner2@MoonStars.co.uk,ProductManager1@theapsgroup.com,0,Charge on Production
Moon and Stars,350,SAMPLE_0350,Sample Product 350,PX0000350,PX0000350,999,Moon Stars LMS Account,999,GNPR,DRAFT,Moon,M0001,NULL,350,PACK 50,999,ProductOwner1@MoonStars.co.uk,ProductManager1@theapsgroup.com,0,Charge on Production
Moon and Stars,351,SAMPLE_0351,Sample Product 351,PX0000351,PX0000351,999,Moon Stars LMS Account,999,FOLD,DRAFT,Sun,M0001,NULL,351,PACK 50,999,ProductOwner2@MoonStars.co.uk,ProductManager2@theapsgroup.com,0.2,Charge on Production
Moon and Stars,352,SAMPLE_0352,Sample Product 352,PX0000352,PX0000352,999,Moon Stars LMS Account,999,FOLD,DRAFT,Moon,M0002,NULL,352,PACK 25,999,ProductOwner3@MoonStars.co.uk,ProductManager1@theapsgroup.com,0,Charge on Production
Moon and Stars,353,SAMPLE_0353,Sample Product 353,PX0000353,PX0000353,999,Moon Stars LMS Account,999,FOLD,DRAFT,Sun,M0001,NULL,353,PACK 50,999,ProductOwner1@MoonStars.co.uk,ProductManager3@theapsgroup.com,0,Charge on Production
Moon and Stars,354,SAMPLE_0354,Sample Product 354,PX0000354,PX0000354,999,Moon Stars LMS Account,999,BROC,DRAFT,Sun,M0001,NULL,354,PACK 25,999,ProductOwner1@MoonStars.co.uk,ProductManager3@theapsgroup.com,0.2,Charge on Production
Moon and Stars,355,SAMPLE_0355,Sample Product 355,PX0000355,PX0000355,999,Moon Stars LMS Account,999,BKLT,DRAFT,Stars,M0001,NULL,355,PACK 50,999,ProductOwner1@MoonStars.co.uk,ProductManager2@theapsgroup.com,0,Charge on Production
Moon and Stars,356,SAMPLE_0356,Sample Product 356,PX0000356,PX0000356,999,Moon Stars LMS Account,999,A4,DRAFT,Moon,M0002,NULL,356,SINGLE,999,ProductOwner3@MoonStars.co.uk,ProductManager3@theapsgroup.com,0,Charge on Production
Moon and Stars,357,SAMPLE_0357,Sample Product 357,PX0000357,PX0000357,999,Moon Stars LMS Account,999,BKLT,DRAFT,Sun,M0001,NULL,357,PACK 50,999,ProductOwner1@MoonStars.co.uk,ProductManager4@theapsgroup.com,0,Charge on Production
Moon and Stars,358,SAMPLE_0358,Sample Product 358,PX0000358,PX0000358,999,Moon Stars LMS Account,999,FOLD,DRAFT,Stars,M0002,NULL,358,PACK 50,999,ProductOwner3@MoonStars.co.uk,ProductManager1@theapsgroup.com,0,Charge on Production
Moon and Stars,359,SAMPLE_0359,Sample Product 359,PX0000359,PX0000359,999,Moon Stars LMS Account,999,FOLD,DRAFT,Stars,M0001,NULL,359,PACK 50,999,ProductOwner2@MoonStars.co.uk,ProductManager2@theapsgroup.com,0.2,Charge on Production
Moon and Stars,360,SAMPLE_0360,Sample Product 360,PX0000360,PX0000360,999,Moon Stars LMS Account,999,FOLD,DRAFT,Moon,M0001,NULL,360,PACK 25,999,ProductOwner1@MoonStars.co.uk,ProductManager1@theapsgroup.com,0,Charge on Production
Moon and Stars,361,SAMPLE_0361,Sample Product 361,PX0000361,PX0000361,999,Moon Stars LMS Account,999,BROC,DRAFT,Moon,M0001,NULL,361,PACK 25,999,ProductOwner2@MoonStars.co.uk,ProductManager1@theapsgroup.com,0,Charge on Production
Moon and Stars,362,SAMPLE_0362,Sample Product 362,PX0000362,PX0000362,999,Moon Stars LMS Account,999,FOLD,DRAFT,Stars,M0001,NULL,362,PACK 50,999,ProductOwner2@MoonStars.co.uk,ProductManager4@theapsgroup.com,0,Charge on Production
Moon and Stars,363,SAMPLE_0363,Sample Product 363,PX0000363,PX0000363,999,Moon Stars LMS Account,999,FOLD,DRAFT,Stars,M0003,NULL,363,PACK 50,999,ProductOwner4@MoonStars.co.uk,ProductManager4@theapsgroup.com,0,Charge on Production
Moon and Stars,364,SAMPLE_0364,Sample Product 364,PX0000364,PX0000364,999,Moon Stars LMS Account,999,BROC,DRAFT,Sun,M0001,NULL,364,PACK 25,999,ProductOwner2@MoonStars.co.uk,ProductManager4@theapsgroup.com,0.2,Charge on Production
Moon and Stars,365,SAMPLE_0365,Sample Product 365,PX0000365,PX0000365,999,Moon Stars LMS Account,999,A4,DRAFT,Moon,M0001,NULL,365,SINGLE,999,ProductOwner1@MoonStars.co.uk,ProductManager1@theapsgroup.com,0,Charge on Production
Moon and Stars,366,SAMPLE_0366,Sample Product 366,PX0000366,PX0000366,999,Moon Stars LMS Account,999,A4,DRAFT,Stars,M0002,NULL,366,SINGLE,999,ProductOwner3@MoonStars.co.uk,ProductManager3@theapsgroup.com,0,Charge on Production
Moon and Stars,367,SAMPLE_0367,Sample Product 367,PX0000367,PX0000367,999,Moon Stars LMS Account,999,A3,DRAFT,Stars,M0001,NULL,367,SINGLE,999,ProductOwner1@MoonStars.co.uk,ProductManager2@theapsgroup.com,0,Charge on Production
Moon and Stars,368,SAMPLE_0368,Sample Product 368,PX0000368,PX0000368,999,Moon Stars LMS Account,999,FOLD,DRAFT,Moon,M0001,NULL,368,PACK 25,999,ProductOwner1@MoonStars.co.uk,ProductManager3@theapsgroup.com,0.2,Charge on Production
Moon and Stars,369,SAMPLE_0369,Sample Product 369,PX0000369,PX0000369,999,Moon Stars LMS Account,999,FOLD,DRAFT,Stars,M0001,NULL,369,PACK 25,999,ProductOwner2@MoonStars.co.uk,ProductManager1@theapsgroup.com,0,Charge on Production
Moon and Stars,370,SAMPLE_0370,Sample Product 370,PX0000370,PX0000370,999,Moon Stars LMS Account,999,FOLD,DRAFT,Stars,M0001,NULL,370,PACK 25,999,ProductOwner1@MoonStars.co.uk,ProductManager1@theapsgroup.com,0,Charge on Production
Moon and Stars,371,SAMPLE_0371,Sample Product 371,PX0000371,PX0000371,999,Moon Stars LMS Account,999,FOLD,DRAFT,Moon,M0001,NULL,371,PACK 25,999,ProductOwner2@MoonStars.co.uk,ProductManager2@theapsgroup.com,0.2,Charge on Production
Moon and Stars,372,SAMPLE_0372,Sample Product 372,PX0000372,PX0000372,999,Moon Stars LMS Account,999,FOLD,DRAFT,Sun,M0002,NULL,372,PACK 25,999,ProductOwner3@MoonStars.co.uk,ProductManager1@theapsgroup.com,0,Charge on Production
Moon and Stars,373,SAMPLE_0373,Sample Product 373,PX0000373,PX0000373,999,Moon Stars LMS Account,999,FOLD,DRAFT,Stars,M0001,NULL,373,PACK 25,999,ProductOwner1@MoonStars.co.uk,ProductManager3@theapsgroup.com,0,Charge on Production
Moon and Stars,374,SAMPLE_0374,Sample Product 374,PX0000374,PX0000374,999,Moon Stars LMS Account,999,FOLD,DRAFT,Moon,M0001,NULL,374,PACK 25,999,ProductOwner1@MoonStars.co.uk,ProductManager3@theapsgroup.com,0.2,Charge on Production
Moon and Stars,375,SAMPLE_0375,Sample Product 375,PX0000375,PX0000375,999,Moon Stars LMS Account,999,FOLD,DRAFT,Stars,M0001,NULL,375,PACK 25,999,ProductOwner1@MoonStars.co.uk,ProductManager2@theapsgroup.com,0,Charge on Production
Moon and Stars,376,SAMPLE_0376,Sample Product 376,PX0000376,PX0000376,999,Moon Stars LMS Account,999,FOLD,DRAFT,Sun,M0002,NULL,376,PACK 25,999,ProductOwner3@MoonStars.co.uk,ProductManager3@theapsgroup.com,0,Charge on Production
Moon and Stars,377,SAMPLE_0377,Sample Product 377,PX0000377,PX0000377,999,Moon Stars LMS Account,999,FOLD,DRAFT,Sun,M0001,NULL,377,PACK 25,999,ProductOwner1@MoonStars.co.uk,ProductManager4@theapsgroup.com,0,Charge on Production
Moon and Stars,378,SAMPLE_0378,Sample Product 378,PX0000378,PX0000378,999,Moon Stars LMS Account,999,FOLD,DRAFT,Moon,M0002,NULL,378,PACK 25,999,ProductOwner3@MoonStars.co.uk,ProductManager1@theapsgroup.com,0,Charge on Production
Moon and Stars,379,SAMPLE_0379,Sample Product 379,PX0000379,PX0000379,999,Moon Stars LMS Account,999,GNPR,DRAFT,Moon,M0001,NULL,379,PACK 25,999,ProductOwner2@MoonStars.co.uk,ProductManager2@theapsgroup.com,0.2,Charge on Production
Moon and Stars,380,SAMPLE_0380,Sample Product 380,PX0000380,PX0000380,999,Moon Stars LMS Account,999,BKLT,DRAFT,Sun,M0001,NULL,380,PACK 25,999,ProductOwner1@MoonStars.co.uk,ProductManager1@theapsgroup.com,0,Charge on Production
Moon and Stars,381,SAMPLE_0381,Sample Product 381,PX0000381,PX0000381,999,Moon Stars LMS Account,999,GNPR,DRAFT,Moon,M0001,NULL,381,PACK 25,999,ProductOwner2@MoonStars.co.uk,ProductManager1@theapsgroup.com,0,Charge on Production
Moon and Stars,382,SAMPLE_0382,Sample Product 382,PX0000382,PX0000382,999,Moon Stars LMS Account,999,FOLD,DRAFT,Stars,M0001,NULL,382,PACK 25,999,ProductOwner2@MoonStars.co.uk,ProductManager4@theapsgroup.com,0,Charge on Production
Moon and Stars,383,SAMPLE_0383,Sample Product 383,PX0000383,PX0000383,999,Moon Stars LMS Account,999,FOLD,DRAFT,Moon,M0003,NULL,383,SINGLE,999,ProductOwner4@MoonStars.co.uk,ProductManager4@theapsgroup.com,0,Charge on Production
Moon and Stars,384,SAMPLE_0384,Sample Product 384,PX0000384,PX0000384,999,Moon Stars LMS Account,999,FOLD,DRAFT,Moon,M0001,NULL,384,PACK 25,999,ProductOwner2@MoonStars.co.uk,ProductManager4@theapsgroup.com,0.2,Charge on Production
Moon and Stars,385,SAMPLE_0385,Sample Product 385,PX0000385,PX0000385,999,Moon Stars LMS Account,999,LABL,DRAFT,Moon,M0001,NULL,385,PACK 25,999,ProductOwner1@MoonStars.co.uk,ProductManager1@theapsgroup.com,0,Charge on Production
Moon and Stars,386,SAMPLE_0386,Sample Product 386,PX0000386,PX0000386,999,Moon Stars LMS Account,999,A4,DRAFT,Sun,M0002,NULL,386,SINGLE,999,ProductOwner3@MoonStars.co.uk,ProductManager3@theapsgroup.com,0,Charge on Production
Moon and Stars,387,SAMPLE_0387,Sample Product 387,PX0000387,PX0000387,999,Moon Stars LMS Account,999,FOLD,DRAFT,Sun,M0001,NULL,387,PACK 50,999,ProductOwner1@MoonStars.co.uk,ProductManager2@theapsgroup.com,0,Charge on Production
Moon and Stars,388,SAMPLE_0388,Sample Product 388,PX0000388,PX0000388,999,Moon Stars LMS Account,999,FOLD,DRAFT,Sun,M0001,NULL,388,PACK 50,999,ProductOwner1@MoonStars.co.uk,ProductManager3@theapsgroup.com,0.2,Charge on Production
Moon and Stars,389,SAMPLE_0389,Sample Product 389,PX0000389,PX0000389,999,Moon Stars LMS Account,999,LTHD,DRAFT,Sun,M0001,NULL,389,PACK 1000,999,ProductOwner2@MoonStars.co.uk,ProductManager1@theapsgroup.com,0,Charge on Production
Moon and Stars,390,SAMPLE_0390,Sample Product 390,PX0000390,PX0000390,999,Moon Stars LMS Account,999,FOLD,DRAFT,Sun,M0001,NULL,390,PACK 50,999,ProductOwner1@MoonStars.co.uk,ProductManager1@theapsgroup.com,0,Charge on Production
Moon and Stars,391,SAMPLE_0391,Sample Product 391,PX0000391,PX0000391,999,Moon Stars LMS Account,999,COMP,DRAFT,Moon,M0001,NULL,391,PACK 3000,999,ProductOwner2@MoonStars.co.uk,ProductManager2@theapsgroup.com,0.2,Charge on Production
Moon and Stars,392,SAMPLE_0392,Sample Product 392,PX0000392,PX0000392,999,Moon Stars LMS Account,999,FOLD,DRAFT,Stars,M0002,NULL,392,PACK 50,999,ProductOwner3@MoonStars.co.uk,ProductManager1@theapsgroup.com,0,Charge on Production
Moon and Stars,393,SAMPLE_0393,Sample Product 393,PX0000393,PX0000393,999,Moon Stars LMS Account,999,FOLD,DRAFT,Stars,M0001,NULL,393,PACK 50,999,ProductOwner1@MoonStars.co.uk,ProductManager3@theapsgroup.com,0,Charge on Production
Moon and Stars,394,SAMPLE_0394,Sample Product 394,PX0000394,PX0000394,999,Moon Stars LMS Account,999,FOLD,DRAFT,Sun,M0001,NULL,394,PACK 50,999,ProductOwner1@MoonStars.co.uk,ProductManager3@theapsgroup.com,0.2,Charge on Production
Moon and Stars,395,SAMPLE_0395,Sample Product 395,PX0000395,PX0000395,999,Moon Stars LMS Account,999,FOLD,DRAFT,Moon,M0001,NULL,395,PACK 50,999,ProductOwner1@MoonStars.co.uk,ProductManager2@theapsgroup.com,0,Charge on Production
Moon and Stars,396,SAMPLE_0396,Sample Product 396,PX0000396,PX0000396,999,Moon Stars LMS Account,999,FOLD,DRAFT,Stars,M0002,NULL,396,PACK 50,999,ProductOwner3@MoonStars.co.uk,ProductManager3@theapsgroup.com,0,Charge on Production
Moon and Stars,397,SAMPLE_0397,Sample Product 397,PX0000397,PX0000397,999,Moon Stars LMS Account,999,FOLD,DRAFT,Sun,M0001,NULL,397,PACK 25,999,ProductOwner1@MoonStars.co.uk,ProductManager4@theapsgroup.com,0,Charge on Production
Moon and Stars,398,SAMPLE_0398,Sample Product 398,PX0000398,PX0000398,999,Moon Stars LMS Account,999,FOLD,DRAFT,Moon,M0002,NULL,398,PACK 25,999,ProductOwner3@MoonStars.co.uk,ProductManager1@theapsgroup.com,0,Charge on Production
Moon and Stars,399,SAMPLE_0399,Sample Product 399,PX0000399,PX0000399,999,Moon Stars LMS Account,999,FOLD,DRAFT,Stars,M0001,NULL,399,PACK 25,999,ProductOwner2@MoonStars.co.uk,ProductManager2@theapsgroup.com,0.2,Charge on Production
Moon and Stars,400,SAMPLE_0400,Sample Product 400,PX0000400,PX0000400,999,Moon Stars LMS Account,999,FOLD,DRAFT,Sun,M0001,NULL,400,PACK 25,999,ProductOwner1@MoonStars.co.uk,ProductManager1@theapsgroup.com,0,Charge on Production
Moon and Stars,401,SAMPLE_0401,Sample Product 401,PX0000401,PX0000401,999,Moon Stars LMS Account,999,FOLD,DRAFT,Moon,M0001,NULL,401,PACK 25,999,ProductOwner2@MoonStars.co.uk,ProductManager1@theapsgroup.com,0,Charge on Production
Moon and Stars,402,SAMPLE_0402,Sample Product 402,PX0000402,PX0000402,999,Moon Stars LMS Account,999,FOLD,DRAFT,Moon,M0001,NULL,402,PACK 25,999,ProductOwner2@MoonStars.co.uk,ProductManager4@theapsgroup.com,0,Charge on Production
Moon and Stars,403,SAMPLE_0403,Sample Product 403,PX0000403,PX0000403,999,Moon Stars LMS Account,999,FOLD,DRAFT,Stars,M0003,NULL,403,PACK 25,999,ProductOwner4@MoonStars.co.uk,ProductManager4@theapsgroup.com,0,Charge on Production
Moon and Stars,404,SAMPLE_0404,Sample Product 404,PX0000404,PX0000404,999,Moon Stars LMS Account,999,FOLD,DRAFT,Sun,M0001,NULL,404,PACK 10,999,ProductOwner2@MoonStars.co.uk,ProductManager4@theapsgroup.com,0.2,Charge on Production
Moon and Stars,405,SAMPLE_0405,Sample Product 405,PX0000405,PX0000405,999,Moon Stars LMS Account,999,FOLD,DRAFT,Stars,M0001,NULL,405,PACK 10,999,ProductOwner1@MoonStars.co.uk,ProductManager1@theapsgroup.com,0,Charge on Production
Moon and Stars,406,SAMPLE_0406,Sample Product 406,PX0000406,PX0000406,999,Moon Stars LMS Account,999,FOLD,DRAFT,Moon,M0002,NULL,406,PACK 10,999,ProductOwner3@MoonStars.co.uk,ProductManager3@theapsgroup.com,0,Charge on Production
Moon and Stars,407,SAMPLE_0407,Sample Product 407,PX0000407,PX0000407,999,Moon Stars LMS Account,999,BKLT,DRAFT,Moon,M0001,NULL,407,PACK 25,999,ProductOwner1@MoonStars.co.uk,ProductManager2@theapsgroup.com,0,Charge on Production
Moon and Stars,408,SAMPLE_0408,Sample Product 408,PX0000408,PX0000408,999,Moon Stars LMS Account,999,FOLD,DRAFT,Moon,M0001,NULL,408,PACK 25,999,ProductOwner1@MoonStars.co.uk,ProductManager3@theapsgroup.com,0.2,Charge on Production
Moon and Stars,409,SAMPLE_0409,Sample Product 409,PX0000409,PX0000409,999,Moon Stars LMS Account,999,BROC,DRAFT,Sun,M0001,NULL,409,PACK 25,999,ProductOwner2@MoonStars.co.uk,ProductManager1@theapsgroup.com,0,Charge on Production
Moon and Stars,410,SAMPLE_0410,Sample Product 410,PX0000410,PX0000410,999,Moon Stars LMS Account,999,GNPR,DRAFT,Moon,M0001,NULL,410,PACK 100,999,ProductOwner1@MoonStars.co.uk,ProductManager1@theapsgroup.com,0,Charge on Production
Moon and Stars,411,SAMPLE_0411,Sample Product 411,PX0000411,PX0000411,999,Moon Stars LMS Account,999,GNPR,DRAFT,Stars,M0001,NULL,411,PACK 100,999,ProductOwner2@MoonStars.co.uk,ProductManager2@theapsgroup.com,0.2,Charge on Production
Moon and Stars,412,SAMPLE_0412,Sample Product 412,PX0000412,PX0000412,999,Moon Stars LMS Account,999,GNPR,DRAFT,Stars,M0002,NULL,412,PACK 150,999,ProductOwner3@MoonStars.co.uk,ProductManager1@theapsgroup.com,0,Charge on Production
Moon and Stars,413,SAMPLE_0413,Sample Product 413,PX0000413,PX0000413,999,Moon Stars LMS Account,999,GNPR,DRAFT,Moon,M0001,NULL,413,PACK 150,999,ProductOwner1@MoonStars.co.uk,ProductManager3@theapsgroup.com,0,Charge on Production
Moon and Stars,414,SAMPLE_0414,Sample Product 414,PX0000414,PX0000414,999,Moon Stars LMS Account,999,GNPR,DRAFT,Moon,M0001,NULL,414,PACK 150,999,ProductOwner1@MoonStars.co.uk,ProductManager3@theapsgroup.com,0.2,Charge on Production
Moon and Stars,415,SAMPLE_0415,Sample Product 415,PX0000415,PX0000415,999,Moon Stars LMS Account,999,GNPR,DRAFT,Stars,M0001,NULL,415,PACK 100,999,ProductOwner1@MoonStars.co.uk,ProductManager2@theapsgroup.com,0,Charge on Production
Moon and Stars,416,SAMPLE_0416,Sample Product 416,PX0000416,PX0000416,999,Moon Stars LMS Account,999,GNPR,DRAFT,Moon,M0002,NULL,416,SINGLE,999,ProductOwner3@MoonStars.co.uk,ProductManager3@theapsgroup.com,0,Charge on Production
Moon and Stars,417,SAMPLE_0417,Sample Product 417,PX0000417,PX0000417,999,Moon Stars LMS Account,999,PAD,ARCHIVED,Sun,M0001,NULL,417,SINGLE,999,ProductOwner1@MoonStars.co.uk,ProductManager4@theapsgroup.com,0,Charge on Production
Moon and Stars,418,SAMPLE_0418,Sample Product 418,PX0000418,PX0000418,999,Moon Stars LMS Account,999,GNPR,DRAFT,Stars,M0002,NULL,418,SINGLE,999,ProductOwner3@MoonStars.co.uk,ProductManager1@theapsgroup.com,0,Charge on Production
Moon and Stars,419,SAMPLE_0419,Sample Product 419,PX0000419,PX0000419,999,Moon Stars LMS Account,999,GNPR,DRAFT,Moon,M0001,NULL,419,SINGLE,999,ProductOwner2@MoonStars.co.uk,ProductManager2@theapsgroup.com,0.2,Charge on Production
Moon and Stars,420,SAMPLE_0420,Sample Product 420,PX0000420,PX0000420,999,Moon Stars LMS Account,999,GNPR,DRAFT,Stars,M0001,NULL,420,SINGLE,999,ProductOwner1@MoonStars.co.uk,ProductManager1@theapsgroup.com,0,Charge on Production
Moon and Stars,421,SAMPLE_0421,Sample Product 421,PX0000421,PX0000421,999,Moon Stars LMS Account,999,GNPR,DRAFT,Sun,M0001,NULL,421,PACK 100,999,ProductOwner2@MoonStars.co.uk,ProductManager1@theapsgroup.com,0,Charge on Production
Moon and Stars,422,SAMPLE_0422,Sample Product 422,PX0000422,PX0000422,999,Moon Stars LMS Account,999,GNPR,DRAFT,Sun,M0001,NULL,422,PACK 100,999,ProductOwner2@MoonStars.co.uk,ProductManager4@theapsgroup.com,0,Charge on Production
Moon and Stars,423,SAMPLE_0423,Sample Product 423,PX0000423,PX0000423,999,Moon Stars LMS Account,999,GNPR,DRAFT,Sun,M0003,NULL,423,PACK 100,999,ProductOwner4@MoonStars.co.uk,ProductManager4@theapsgroup.com,0,Charge on Production
Moon and Stars,424,SAMPLE_0424,Sample Product 424,PX0000424,PX0000424,999,Moon Stars LMS Account,999,GNPR,DRAFT,Sun,M0001,NULL,424,SINGLE,999,ProductOwner2@MoonStars.co.uk,ProductManager4@theapsgroup.com,0.2,Charge on Production
Moon and Stars,425,SAMPLE_0425,Sample Product 425,PX0000425,PX0000425,999,Moon Stars LMS Account,999,GNPR,DRAFT,Sun,M0001,NULL,425,SINGLE,999,ProductOwner1@MoonStars.co.uk,ProductManager1@theapsgroup.com,0,Charge on Production
Moon and Stars,426,SAMPLE_0426,Sample Product 426,PX0000426,PX0000426,999,Moon Stars LMS Account,999,GNPR,DRAFT,Sun,M0002,NULL,426,PACK 100,999,ProductOwner3@MoonStars.co.uk,ProductManager3@theapsgroup.com,0,Charge on Production
Moon and Stars,427,SAMPLE_0427,Sample Product 427,PX0000427,PX0000427,999,Moon Stars LMS Account,999,GNPR,DRAFT,Moon,M0001,NULL,427,PACK 50,999,ProductOwner1@MoonStars.co.uk,ProductManager2@theapsgroup.com,0,Charge on Production
Moon and Stars,428,SAMPLE_0428,Sample Product 428,PX0000428,PX0000428,999,Moon Stars LMS Account,999,PAD,DRAFT,Stars,M0001,NULL,428,PACK 100,999,ProductOwner1@MoonStars.co.uk,ProductManager3@theapsgroup.com,0.2,Charge on Production
Moon and Stars,429,SAMPLE_0429,Sample Product 429,PX0000429,PX0000429,999,Moon Stars LMS Account,999,GNPR,DRAFT,Stars,M0001,NULL,429,PACK 100,999,ProductOwner2@MoonStars.co.uk,ProductManager1@theapsgroup.com,0,Charge on Production
Moon and Stars,430,SAMPLE_0430,Sample Product 430,PX0000430,PX0000430,999,Moon Stars LMS Account,999,PAD,DRAFT,Moon,M0001,NULL,430,PACK 50,999,ProductOwner1@MoonStars.co.uk,ProductManager1@theapsgroup.com,0,Charge on Production
Moon and Stars,431,SAMPLE_0431,Sample Product 431,PX0000431,PX0000431,999,Moon Stars LMS Account,999,GNPR,DRAFT,Stars,M0001,NULL,431,SINGLE,999,ProductOwner2@MoonStars.co.uk,ProductManager2@theapsgroup.com,0.2,Charge on Production
Moon and Stars,432,SAMPLE_0432,Sample Product 432,PX0000432,PX0000432,999,Moon Stars LMS Account,999,GNPR,DRAFT,Stars,M0002,NULL,432,SINGLE,999,ProductOwner3@MoonStars.co.uk,ProductManager1@theapsgroup.com,0,Charge on Production
Moon and Stars,433,SAMPLE_0433,Sample Product 433,PX0000433,PX0000433,999,Moon Stars LMS Account,999,GNPR,DRAFT,Sun,M0001,NULL,433,PACK 500,999,ProductOwner1@MoonStars.co.uk,ProductManager3@theapsgroup.com,0,Charge on Production
Moon and Stars,434,SAMPLE_0434,Sample Product 434,PX0000434,PX0000434,999,Moon Stars LMS Account,999,PAD,DRAFT,Moon,M0001,NULL,434,SINGLE,999,ProductOwner1@MoonStars.co.uk,ProductManager3@theapsgroup.com,0.2,Charge on Production
Moon and Stars,435,SAMPLE_0435,Sample Product 435,PX0000435,PX0000435,999,Moon Stars LMS Account,999,GNPR,DRAFT,Stars,M0001,NULL,435,PACK 25,999,ProductOwner1@MoonStars.co.uk,ProductManager2@theapsgroup.com,0,Charge on Production
Moon and Stars,436,SAMPLE_0436,Sample Product 436,PX0000436,PX0000436,999,Moon Stars LMS Account,999,GNPR,DRAFT,Stars,M0002,NULL,436,PACK 25,999,ProductOwner3@MoonStars.co.uk,ProductManager3@theapsgroup.com,0,Charge on Production
Moon and Stars,437,SAMPLE_0437,Sample Product 437,PX0000437,PX0000437,999,Moon Stars LMS Account,999,GNPR,DRAFT,Sun,M0001,NULL,437,PACK 25,999,ProductOwner1@MoonStars.co.uk,ProductManager4@theapsgroup.com,0,Charge on Production
Moon and Stars,438,SAMPLE_0438,Sample Product 438,PX0000438,PX0000438,999,Moon Stars LMS Account,999,GNPR,DRAFT,Moon,M0002,NULL,438,PACK 25,999,ProductOwner3@MoonStars.co.uk,ProductManager1@theapsgroup.com,0,Charge on Production
Moon and Stars,439,SAMPLE_0439,Sample Product 439,PX0000439,PX0000439,999,Moon Stars LMS Account,999,GNPR,DRAFT,Stars,M0001,NULL,439,PACK 25,999,ProductOwner2@MoonStars.co.uk,ProductManager2@theapsgroup.com,0.2,Charge on Production
Moon and Stars,440,SAMPLE_0440,Sample Product 440,PX0000440,PX0000440,999,Moon Stars LMS Account,999,GNPR,DRAFT,Stars,M0001,NULL,440,PACK 25,999,ProductOwner1@MoonStars.co.uk,ProductManager1@theapsgroup.com,0,Charge on Production
Moon and Stars,441,SAMPLE_0441,Sample Product 441,PX0000441,PX0000441,999,Moon Stars LMS Account,999,GNPR,DRAFT,Stars,M0001,NULL,441,PACK 25,999,ProductOwner2@MoonStars.co.uk,ProductManager1@theapsgroup.com,0,Charge on Production
Moon and Stars,442,SAMPLE_0442,Sample Product 442,PX0000442,PX0000442,999,Moon Stars LMS Account,999,GNPR,DRAFT,Stars,M0001,NULL,442,PACK 25,999,ProductOwner2@MoonStars.co.uk,ProductManager4@theapsgroup.com,0,Charge on Production
Moon and Stars,443,SAMPLE_0443,Sample Product 443,PX0000443,PX0000443,999,Moon Stars LMS Account,999,GNPR,DRAFT,Sun,M0003,NULL,443,PACK 25,999,ProductOwner4@MoonStars.co.uk,ProductManager4@theapsgroup.com,0,Charge on Production
Moon and Stars,444,SAMPLE_0444,Sample Product 444,PX0000444,PX0000444,999,Moon Stars LMS Account,999,GNPR,DRAFT,Stars,M0001,NULL,444,PACK 25,999,ProductOwner2@MoonStars.co.uk,ProductManager4@theapsgroup.com,0.2,Charge on Production
Moon and Stars,445,SAMPLE_0445,Sample Product 445,PX0000445,PX0000445,999,Moon Stars LMS Account,999,GNPR,DRAFT,Stars,M0001,NULL,445,PACK 25,999,ProductOwner1@MoonStars.co.uk,ProductManager1@theapsgroup.com,0,Charge on Production
Moon and Stars,446,SAMPLE_0446,Sample Product 446,PX0000446,PX0000446,999,Moon Stars LMS Account,999,GNPR,DRAFT,Sun,M0002,NULL,446,PACK 25,999,ProductOwner3@MoonStars.co.uk,ProductManager3@theapsgroup.com,0,Charge on Production
Moon and Stars,447,SAMPLE_0447,Sample Product 447,PX0000447,PX0000447,999,Moon Stars LMS Account,999,GNPR,DRAFT,Sun,M0001,NULL,447,PACK 25,999,ProductOwner1@MoonStars.co.uk,ProductManager2@theapsgroup.com,0,Charge on Production
Moon and Stars,448,SAMPLE_0448,Sample Product 448,PX0000448,PX0000448,999,Moon Stars LMS Account,999,GNPR,DRAFT,Sun,M0001,NULL,448,PACK 100,999,ProductOwner1@MoonStars.co.uk,ProductManager3@theapsgroup.com,0.2,Charge on Production
Moon and Stars,449,SAMPLE_0449,Sample Product 449,PX0000449,PX0000449,999,Moon Stars LMS Account,999,FORM,DRAFT,Sun,M0001,NULL,449,PACK 50,999,ProductOwner2@MoonStars.co.uk,ProductManager1@theapsgroup.com,0,Charge on Production
Moon and Stars,450,SAMPLE_0450,Sample Product 450,PX0000450,PX0000450,999,Moon Stars LMS Account,999,GNPR,DRAFT,Moon,M0001,NULL,450,PACK 100,999,ProductOwner1@MoonStars.co.uk,ProductManager1@theapsgroup.com,0,Charge on Production
Moon and Stars,451,SAMPLE_0451,Sample Product 451,PX0000451,PX0000451,999,Moon Stars LMS Account,999,BKLT,DRAFT,Stars,M0001,NULL,451,PACK 25,999,ProductOwner2@MoonStars.co.uk,ProductManager2@theapsgroup.com,0.2,Charge on Production
Moon and Stars,452,SAMPLE_0452,Sample Product 452,PX0000452,PX0000452,999,Moon Stars LMS Account,999,BKLT,DRAFT,Sun,M0002,NULL,452,PACK 50,999,ProductOwner3@MoonStars.co.uk,ProductManager1@theapsgroup.com,0,Charge on Production
Moon and Stars,453,SAMPLE_0453,Sample Product 453,PX0000453,PX0000453,999,Moon Stars LMS Account,999,BKLT,DRAFT,Sun,M0001,NULL,453,PACK 25,999,ProductOwner1@MoonStars.co.uk,ProductManager3@theapsgroup.com,0,Charge on Production
Moon and Stars,454,SAMPLE_0454,Sample Product 454,PX0000454,PX0000454,999,Moon Stars LMS Account,999,GNPR,DRAFT,Stars,M0001,NULL,454,PACK 50,999,ProductOwner1@MoonStars.co.uk,ProductManager3@theapsgroup.com,0.2,Charge on Production
Moon and Stars,455,SAMPLE_0455,Sample Product 455,PX0000455,PX0000455,999,Moon Stars LMS Account,999,GNPR,DRAFT,Stars,M0001,NULL,455,PACK 50,999,ProductOwner1@MoonStars.co.uk,ProductManager2@theapsgroup.com,0,Charge on Production
Moon and Stars,456,SAMPLE_0456,Sample Product 456,PX0000456,PX0000456,999,Moon Stars LMS Account,999,BKLT,DRAFT,Moon,M0002,NULL,456,PACK 50,999,ProductOwner3@MoonStars.co.uk,ProductManager3@theapsgroup.com,0,Charge on Production
Moon and Stars,457,SAMPLE_0457,Sample Product 457,PX0000457,PX0000457,999,Moon Stars LMS Account,999,BKLT,DRAFT,Sun,M0001,NULL,457,PACK 50,999,ProductOwner1@MoonStars.co.uk,ProductManager4@theapsgroup.com,0,Charge on Production
Moon and Stars,458,SAMPLE_0458,Sample Product 458,PX0000458,PX0000458,999,Moon Stars LMS Account,999,BKLT,DRAFT,Stars,M0002,NULL,458,PACK 50,999,ProductOwner3@MoonStars.co.uk,ProductManager1@theapsgroup.com,0,Charge on Production
Moon and Stars,459,SAMPLE_0459,Sample Product 459,PX0000459,PX0000459,999,Moon Stars LMS Account,999,BKLT,DRAFT,Sun,M0001,NULL,459,PACK 50,999,ProductOwner2@MoonStars.co.uk,ProductManager2@theapsgroup.com,0.2,Charge on Production
Moon and Stars,460,SAMPLE_0460,Sample Product 460,PX0000460,PX0000460,999,Moon Stars LMS Account,999,FORM,DRAFT,Moon,M0001,NULL,460,PACK 50,999,ProductOwner1@MoonStars.co.uk,ProductManager1@theapsgroup.com,0,Charge on Production
Moon and Stars,461,SAMPLE_0461,Sample Product 461,PX0000461,PX0000461,999,Moon Stars LMS Account,999,BKLT,DRAFT,Sun,M0001,NULL,461,PACK 50,999,ProductOwner2@MoonStars.co.uk,ProductManager1@theapsgroup.com,0,Charge on Production
Moon and Stars,462,SAMPLE_0462,Sample Product 462,PX0000462,PX0000462,999,Moon Stars LMS Account,999,BKLT,DRAFT,Stars,M0001,NULL,462,PACK 50,999,ProductOwner2@MoonStars.co.uk,ProductManager4@theapsgroup.com,0,Charge on Production
Moon and Stars,463,SAMPLE_0463,Sample Product 463,PX0000463,PX0000463,999,Moon Stars LMS Account,999,BKLT,DRAFT,Sun,M0003,NULL,463,PACK 50,999,ProductOwner4@MoonStars.co.uk,ProductManager4@theapsgroup.com,0,Charge on Production
Moon and Stars,464,SAMPLE_0464,Sample Product 464,PX0000464,PX0000464,999,Moon Stars LMS Account,999,BKLT,DRAFT,Sun,M0001,NULL,464,PACK 50,999,ProductOwner2@MoonStars.co.uk,ProductManager4@theapsgroup.com,0.2,Charge on Production
Moon and Stars,465,SAMPLE_0465,Sample Product 465,PX0000465,PX0000465,999,Moon Stars LMS Account,999,BKLT,DRAFT,Sun,M0001,NULL,465,PACK 50,999,ProductOwner1@MoonStars.co.uk,ProductManager1@theapsgroup.com,0,Charge on Production
Moon and Stars,466,SAMPLE_0466,Sample Product 466,PX0000466,PX0000466,999,Moon Stars LMS Account,999,BKLT,DRAFT,Sun,M0002,NULL,466,PACK 50,999,ProductOwner3@MoonStars.co.uk,ProductManager3@theapsgroup.com,0,Charge on Production
Moon and Stars,467,SAMPLE_0467,Sample Product 467,PX0000467,PX0000467,999,Moon Stars LMS Account,999,BKLT,DRAFT,Sun,M0001,NULL,467,PACK 50,999,ProductOwner1@MoonStars.co.uk,ProductManager2@theapsgroup.com,0,Charge on Production
Moon and Stars,468,SAMPLE_0468,Sample Product 468,PX0000468,PX0000468,999,Moon Stars LMS Account,999,BKLT,DRAFT,Moon,M0001,NULL,468,PACK 50,999,ProductOwner1@MoonStars.co.uk,ProductManager3@theapsgroup.com,0.2,Charge on Production
Moon and Stars,469,SAMPLE_0469,Sample Product 469,PX0000469,PX0000469,999,Moon Stars LMS Account,999,BKLT,DRAFT,Stars,M0001,NULL,469,PACK 50,999,ProductOwner2@MoonStars.co.uk,ProductManager1@theapsgroup.com,0,Charge on Production
Moon and Stars,470,SAMPLE_0470,Sample Product 470,PX0000470,PX0000470,999,Moon Stars LMS Account,999,FORM,DRAFT,Stars,M0001,NULL,470,PACK 100,999,ProductOwner1@MoonStars.co.uk,ProductManager1@theapsgroup.com,0,Charge on Production
Moon and Stars,471,SAMPLE_0471,Sample Product 471,PX0000471,PX0000471,999,Moon Stars LMS Account,999,BKLT,DRAFT,Sun,M0001,NULL,471,PACK 50,999,ProductOwner2@MoonStars.co.uk,ProductManager2@theapsgroup.com,0.2,Charge on Production
Moon and Stars,472,SAMPLE_0472,Sample Product 472,PX0000472,PX0000472,999,Moon Stars LMS Account,999,BKLT,DRAFT,Stars,M0002,NULL,472,PACK 50,999,ProductOwner3@MoonStars.co.uk,ProductManager1@theapsgroup.com,0,Charge on Production
Moon and Stars,473,SAMPLE_0473,Sample Product 473,PX0000473,PX0000473,999,Moon Stars LMS Account,999,BKLT,DRAFT,Moon,M0001,NULL,473,PACK 50,999,ProductOwner1@MoonStars.co.uk,ProductManager3@theapsgroup.com,0,Charge on Production
Moon and Stars,474,SAMPLE_0474,Sample Product 474,PX0000474,PX0000474,999,Moon Stars LMS Account,999,BKLT,DRAFT,Sun,M0001,NULL,474,PACK 50,999,ProductOwner1@MoonStars.co.uk,ProductManager3@theapsgroup.com,0.2,Charge on Production
Moon and Stars,475,SAMPLE_0475,Sample Product 475,PX0000475,PX0000475,999,Moon Stars LMS Account,999,BKLT,DRAFT,Stars,M0001,NULL,475,PACK 50,999,ProductOwner1@MoonStars.co.uk,ProductManager2@theapsgroup.com,0,Charge on Production
Moon and Stars,476,SAMPLE_0476,Sample Product 476,PX0000476,PX0000476,999,Moon Stars LMS Account,999,BKLT,DRAFT,Stars,M0002,NULL,476,PACK 50,999,ProductOwner3@MoonStars.co.uk,ProductManager3@theapsgroup.com,0,Charge on Production
Moon and Stars,477,SAMPLE_0477,Sample Product 477,PX0000477,PX0000477,999,Moon Stars LMS Account,999,BKLT,DRAFT,Moon,M0001,NULL,477,PACK 50,999,ProductOwner1@MoonStars.co.uk,ProductManager4@theapsgroup.com,0,Charge on Production
Moon and Stars,478,SAMPLE_0478,Sample Product 478,PX0000478,PX0000478,999,Moon Stars LMS Account,999,BKLT,DRAFT,Stars,M0002,NULL,478,PACK 50,999,ProductOwner3@MoonStars.co.uk,ProductManager1@theapsgroup.com,0,Charge on Production
Moon and Stars,479,SAMPLE_0479,Sample Product 479,PX0000479,PX0000479,999,Moon Stars LMS Account,999,BKLT,DRAFT,Moon,M0001,NULL,479,PACK 25,999,ProductOwner2@MoonStars.co.uk,ProductManager2@theapsgroup.com,0.2,Charge on Production
Moon and Stars,480,SAMPLE_0480,Sample Product 480,PX0000480,PX0000480,999,Moon Stars LMS Account,999,BKLT,DRAFT,Stars,M0001,NULL,480,PACK 50,999,ProductOwner1@MoonStars.co.uk,ProductManager1@theapsgroup.com,0,Charge on Production
Moon and Stars,481,SAMPLE_0481,Sample Product 481,PX0000481,PX0000481,999,Moon Stars LMS Account,999,GNPR,DRAFT,Sun,M0001,NULL,481,PACK 100,999,ProductOwner2@MoonStars.co.uk,ProductManager1@theapsgroup.com,0,Charge on Production
Moon and Stars,482,SAMPLE_0482,Sample Product 482,PX0000482,PX0000482,999,Moon Stars LMS Account,999,BKLT,DRAFT,Stars,M0001,NULL,482,PACK 50,999,ProductOwner2@MoonStars.co.uk,ProductManager4@theapsgroup.com,0,Charge on Production
Moon and Stars,483,SAMPLE_0483,Sample Product 483,PX0000483,PX0000483,999,Moon Stars LMS Account,999,BKLT,DRAFT,Stars,M0003,NULL,483,PACK 50,999,ProductOwner4@MoonStars.co.uk,ProductManager4@theapsgroup.com,0,Charge on Production
Moon and Stars,484,SAMPLE_0484,Sample Product 484,PX0000484,PX0000484,999,Moon Stars LMS Account,999,BKLT,DRAFT,Moon,M0001,NULL,484,PACK 50,999,ProductOwner2@MoonStars.co.uk,ProductManager4@theapsgroup.com,0.2,Charge on Production
Moon and Stars,485,SAMPLE_0485,Sample Product 485,PX0000485,PX0000485,999,Moon Stars LMS Account,999,BKLT,DRAFT,Stars,M0001,NULL,485,PACK 50,999,ProductOwner1@MoonStars.co.uk,ProductManager1@theapsgroup.com,0,Charge on Production
Moon and Stars,486,SAMPLE_0486,Sample Product 486,PX0000486,PX0000486,999,Moon Stars LMS Account,999,BKLT,DRAFT,Moon,M0002,NULL,486,PACK 50,999,ProductOwner3@MoonStars.co.uk,ProductManager3@theapsgroup.com,0,Charge on Production
Moon and Stars,487,SAMPLE_0487,Sample Product 487,PX0000487,PX0000487,999,Moon Stars LMS Account,999,BKLT,DRAFT,Moon,M0001,NULL,487,PACK 25,999,ProductOwner1@MoonStars.co.uk,ProductManager2@theapsgroup.com,0,Charge on Production
Moon and Stars,488,SAMPLE_0488,Sample Product 488,PX0000488,PX0000488,999,Moon Stars LMS Account,999,BKLT,DRAFT,Stars,M0001,NULL,488,PACK 25,999,ProductOwner1@MoonStars.co.uk,ProductManager3@theapsgroup.com,0.2,Charge on Production
Moon and Stars,489,SAMPLE_0489,Sample Product 489,PX0000489,PX0000489,999,Moon Stars LMS Account,999,BKLT,DRAFT,Sun,M0001,NULL,489,PACK 25,999,ProductOwner2@MoonStars.co.uk,ProductManager1@theapsgroup.com,0,Charge on Production
Moon and Stars,490,SAMPLE_0490,Sample Product 490,PX0000490,PX0000490,999,Moon Stars LMS Account,999,BKLT,DRAFT,Stars,M0001,NULL,490,PACK 25,999,ProductOwner1@MoonStars.co.uk,ProductManager1@theapsgroup.com,0,Charge on Production
Moon and Stars,491,SAMPLE_0491,Sample Product 491,PX0000491,PX0000491,999,Moon Stars LMS Account,999,BKLT,DRAFT,Stars,M0001,NULL,491,PACK 25,999,ProductOwner2@MoonStars.co.uk,ProductManager2@theapsgroup.com,0.2,Charge on Production
Moon and Stars,492,SAMPLE_0492,Sample Product 492,PX0000492,PX0000492,999,Moon Stars LMS Account,999,BKLT,DRAFT,Sun,M0002,NULL,492,PACK 25,999,ProductOwner3@MoonStars.co.uk,ProductManager1@theapsgroup.com,0,Charge on Production
Moon and Stars,493,SAMPLE_0493,Sample Product 493,PX0000493,PX0000493,999,Moon Stars LMS Account,999,BKLT,DRAFT,Sun,M0001,NULL,493,PACK 25,999,ProductOwner1@MoonStars.co.uk,ProductManager3@theapsgroup.com,0,Charge on Production
Moon and Stars,494,SAMPLE_0494,Sample Product 494,PX0000494,PX0000494,999,Moon Stars LMS Account,999,BKLT,DRAFT,Sun,M0001,NULL,494,PACK 25,999,ProductOwner1@MoonStars.co.uk,ProductManager3@theapsgroup.com,0.2,Charge on Production
Moon and Stars,495,SAMPLE_0495,Sample Product 495,PX0000495,PX0000495,999,Moon Stars LMS Account,999,BKLT,DRAFT,Sun,M0001,NULL,495,PACK 10,999,ProductOwner1@MoonStars.co.uk,ProductManager2@theapsgroup.com,0,Charge on Production
Moon and Stars,496,SAMPLE_0496,Sample Product 496,PX0000496,PX0000496,999,Moon Stars LMS Account,999,BKLT,DRAFT,Stars,M0002,NULL,496,PACK 10,999,ProductOwner3@MoonStars.co.uk,ProductManager3@theapsgroup.com,0,Charge on Production
Moon and Stars,497,SAMPLE_0497,Sample Product 497,PX0000497,PX0000497,999,Moon Stars LMS Account,999,FORM,DRAFT,Stars,M0001,NULL,497,PACK 100,999,ProductOwner1@MoonStars.co.uk,ProductManager4@theapsgroup.com,0,Charge on Production
Moon and Stars,498,SAMPLE_0498,Sample Product 498,PX0000498,PX0000498,999,Moon Stars LMS Account,999,FORM,DRAFT,Stars,M0002,NULL,498,PACK 100,999,ProductOwner3@MoonStars.co.uk,ProductManager1@theapsgroup.com,0,Charge on Production
Moon and Stars,499,SAMPLE_0499,Sample Product 499,PX0000499,PX0000499,999,Moon Stars LMS Account,999,BKLT,DRAFT,Stars,M0001,NULL,499,PACK 10,999,ProductOwner2@MoonStars.co.uk,ProductManager2@theapsgroup.com,0.2,Charge on Production
Moon and Stars,500,SAMPLE_0500,Sample Product 500,PX0000500,PX0000500,999,Moon Stars LMS Account,999,BKLT,DRAFT,Stars,M0001,NULL,500,PACK 25,999,ProductOwner1@MoonStars.co.uk,ProductManager1@theapsgroup.com,0,Charge on Production
Moon and Stars,501,SAMPLE_0501,Sample Product 501,PX0000501,PX0000501,999,Moon Stars LMS Account,999,BKLT,DRAFT,Moon,M0001,NULL,501,PACK 25,999,ProductOwner2@MoonStars.co.uk,ProductManager1@theapsgroup.com,0,Charge on Production
Moon and Stars,502,SAMPLE_0502,Sample Product 502,PX0000502,PX0000502,999,Moon Stars LMS Account,999,GNPR,DRAFT,Sun,M0001,NULL,502,PACK 25,999,ProductOwner2@MoonStars.co.uk,ProductManager4@theapsgroup.com,0,Charge on Production
Moon and Stars,503,SAMPLE_0503,Sample Product 503,PX0000503,PX0000503,999,Moon Stars LMS Account,999,GNPR,DRAFT,Stars,M0003,NULL,503,PACK 100,999,ProductOwner4@MoonStars.co.uk,ProductManager4@theapsgroup.com,0,Charge on Production
Moon and Stars,504,SAMPLE_0504,Sample Product 504,PX0000504,PX0000504,999,Moon Stars LMS Account,999,BKLT,DRAFT,Stars,M0001,NULL,504,PACK 15,999,ProductOwner2@MoonStars.co.uk,ProductManager4@theapsgroup.com,0.2,Charge on Production
Moon and Stars,505,SAMPLE_0505,Sample Product 505,PX0000505,PX0000505,999,Moon Stars LMS Account,999,PAD,DRAFT,Stars,M0001,NULL,505,SINGLE,999,ProductOwner1@MoonStars.co.uk,ProductManager1@theapsgroup.com,0,Charge on Production
Moon and Stars,506,SAMPLE_0506,Sample Product 506,PX0000506,PX0000506,999,Moon Stars LMS Account,999,GNPR,DRAFT,Sun,M0002,NULL,506,PACK 25,999,ProductOwner3@MoonStars.co.uk,ProductManager3@theapsgroup.com,0,Charge on Production
Moon and Stars,507,SAMPLE_0507,Sample Product 507,PX0000507,PX0000507,999,Moon Stars LMS Account,999,GNPR,DRAFT,Moon,M0001,NULL,507,PACK 25,999,ProductOwner1@MoonStars.co.uk,ProductManager2@theapsgroup.com,0,Charge on Production
Moon and Stars,508,SAMPLE_0508,Sample Product 508,PX0000508,PX0000508,999,Moon Stars LMS Account,999,GNPR,DRAFT,Stars,M0001,NULL,508,PACK 25,999,ProductOwner1@MoonStars.co.uk,ProductManager3@theapsgroup.com,0.2,Charge on Production
Moon and Stars,509,SAMPLE_0509,Sample Product 509,PX0000509,PX0000509,999,Moon Stars LMS Account,999,GNPR,DRAFT,Sun,M0001,NULL,509,PACK 25,999,ProductOwner2@MoonStars.co.uk,ProductManager1@theapsgroup.com,0,Charge on Production
Moon and Stars,510,SAMPLE_0510,Sample Product 510,PX0000510,PX0000510,999,Moon Stars LMS Account,999,GNPR,DRAFT,Stars,M0001,NULL,510,PACK 25,999,ProductOwner1@MoonStars.co.uk,ProductManager1@theapsgroup.com,0,Charge on Production
Moon and Stars,511,SAMPLE_0511,Sample Product 511,PX0000511,PX0000511,999,Moon Stars LMS Account,999,GNPR,DRAFT,Sun,M0001,NULL,511,PACK 25,999,ProductOwner2@MoonStars.co.uk,ProductManager2@theapsgroup.com,0.2,Charge on Production
Moon and Stars,512,SAMPLE_0512,Sample Product 512,PX0000512,PX0000512,999,Moon Stars LMS Account,999,GNPR,DRAFT,Sun,M0002,NULL,512,PACK 10,999,ProductOwner3@MoonStars.co.uk,ProductManager1@theapsgroup.com,0,Charge on Production
Moon and Stars,513,SAMPLE_0513,Sample Product 513,PX0000513,PX0000513,999,Moon Stars LMS Account,999,FOLD,DRAFT,Sun,M0001,NULL,513,SINGLE,999,ProductOwner1@MoonStars.co.uk,ProductManager3@theapsgroup.com,0,Charge on Production
Moon and Stars,514,SAMPLE_0514,Sample Product 514,PX0000514,PX0000514,999,Moon Stars LMS Account,999,FOLD,DRAFT,Stars,M0001,NULL,514,SINGLE,999,ProductOwner1@MoonStars.co.uk,ProductManager3@theapsgroup.com,0.2,Charge on Production
Moon and Stars,515,SAMPLE_0515,Sample Product 515,PX0000515,PX0000515,999,Moon Stars LMS Account,999,GNPR,DRAFT,Stars,M0001,NULL,515,PACK 50,999,ProductOwner1@MoonStars.co.uk,ProductManager2@theapsgroup.com,0,Charge on Production
Moon and Stars,516,SAMPLE_0516,Sample Product 516,PX0000516,PX0000516,999,Moon Stars LMS Account,999,GNPR,DRAFT,Stars,M0002,NULL,516,PACK 50,999,ProductOwner3@MoonStars.co.uk,ProductManager3@theapsgroup.com,0,Charge on Production
Moon and Stars,517,SAMPLE_0517,Sample Product 517,PX0000517,PX0000517,999,Moon Stars LMS Account,999,GNPR,DRAFT,Moon,M0001,NULL,517,SINGLE,999,ProductOwner1@MoonStars.co.uk,ProductManager4@theapsgroup.com,0,Charge on Production
Moon and Stars,518,SAMPLE_0518,Sample Product 518,PX0000518,PX0000518,999,Moon Stars LMS Account,999,LFLT,DRAFT,Stars,M0002,NULL,518,PACK 50,999,ProductOwner3@MoonStars.co.uk,ProductManager1@theapsgroup.com,0,Charge on Production
Moon and Stars,519,SAMPLE_0519,Sample Product 519,PX0000519,PX0000519,999,Moon Stars LMS Account,999,BROC,DRAFT,Stars,M0001,NULL,519,SINGLE,999,ProductOwner2@MoonStars.co.uk,ProductManager2@theapsgroup.com,0.2,Charge on Production
Moon and Stars,520,SAMPLE_0520,Sample Product 520,PX0000520,PX0000520,999,Moon Stars LMS Account,999,BROC,DRAFT,Stars,M0001,NULL,520,SINGLE,999,ProductOwner1@MoonStars.co.uk,ProductManager1@theapsgroup.com,0,Charge on Production
Moon and Stars,521,SAMPLE_0521,Sample Product 521,PX0000521,PX0000521,999,Moon Stars LMS Account,999,LFLT,DRAFT,Sun,M0001,NULL,521,PACK 25,999,ProductOwner2@MoonStars.co.uk,ProductManager1@theapsgroup.com,0,Charge on Production
Moon and Stars,522,SAMPLE_0522,Sample Product 522,PX0000522,PX0000522,999,Moon Stars LMS Account,999,FULL,DRAFT,Sun,M0001,NULL,522,SINGLE,999,ProductOwner2@MoonStars.co.uk,ProductManager4@theapsgroup.com,0,Charge on Production
Moon and Stars,523,SAMPLE_0523,Sample Product 523,PX0000523,PX0000523,999,Moon Stars LMS Account,999,GNPR,DRAFT,Stars,M0003,NULL,523,SINGLE,999,ProductOwner4@MoonStars.co.uk,ProductManager4@theapsgroup.com,0,Charge on Production
Moon and Stars,524,SAMPLE_0524,Sample Product 524,PX0000524,PX0000524,999,Moon Stars LMS Account,999,PSTR,DRAFT,Sun,M0001,NULL,524,PACK 4,999,ProductOwner2@MoonStars.co.uk,ProductManager4@theapsgroup.com,0.2,Charge on Production
Moon and Stars,525,SAMPLE_0525,Sample Product 525,PX0000525,PX0000525,999,Moon Stars LMS Account,999,COMP,DRAFT,Moon,M0001,NULL,525,PACK 250,999,ProductOwner1@MoonStars.co.uk,ProductManager1@theapsgroup.com,0,Charge on Production
Moon and Stars,526,SAMPLE_0526,Sample Product 526,PX0000526,PX0000526,999,Moon Stars LMS Account,999,LTHD,DRAFT,Stars,M0002,NULL,526,PACK 500,999,ProductOwner3@MoonStars.co.uk,ProductManager3@theapsgroup.com,0,Charge on Production
Moon and Stars,527,SAMPLE_0527,Sample Product 527,PX0000527,PX0000527,999,Moon Stars LMS Account,999,COMP,DRAFT,Sun,M0001,NULL,527,PACK 250,999,ProductOwner1@MoonStars.co.uk,ProductManager2@theapsgroup.com,0,Charge on Production
Moon and Stars,528,SAMPLE_0528,Sample Product 528,PX0000528,PX0000528,999,Moon Stars LMS Account,999,LTHD,DRAFT,Stars,M0001,NULL,528,PACK 500,999,ProductOwner1@MoonStars.co.uk,ProductManager3@theapsgroup.com,0.2,Charge on Production
Moon and Stars,529,SAMPLE_0529,Sample Product 529,PX0000529,PX0000529,999,Moon Stars LMS Account,999,GNPR,DRAFT,Sun,M0001,NULL,529,PACK 100,999,ProductOwner2@MoonStars.co.uk,ProductManager1@theapsgroup.com,0,Charge on Production
Moon and Stars,530,SAMPLE_0530,Sample Product 530,PX0000530,PX0000530,999,Moon Stars LMS Account,999,GNPR,DRAFT,Sun,M0001,NULL,530,PACK 150,999,ProductOwner1@MoonStars.co.uk,ProductManager1@theapsgroup.com,0,Charge on Production
Moon and Stars,531,SAMPLE_0531,Sample Product 531,PX0000531,PX0000531,999,Moon Stars LMS Account,999,FORM,DRAFT,Sun,M0001,NULL,531,SINGLE,999,ProductOwner2@MoonStars.co.uk,ProductManager2@theapsgroup.com,0.2,Charge on Production
Moon and Stars,532,SAMPLE_0532,Sample Product 532,PX0000532,PX0000532,999,Moon Stars LMS Account,999,PAD,DRAFT,Moon,M0002,NULL,532,SINGLE,999,ProductOwner3@MoonStars.co.uk,ProductManager1@theapsgroup.com,0,Charge on Production
Moon and Stars,533,SAMPLE_0533,Sample Product 533,PX0000533,PX0000533,999,Moon Stars LMS Account,999,PAD,DRAFT,Sun,M0001,NULL,533,SINGLE,999,ProductOwner1@MoonStars.co.uk,ProductManager3@theapsgroup.com,0,Charge on Production
Moon and Stars,534,SAMPLE_0534,Sample Product 534,PX0000534,PX0000534,999,Moon Stars LMS Account,999,FORM,DRAFT,Sun,M0001,NULL,534,PACK 25,999,ProductOwner1@MoonStars.co.uk,ProductManager3@theapsgroup.com,0.2,Charge on Production
Moon and Stars,535,SAMPLE_0535,Sample Product 535,PX0000535,PX0000535,999,Moon Stars LMS Account,999,BKLT,DRAFT,Stars,M0001,NULL,535,PACK 25,999,ProductOwner1@MoonStars.co.uk,ProductManager2@theapsgroup.com,0,Charge on Production
Moon and Stars,536,SAMPLE_0536,Sample Product 536,PX0000536,PX0000536,999,Moon Stars LMS Account,999,BKLT,DRAFT,Moon,M0002,NULL,536,PACK 25,999,ProductOwner3@MoonStars.co.uk,ProductManager3@theapsgroup.com,0,Charge on Production
Moon and Stars,537,SAMPLE_0537,Sample Product 537,PX0000537,PX0000537,999,Moon Stars LMS Account,999,GNPR,DRAFT,Sun,M0001,NULL,537,PACK 25,999,ProductOwner1@MoonStars.co.uk,ProductManager4@theapsgroup.com,0,Charge on Production
Moon and Stars,538,SAMPLE_0538,Sample Product 538,PX0000538,PX0000538,999,Moon Stars LMS Account,999,GNPR,DRAFT,Sun,M0002,NULL,538,PACK 50,999,ProductOwner3@MoonStars.co.uk,ProductManager1@theapsgroup.com,0,Charge on Production
Moon and Stars,539,SAMPLE_0539,Sample Product 539,PX0000539,PX0000539,999,Moon Stars LMS Account,999,GNPR,DRAFT,Sun,M0001,NULL,539,PACK 50,999,ProductOwner2@MoonStars.co.uk,ProductManager2@theapsgroup.com,0.2,Charge on Production
Moon and Stars,540,SAMPLE_0540,Sample Product 540,PX0000540,PX0000540,999,Moon Stars LMS Account,999,GNPR,DRAFT,Moon,M0001,NULL,540,PACK 25,999,ProductOwner1@MoonStars.co.uk,ProductManager1@theapsgroup.com,0,Charge on Production
Moon and Stars,541,SAMPLE_0541,Sample Product 541,PX0000541,PX0000541,999,Moon Stars LMS Account,999,GNPR,DRAFT,Moon,M0001,NULL,541,PACK 100,999,ProductOwner2@MoonStars.co.uk,ProductManager1@theapsgroup.com,0,Charge on Production
Moon and Stars,542,SAMPLE_0542,Sample Product 542,PX0000542,PX0000542,999,Moon Stars LMS Account,999,GNPR,DRAFT,Stars,M0001,NULL,542,SINGLE,999,ProductOwner2@MoonStars.co.uk,ProductManager4@theapsgroup.com,0,Charge on Production
Moon and Stars,543,SAMPLE_0543,Sample Product 543,PX0000543,PX0000543,999,Moon Stars LMS Account,999,GNPR,DRAFT,Stars,M0003,NULL,543,PACK 50,999,ProductOwner4@MoonStars.co.uk,ProductManager4@theapsgroup.com,0,Charge on Production
Moon and Stars,544,SAMPLE_0544,Sample Product 544,PX0000544,PX0000544,999,Moon Stars LMS Account,999,GNPR,DRAFT,Moon,M0001,NULL,544,PACK 50,999,ProductOwner2@MoonStars.co.uk,ProductManager4@theapsgroup.com,0.2,Charge on Production
Moon and Stars,545,SAMPLE_0545,Sample Product 545,PX0000545,PX0000545,999,Moon Stars LMS Account,999,GNPR,DRAFT,Sun,M0001,NULL,545,PACK 25,999,ProductOwner1@MoonStars.co.uk,ProductManager1@theapsgroup.com,0,Charge on Production
Moon and Stars,546,SAMPLE_0546,Sample Product 546,PX0000546,PX0000546,999,Moon Stars LMS Account,999,GNPR,DRAFT,Stars,M0002,NULL,546,PACK 25,999,ProductOwner3@MoonStars.co.uk,ProductManager3@theapsgroup.com,0,Charge on Production
Moon and Stars,547,SAMPLE_0547,Sample Product 547,PX0000547,PX0000547,999,Moon Stars LMS Account,999,GNPR,DRAFT,Sun,M0001,NULL,547,PACK 25,999,ProductOwner1@MoonStars.co.uk,ProductManager2@theapsgroup.com,0,Charge on Production
Moon and Stars,548,SAMPLE_0548,Sample Product 548,PX0000548,PX0000548,999,Moon Stars LMS Account,999,GNPR,DRAFT,Moon,M0001,NULL,548,PACK 25,999,ProductOwner1@MoonStars.co.uk,ProductManager3@theapsgroup.com,0.2,Charge on Production
Moon and Stars,549,SAMPLE_0549,Sample Product 549,PX0000549,PX0000549,999,Moon Stars LMS Account,999,GNPR,DRAFT,Moon,M0001,NULL,549,PACK 100,999,ProductOwner2@MoonStars.co.uk,ProductManager1@theapsgroup.com,0,Charge on Production
Moon and Stars,550,SAMPLE_0550,Sample Product 550,PX0000550,PX0000550,999,Moon Stars LMS Account,999,GNPR,DRAFT,Stars,M0001,NULL,550,PACK 100,999,ProductOwner1@MoonStars.co.uk,ProductManager1@theapsgroup.com,0,Charge on Production
Moon and Stars,551,SAMPLE_0551,Sample Product 551,PX0000551,PX0000551,999,Moon Stars LMS Account,999,GNPR,DRAFT,Stars,M0001,NULL,551,PACK 100,999,ProductOwner2@MoonStars.co.uk,ProductManager2@theapsgroup.com,0.2,Charge on Production
Moon and Stars,552,SAMPLE_0552,Sample Product 552,PX0000552,PX0000552,999,Moon Stars LMS Account,999,GNPR,DRAFT,Sun,M0002,NULL,552,PACK 100,999,ProductOwner3@MoonStars.co.uk,ProductManager1@theapsgroup.com,0,Charge on Production
Moon and Stars,553,SAMPLE_0553,Sample Product 553,PX0000553,PX0000553,999,Moon Stars LMS Account,999,GNPR,DRAFT,Stars,M0001,NULL,553,PACK 100,999,ProductOwner1@MoonStars.co.uk,ProductManager3@theapsgroup.com,0,Charge on Production
Moon and Stars,554,SAMPLE_0554,Sample Product 554,PX0000554,PX0000554,999,Moon Stars LMS Account,999,GNPR,DRAFT,Moon,M0001,NULL,554,PACK 100,999,ProductOwner1@MoonStars.co.uk,ProductManager3@theapsgroup.com,0.2,Charge on Production
Moon and Stars,555,SAMPLE_0555,Sample Product 555,PX0000555,PX0000555,999,Moon Stars LMS Account,999,GNPR,DRAFT,Stars,M0001,NULL,555,PACK 100,999,ProductOwner1@MoonStars.co.uk,ProductManager2@theapsgroup.com,0,Charge on Production
Moon and Stars,556,SAMPLE_0556,Sample Product 556,PX0000556,PX0000556,999,Moon Stars LMS Account,999,BKLT,DRAFT,Sun,M0002,NULL,556,PACK 15,999,ProductOwner3@MoonStars.co.uk,ProductManager3@theapsgroup.com,0,Charge on Production
Moon and Stars,557,SAMPLE_0557,Sample Product 557,PX0000557,PX0000557,999,Moon Stars LMS Account,999,FORM,DRAFT,Stars,M0001,NULL,557,PACK 50,999,ProductOwner1@MoonStars.co.uk,ProductManager4@theapsgroup.com,0,Charge on Production
Moon and Stars,558,SAMPLE_0558,Sample Product 558,PX0000558,PX0000558,999,Moon Stars LMS Account,999,POSA,DRAFT,Stars,M0002,NULL,558,PACK 500,999,ProductOwner3@MoonStars.co.uk,ProductManager1@theapsgroup.com,0,Charge on Production
Moon and Stars,559,SAMPLE_0559,Sample Product 559,PX0000559,PX0000559,999,Moon Stars LMS Account,999,GNPR,DRAFT,Moon,M0001,NULL,559,PACK 100,999,ProductOwner2@MoonStars.co.uk,ProductManager2@theapsgroup.com,0.2,Charge on Production
Moon and Stars,560,SAMPLE_0560,Sample Product 560,PX0000560,PX0000560,999,Moon Stars LMS Account,999,GNPR,DRAFT,Stars,M0001,NULL,560,PACK 100,999,ProductOwner1@MoonStars.co.uk,ProductManager1@theapsgroup.com,0,Charge on Production
Moon and Stars,561,SAMPLE_0561,Sample Product 561,PX0000561,PX0000561,999,Moon Stars LMS Account,999,PAD,DRAFT,Stars,M0001,NULL,561,SINGLE,999,ProductOwner2@MoonStars.co.uk,ProductManager1@theapsgroup.com,0,Charge on Production
Moon and Stars,562,SAMPLE_0562,Sample Product 562,PX0000562,PX0000562,999,Moon Stars LMS Account,999,GNPR,DRAFT,Sun,M0001,NULL,562,PACK 100,999,ProductOwner2@MoonStars.co.uk,ProductManager4@theapsgroup.com,0,Charge on Production
Moon and Stars,563,SAMPLE_0563,Sample Product 563,PX0000563,PX0000563,999,Moon Stars LMS Account,999,GNPR,DRAFT,Sun,M0003,NULL,563,PACK 100,999,ProductOwner4@MoonStars.co.uk,ProductManager4@theapsgroup.com,0,Charge on Production
Moon and Stars,564,SAMPLE_0564,Sample Product 564,PX0000564,PX0000564,999,Moon Stars LMS Account,999,GNPR,DRAFT,Sun,M0001,NULL,564,PACK 150,999,ProductOwner2@MoonStars.co.uk,ProductManager4@theapsgroup.com,0.2,Charge on Production
Moon and Stars,565,SAMPLE_0565,Sample Product 565,PX0000565,PX0000565,999,Moon Stars LMS Account,999,GNPR,DRAFT,Moon,M0001,NULL,565,PACK 150,999,ProductOwner1@MoonStars.co.uk,ProductManager1@theapsgroup.com,0,Charge on Production
Moon and Stars,566,SAMPLE_0566,Sample Product 566,PX0000566,PX0000566,999,Moon Stars LMS Account,999,GNPR,DRAFT,Sun,M0002,NULL,566,PACK 150,999,ProductOwner3@MoonStars.co.uk,ProductManager3@theapsgroup.com,0,Charge on Production
Moon and Stars,567,SAMPLE_0567,Sample Product 567,PX0000567,PX0000567,999,Moon Stars LMS Account,999,GNPR,DRAFT,Sun,M0001,NULL,567,PACK 100,999,ProductOwner1@MoonStars.co.uk,ProductManager2@theapsgroup.com,0,Charge on Production
Moon and Stars,568,SAMPLE_0568,Sample Product 568,PX0000568,PX0000568,999,Moon Stars LMS Account,999,GNPR,DRAFT,Moon,M0001,NULL,568,SINGLE,999,ProductOwner1@MoonStars.co.uk,ProductManager3@theapsgroup.com,0.2,Charge on Production
Moon and Stars,569,SAMPLE_0569,Sample Product 569,PX0000569,PX0000569,999,Moon Stars LMS Account,999,GNPR,DRAFT,Stars,M0001,NULL,569,PACK 100,999,ProductOwner2@MoonStars.co.uk,ProductManager1@theapsgroup.com,0,Charge on Production
Moon and Stars,570,SAMPLE_0570,Sample Product 570,PX0000570,PX0000570,999,Moon Stars LMS Account,999,GNPR,DRAFT,Sun,M0001,NULL,570,PACK 50,999,ProductOwner1@MoonStars.co.uk,ProductManager1@theapsgroup.com,0,Charge on Production
Moon and Stars,571,SAMPLE_0571,Sample Product 571,PX0000571,PX0000571,999,Moon Stars LMS Account,999,GNPR,DRAFT,Stars,M0001,NULL,571,PACK 100,999,ProductOwner2@MoonStars.co.uk,ProductManager2@theapsgroup.com,0.2,Charge on Production
Moon and Stars,572,SAMPLE_0572,Sample Product 572,PX0000572,PX0000572,999,Moon Stars LMS Account,999,GNPR,DRAFT,Stars,M0002,NULL,572,PACK 100,999,ProductOwner3@MoonStars.co.uk,ProductManager1@theapsgroup.com,0,Charge on Production
Moon and Stars,573,SAMPLE_0573,Sample Product 573,PX0000573,PX0000573,999,Moon Stars LMS Account,999,GNPR,DRAFT,Stars,M0001,NULL,573,PACK 100,999,ProductOwner1@MoonStars.co.uk,ProductManager3@theapsgroup.com,0,Charge on Production
Moon and Stars,574,SAMPLE_0574,Sample Product 574,PX0000574,PX0000574,999,Moon Stars LMS Account,999,GNPR,DRAFT,Stars,M0001,NULL,574,PACK 100,999,ProductOwner1@MoonStars.co.uk,ProductManager3@theapsgroup.com,0.2,Charge on Production
Moon and Stars,575,SAMPLE_0575,Sample Product 575,PX0000575,PX0000575,999,Moon Stars LMS Account,999,FORM,DRAFT,Sun,M0001,NULL,575,PACK 100,999,ProductOwner1@MoonStars.co.uk,ProductManager2@theapsgroup.com,0,Charge on Production
Moon and Stars,576,SAMPLE_0576,Sample Product 576,PX0000576,PX0000576,999,Moon Stars LMS Account,999,FORM,DRAFT,Sun,M0002,NULL,576,PACK 100,999,ProductOwner3@MoonStars.co.uk,ProductManager3@theapsgroup.com,0,Charge on Production
Moon and Stars,577,SAMPLE_0577,Sample Product 577,PX0000577,PX0000577,999,Moon Stars LMS Account,999,GNPR,DRAFT,Moon,M0001,NULL,577,PACK 100,999,ProductOwner1@MoonStars.co.uk,ProductManager4@theapsgroup.com,0,Charge on Production
Moon and Stars,578,SAMPLE_0578,Sample Product 578,PX0000578,PX0000578,999,Moon Stars LMS Account,999,GNPR,DRAFT,Sun,M0002,NULL,578,PACK 50,999,ProductOwner3@MoonStars.co.uk,ProductManager1@theapsgroup.com,0,Charge on Production
Moon and Stars,579,SAMPLE_0579,Sample Product 579,PX0000579,PX0000579,999,Moon Stars LMS Account,999,FORM,DRAFT,Sun,M0001,NULL,579,PACK 50,999,ProductOwner2@MoonStars.co.uk,ProductManager2@theapsgroup.com,0.2,Charge on Production
Moon and Stars,580,SAMPLE_0580,Sample Product 580,PX0000580,PX0000580,999,Moon Stars LMS Account,999,GNPR,DRAFT,Moon,M0001,NULL,580,PACK 10,999,ProductOwner1@MoonStars.co.uk,ProductManager1@theapsgroup.com,0,Charge on Production
Moon and Stars,581,SAMPLE_0581,Sample Product 581,PX0000581,PX0000581,999,Moon Stars LMS Account,999,GNPR,DRAFT,Stars,M0001,NULL,581,SINGLE,999,ProductOwner2@MoonStars.co.uk,ProductManager1@theapsgroup.com,0,Charge on Production
Moon and Stars,582,SAMPLE_0582,Sample Product 582,PX0000582,PX0000582,999,Moon Stars LMS Account,999,FOLD,DRAFT,Stars,M0001,NULL,582,PACK 50,999,ProductOwner2@MoonStars.co.uk,ProductManager4@theapsgroup.com,0,Charge on Production
Moon and Stars,583,SAMPLE_0583,Sample Product 583,PX0000583,PX0000583,999,Moon Stars LMS Account,999,GNPR,DRAFT,Stars,M0003,NULL,583,SINGLE,999,ProductOwner4@MoonStars.co.uk,ProductManager4@theapsgroup.com,0,Charge on Production
Moon and Stars,584,SAMPLE_0584,Sample Product 584,PX0000584,PX0000584,999,Moon Stars LMS Account,999,GNPR,DRAFT,Stars,M0001,NULL,584,SINGLE,999,ProductOwner2@MoonStars.co.uk,ProductManager4@theapsgroup.com,0.2,Charge on Production
Moon and Stars,585,SAMPLE_0585,Sample Product 585,PX0000585,PX0000585,999,Moon Stars LMS Account,999,GNPR,DRAFT,Stars,M0001,NULL,585,SINGLE,999,ProductOwner1@MoonStars.co.uk,ProductManager1@theapsgroup.com,0,Charge on Production
Moon and Stars,586,SAMPLE_0586,Sample Product 586,PX0000586,PX0000586,999,Moon Stars LMS Account,999,GNPR,DRAFT,Moon,M0002,NULL,586,SINGLE,999,ProductOwner3@MoonStars.co.uk,ProductManager3@theapsgroup.com,0,Charge on Production
Moon and Stars,587,SAMPLE_0587,Sample Product 587,PX0000587,PX0000587,999,Moon Stars LMS Account,999,GNPR,DRAFT,Moon,M0001,NULL,587,SINGLE,999,ProductOwner1@MoonStars.co.uk,ProductManager2@theapsgroup.com,0,Charge on Production
Moon and Stars,588,SAMPLE_0588,Sample Product 588,PX0000588,PX0000588,999,Moon Stars LMS Account,999,GNPR,DRAFT,Moon,M0001,NULL,588,SINGLE,999,ProductOwner1@MoonStars.co.uk,ProductManager3@theapsgroup.com,0.2,Charge on Production
Moon and Stars,589,SAMPLE_0589,Sample Product 589,PX0000589,PX0000589,999,Moon Stars LMS Account,999,MISC,DRAFT,Moon,M0001,NULL,589,SINGLE,999,ProductOwner2@MoonStars.co.uk,ProductManager1@theapsgroup.com,0,Charge on Production
Moon and Stars,590,SAMPLE_0590,Sample Product 590,PX0000590,PX0000590,999,Moon Stars LMS Account,999,FOLD,DRAFT,Moon,M0001,NULL,590,SINGLE,999,ProductOwner1@MoonStars.co.uk,ProductManager1@theapsgroup.com,0,Charge on Production
Moon and Stars,591,SAMPLE_0591,Sample Product 591,PX0000591,PX0000591,999,Moon Stars LMS Account,999,FOLD,DRAFT,Sun,M0001,NULL,591,SINGLE,999,ProductOwner2@MoonStars.co.uk,ProductManager2@theapsgroup.com,0.2,Charge on Production
Moon and Stars,592,SAMPLE_0592,Sample Product 592,PX0000592,PX0000592,999,Moon Stars LMS Account,999,FOLD,DRAFT,Sun,M0002,NULL,592,SINGLE,999,ProductOwner3@MoonStars.co.uk,ProductManager1@theapsgroup.com,0,Charge on Production
Moon and Stars,593,SAMPLE_0593,Sample Product 593,PX0000593,PX0000593,999,Moon Stars LMS Account,999,FOLD,DRAFT,Stars,M0001,NULL,593,SINGLE,999,ProductOwner1@MoonStars.co.uk,ProductManager3@theapsgroup.com,0,Charge on Production
Moon and Stars,594,SAMPLE_0594,Sample Product 594,PX0000594,PX0000594,999,Moon Stars LMS Account,999,FOLD,DRAFT,Stars,M0001,NULL,594,SINGLE,999,ProductOwner1@MoonStars.co.uk,ProductManager3@theapsgroup.com,0.2,Charge on Production
Moon and Stars,595,SAMPLE_0595,Sample Product 595,PX0000595,PX0000595,999,Moon Stars LMS Account,999,FOLD,DRAFT,Sun,M0001,NULL,595,SINGLE,999,ProductOwner1@MoonStars.co.uk,ProductManager2@theapsgroup.com,0,Charge on Production
Moon and Stars,596,SAMPLE_0596,Sample Product 596,PX0000596,PX0000596,999,Moon Stars LMS Account,999,MISC,DRAFT,Moon,M0002,NULL,596,SINGLE,999,ProductOwner3@MoonStars.co.uk,ProductManager3@theapsgroup.com,0,Charge on Production
Moon and Stars,597,SAMPLE_0597,Sample Product 597,PX0000597,PX0000597,999,Moon Stars LMS Account,999,CARD,DRAFT,Sun,M0001,NULL,597,PACK 25,999,ProductOwner1@MoonStars.co.uk,ProductManager4@theapsgroup.com,0,Charge on Production
Moon and Stars,598,SAMPLE_0598,Sample Product 598,PX0000598,PX0000598,999,Moon Stars LMS Account,999,PSTR,DRAFT,Sun,M0002,NULL,598,SINGLE,999,ProductOwner3@MoonStars.co.uk,ProductManager1@theapsgroup.com,0,Charge on Production
Moon and Stars,599,SAMPLE_0599,Sample Product 599,PX0000599,PX0000599,999,Moon Stars LMS Account,999,BROC,DRAFT,Sun,M0001,NULL,599,SINGLE,999,ProductOwner2@MoonStars.co.uk,ProductManager2@theapsgroup.com,0.2,Charge on Production
Moon and Stars,600,SAMPLE_0600,Sample Product 600,PX0000600,PX0000600,999,Moon Stars LMS Account,999,PSTR,DRAFT,Sun,M0001,NULL,600,PACK 10,999,ProductOwner1@MoonStars.co.uk,ProductManager1@theapsgroup.com,0,Charge on Production
Moon and Stars,601,SAMPLE_0601,Sample Product 601,PX0000601,PX0000601,999,Moon Stars LMS Account,999,GNPR,DRAFT,Moon,M0001,NULL,601,PACK 50,999,ProductOwner2@MoonStars.co.uk,ProductManager1@theapsgroup.com,0,Charge on Production
Moon and Stars,602,SAMPLE_0602,Sample Product 602,PX0000602,PX0000602,999,Moon Stars LMS Account,999,FORM,DRAFT,Stars,M0001,NULL,602,PACK 50,999,ProductOwner2@MoonStars.co.uk,ProductManager4@theapsgroup.com,0,Charge on Production
Moon and Stars,603,SAMPLE_0603,Sample Product 603,PX0000603,PX0000603,999,Moon Stars LMS Account,999,FORM,DRAFT,Moon,M0003,NULL,603,PACK 50,999,ProductOwner4@MoonStars.co.uk,ProductManager4@theapsgroup.com,0,Charge on Production
Moon and Stars,604,SAMPLE_0604,Sample Product 604,PX0000604,PX0000604,999,Moon Stars LMS Account,999,GNPR,DRAFT,Stars,M0001,NULL,604,PACK 50,999,ProductOwner2@MoonStars.co.uk,ProductManager4@theapsgroup.com,0.2,Charge on Production
Moon and Stars,605,SAMPLE_0605,Sample Product 605,PX0000605,PX0000605,999,Moon Stars LMS Account,999,BN,DRAFT,Stars,M0001,NULL,605,SINGLE,999,ProductOwner1@MoonStars.co.uk,ProductManager1@theapsgroup.com,0,Charge on Production
Moon and Stars,606,SAMPLE_0606,Sample Product 606,PX0000606,PX0000606,999,Moon Stars LMS Account,999,BN,DRAFT,Sun,M0002,NULL,606,SINGLE,999,ProductOwner3@MoonStars.co.uk,ProductManager3@theapsgroup.com,0,Charge on Production
Moon and Stars,607,SAMPLE_0607,Sample Product 607,PX0000607,PX0000607,999,Moon Stars LMS Account,999,LFLT,DRAFT,Sun,M0001,NULL,607,PACK 50,999,ProductOwner1@MoonStars.co.uk,ProductManager2@theapsgroup.com,0,Charge on Production
Moon and Stars,608,SAMPLE_0608,Sample Product 608,PX0000608,PX0000608,999,Moon Stars LMS Account,999,CARD,DRAFT,Moon,M0001,NULL,608,PACK 30,999,ProductOwner1@MoonStars.co.uk,ProductManager3@theapsgroup.com,0.2,Charge on Production
Moon and Stars,609,SAMPLE_0609,Sample Product 609,PX0000609,PX0000609,999,Moon Stars LMS Account,999,CARD,DRAFT,Sun,M0001,NULL,609,PACK 30,999,ProductOwner2@MoonStars.co.uk,ProductManager1@theapsgroup.com,0,Charge on Production
Moon and Stars,610,SAMPLE_0610,Sample Product 610,PX0000610,PX0000610,999,Moon Stars LMS Account,999,BROC,DRAFT,Moon,M0001,NULL,610,PACK 50,999,ProductOwner1@MoonStars.co.uk,ProductManager1@theapsgroup.com,0,Charge on Production
Moon and Stars,611,SAMPLE_0611,Sample Product 611,PX0000611,PX0000611,999,Moon Stars LMS Account,999,GNPR,DRAFT,Sun,M0001,NULL,611,PACK 50,999,ProductOwner2@MoonStars.co.uk,ProductManager2@theapsgroup.com,0.2,Charge on Production
Moon and Stars,612,SAMPLE_0612,Sample Product 612,PX0000612,PX0000612,999,Moon Stars LMS Account,999,GNPR,DRAFT,Moon,M0002,NULL,612,PACK 50,999,ProductOwner3@MoonStars.co.uk,ProductManager1@theapsgroup.com,0,Charge on Production
Moon and Stars,613,SAMPLE_0613,Sample Product 613,PX0000613,PX0000613,999,Moon Stars LMS Account,999,GNPR,DRAFT,Sun,M0001,NULL,613,PACK 50,999,ProductOwner1@MoonStars.co.uk,ProductManager3@theapsgroup.com,0,Charge on Production
Moon and Stars,614,SAMPLE_0614,Sample Product 614,PX0000614,PX0000614,999,Moon Stars LMS Account,999,GNPR,DRAFT,Moon,M0001,NULL,614,PACK 50,999,ProductOwner1@MoonStars.co.uk,ProductManager3@theapsgroup.com,0.2,Charge on Production
Moon and Stars,615,SAMPLE_0615,Sample Product 615,PX0000615,PX0000615,999,Moon Stars LMS Account,999,GNPR,DRAFT,Sun,M0001,NULL,615,PACK 50,999,ProductOwner1@MoonStars.co.uk,ProductManager2@theapsgroup.com,0,Charge on Production
Moon and Stars,616,SAMPLE_0616,Sample Product 616,PX0000616,PX0000616,999,Moon Stars LMS Account,999,GNPR,DRAFT,Sun,M0002,NULL,616,PACK 50,999,ProductOwner3@MoonStars.co.uk,ProductManager3@theapsgroup.com,0,Charge on Production
Moon and Stars,617,SAMPLE_0617,Sample Product 617,PX0000617,PX0000617,999,Moon Stars LMS Account,999,GNPR,DRAFT,Moon,M0001,NULL,617,PACK 50,999,ProductOwner1@MoonStars.co.uk,ProductManager4@theapsgroup.com,0,Charge on Production
Moon and Stars,618,SAMPLE_0618,Sample Product 618,PX0000618,PX0000618,999,Moon Stars LMS Account,999,GNPR,DRAFT,Stars,M0002,NULL,618,PACK 50,999,ProductOwner3@MoonStars.co.uk,ProductManager1@theapsgroup.com,0,Charge on Production
Moon and Stars,619,SAMPLE_0619,Sample Product 619,PX0000619,PX0000619,999,Moon Stars LMS Account,999,GNPR,DRAFT,Moon,M0001,NULL,619,PACK 50,999,ProductOwner2@MoonStars.co.uk,ProductManager2@theapsgroup.com,0.2,Charge on Production
Moon and Stars,620,SAMPLE_0620,Sample Product 620,PX0000620,PX0000620,999,Moon Stars LMS Account,999,GNPR,DRAFT,Moon,M0001,NULL,620,PACK 50,999,ProductOwner1@MoonStars.co.uk,ProductManager1@theapsgroup.com,0,Charge on Production
Moon and Stars,621,SAMPLE_0621,Sample Product 621,PX0000621,PX0000621,999,Moon Stars LMS Account,999,GNPR,DRAFT,Moon,M0001,NULL,621,PACK 50,999,ProductOwner2@MoonStars.co.uk,ProductManager1@theapsgroup.com,0,Charge on Production
Moon and Stars,622,SAMPLE_0622,Sample Product 622,PX0000622,PX0000622,999,Moon Stars LMS Account,999,GNPR,DRAFT,Stars,M0001,NULL,622,PACK 100,999,ProductOwner2@MoonStars.co.uk,ProductManager4@theapsgroup.com,0,Charge on Production
Moon and Stars,623,SAMPLE_0623,Sample Product 623,PX0000623,PX0000623,999,Moon Stars LMS Account,999,GNPR,DRAFT,Moon,M0003,NULL,623,PACK 5,999,ProductOwner4@MoonStars.co.uk,ProductManager4@theapsgroup.com,0,Charge on Production
Moon and Stars,624,SAMPLE_0624,Sample Product 624,PX0000624,PX0000624,999,Moon Stars LMS Account,999,MISC,DRAFT,Sun,M0001,NULL,624,SINGLE,999,ProductOwner2@MoonStars.co.uk,ProductManager4@theapsgroup.com,0.2,Charge on Production
Moon and Stars,625,SAMPLE_0625,Sample Product 625,PX0000625,PX0000625,999,Moon Stars LMS Account,999,PROM,DRAFT,Moon,M0001,NULL,625,PACK 10,999,ProductOwner1@MoonStars.co.uk,ProductManager1@theapsgroup.com,0,Charge on Production
Moon and Stars,626,SAMPLE_0626,Sample Product 626,PX0000626,PX0000626,999,Moon Stars LMS Account,999,PROM,DRAFT,Sun,M0002,NULL,626,SINGLE,999,ProductOwner3@MoonStars.co.uk,ProductManager3@theapsgroup.com,0,Charge on Production
Moon and Stars,627,SAMPLE_0627,Sample Product 627,PX0000627,PX0000627,999,Moon Stars LMS Account,999,EQPT,DRAFT,Stars,M0001,NULL,627,SINGLE,999,ProductOwner1@MoonStars.co.uk,ProductManager2@theapsgroup.com,0,Charge on Production
Moon and Stars,628,SAMPLE_0628,Sample Product 628,PX0000628,PX0000628,999,Moon Stars LMS Account,999,PROM,DRAFT,Stars,M0001,NULL,628,PACK 5,999,ProductOwner1@MoonStars.co.uk,ProductManager3@theapsgroup.com,0.2,Charge on Production
Moon and Stars,629,SAMPLE_0629,Sample Product 629,PX0000629,PX0000629,999,Moon Stars LMS Account,999,LFLT,DRAFT,Sun,M0001,NULL,629,PACK 50,999,ProductOwner2@MoonStars.co.uk,ProductManager1@theapsgroup.com,0,Charge on Production
Moon and Stars,630,SAMPLE_0630,Sample Product 630,PX0000630,PX0000630,999,Moon Stars LMS Account,999,FORM,DRAFT,Moon,M0001,NULL,630,PACK 50,999,ProductOwner1@MoonStars.co.uk,ProductManager1@theapsgroup.com,0,Charge on Production
Moon and Stars,631,SAMPLE_0631,Sample Product 631,PX0000631,PX0000631,999,Moon Stars LMS Account,999,PSTR,DRAFT,Sun,M0001,NULL,631,SINGLE,999,ProductOwner2@MoonStars.co.uk,ProductManager2@theapsgroup.com,0.2,Charge on Production
Moon and Stars,632,SAMPLE_0632,Sample Product 632,PX0000632,PX0000632,999,Moon Stars LMS Account,999,PROM,DRAFT,Sun,M0002,NULL,632,PACK 25,999,ProductOwner3@MoonStars.co.uk,ProductManager1@theapsgroup.com,0,Charge on Production
Moon and Stars,633,SAMPLE_0633,Sample Product 633,PX0000633,PX0000633,999,Moon Stars LMS Account,999,PROM,DRAFT,Stars,M0001,NULL,633,PACK 25,999,ProductOwner1@MoonStars.co.uk,ProductManager3@theapsgroup.com,0,Charge on Production
Moon and Stars,634,SAMPLE_0634,Sample Product 634,PX0000634,PX0000634,999,Moon Stars LMS Account,999,PROM,DRAFT,Moon,M0001,NULL,634,PACK 25,999,ProductOwner1@MoonStars.co.uk,ProductManager3@theapsgroup.com,0.2,Charge on Production
Moon and Stars,635,SAMPLE_0635,Sample Product 635,PX0000635,PX0000635,999,Moon Stars LMS Account,999,LFLT,DRAFT,Moon,M0001,NULL,635,PACK 50,999,ProductOwner1@MoonStars.co.uk,ProductManager2@theapsgroup.com,0,Charge on Production
Moon and Stars,636,SAMPLE_0636,Sample Product 636,PX0000636,PX0000636,999,Moon Stars LMS Account,999,GNPR,DRAFT,Sun,M0002,NULL,636,SINGLE,999,ProductOwner3@MoonStars.co.uk,ProductManager3@theapsgroup.com,0,Charge on Production
Moon and Stars,637,SAMPLE_0637,Sample Product 637,PX0000637,PX0000637,999,Moon Stars LMS Account,999,FOLD,DRAFT,Stars,M0001,NULL,637,SINGLE,999,ProductOwner1@MoonStars.co.uk,ProductManager4@theapsgroup.com,0,Charge on Production
Moon and Stars,638,SAMPLE_0638,Sample Product 638,PX0000638,PX0000638,999,Moon Stars LMS Account,999,FOLD,DRAFT,Stars,M0002,NULL,638,SINGLE,999,ProductOwner3@MoonStars.co.uk,ProductManager1@theapsgroup.com,0,Charge on Production
Moon and Stars,639,SAMPLE_0639,Sample Product 639,PX0000639,PX0000639,999,Moon Stars LMS Account,999,GNPR,DRAFT,Sun,M0001,NULL,639,PACK 20,999,ProductOwner2@MoonStars.co.uk,ProductManager2@theapsgroup.com,0.2,Charge on Production
Moon and Stars,640,SAMPLE_0640,Sample Product 640,PX0000640,PX0000640,999,Moon Stars LMS Account,999,GNPR,DRAFT,Moon,M0001,NULL,640,PACK 50,999,ProductOwner1@MoonStars.co.uk,ProductManager1@theapsgroup.com,0,Charge on Production
Moon and Stars,641,SAMPLE_0641,Sample Product 641,PX0000641,PX0000641,999,Moon Stars LMS Account,999,GNPR,DRAFT,Moon,M0001,NULL,641,PACK 20,999,ProductOwner2@MoonStars.co.uk,ProductManager1@theapsgroup.com,0,Charge on Production
Moon and Stars,642,SAMPLE_0642,Sample Product 642,PX0000642,PX0000642,999,Moon Stars LMS Account,999,GNPR,DRAFT,Stars,M0001,NULL,642,PACK 20,999,ProductOwner2@MoonStars.co.uk,ProductManager4@theapsgroup.com,0,Charge on Production
Moon and Stars,643,SAMPLE_0643,Sample Product 643,PX0000643,PX0000643,999,Moon Stars LMS Account,999,GNPR,DRAFT,Sun,M0003,NULL,643,PACK 12,999,ProductOwner4@MoonStars.co.uk,ProductManager4@theapsgroup.com,0,Charge on Production
Moon and Stars,644,SAMPLE_0644,Sample Product 644,PX0000644,PX0000644,999,Moon Stars LMS Account,999,GNPR,DRAFT,Sun,M0001,NULL,644,PACK 12,999,ProductOwner2@MoonStars.co.uk,ProductManager4@theapsgroup.com,0.2,Charge on Production
Moon and Stars,645,SAMPLE_0645,Sample Product 645,PX0000645,PX0000645,999,Moon Stars LMS Account,999,GNPR,DRAFT,Sun,M0001,NULL,645,PACK 12,999,ProductOwner1@MoonStars.co.uk,ProductManager1@theapsgroup.com,0,Charge on Production
Moon and Stars,646,SAMPLE_0646,Sample Product 646,PX0000646,PX0000646,999,Moon Stars LMS Account,999,GNPR,DRAFT,Stars,M0002,NULL,646,PACK 20,999,ProductOwner3@MoonStars.co.uk,ProductManager3@theapsgroup.com,0,Charge on Production
Moon and Stars,647,SAMPLE_0647,Sample Product 647,PX0000647,PX0000647,999,Moon Stars LMS Account,999,GNPR,DRAFT,Moon,M0001,NULL,647,PACK 20,999,ProductOwner1@MoonStars.co.uk,ProductManager2@theapsgroup.com,0,Charge on Production
Moon and Stars,648,SAMPLE_0648,Sample Product 648,PX0000648,PX0000648,999,Moon Stars LMS Account,999,GNPR,DRAFT,Moon,M0001,NULL,648,PACK 20,999,ProductOwner1@MoonStars.co.uk,ProductManager3@theapsgroup.com,0.2,Charge on Production
Moon and Stars,649,SAMPLE_0649,Sample Product 649,PX0000649,PX0000649,999,Moon Stars LMS Account,999,GNPR,DRAFT,Stars,M0001,NULL,649,PACK 20,999,ProductOwner2@MoonStars.co.uk,ProductManager1@theapsgroup.com,0,Charge on Production
Moon and Stars,650,SAMPLE_0650,Sample Product 650,PX0000650,PX0000650,999,Moon Stars LMS Account,999,GNPR,DRAFT,Moon,M0001,NULL,650,PACK 20,999,ProductOwner1@MoonStars.co.uk,ProductManager1@theapsgroup.com,0,Charge on Production
Moon and Stars,651,SAMPLE_0651,Sample Product 651,PX0000651,PX0000651,999,Moon Stars LMS Account,999,GNPR,DRAFT,Stars,M0001,NULL,651,PACK 20,999,ProductOwner2@MoonStars.co.uk,ProductManager2@theapsgroup.com,0.2,Charge on Production
Moon and Stars,652,SAMPLE_0652,Sample Product 652,PX0000652,PX0000652,999,Moon Stars LMS Account,999,GNPR,DRAFT,Moon,M0002,NULL,652,PACK 20,999,ProductOwner3@MoonStars.co.uk,ProductManager1@theapsgroup.com,0,Charge on Production
Moon and Stars,653,SAMPLE_0653,Sample Product 653,PX0000653,PX0000653,999,Moon Stars LMS Account,999,GNPR,DRAFT,Sun,M0001,NULL,653,PACK 20,999,ProductOwner1@MoonStars.co.uk,ProductManager3@theapsgroup.com,0,Charge on Production
Moon and Stars,654,SAMPLE_0654,Sample Product 654,PX0000654,PX0000654,999,Moon Stars LMS Account,999,GNPR,DRAFT,Stars,M0001,NULL,654,PACK 50,999,ProductOwner1@MoonStars.co.uk,ProductManager3@theapsgroup.com,0.2,Charge on Production
Moon and Stars,655,SAMPLE_0655,Sample Product 655,PX0000655,PX0000655,999,Moon Stars LMS Account,999,GNPR,DRAFT,Moon,M0001,NULL,655,PACK 50,999,ProductOwner1@MoonStars.co.uk,ProductManager2@theapsgroup.com,0,Charge on Production
Moon and Stars,656,SAMPLE_0656,Sample Product 656,PX0000656,PX0000656,999,Moon Stars LMS Account,999,GNPR,DRAFT,Moon,M0002,NULL,656,PACK 50,999,ProductOwner3@MoonStars.co.uk,ProductManager3@theapsgroup.com,0,Charge on Production
Moon and Stars,657,SAMPLE_0657,Sample Product 657,PX0000657,PX0000657,999,Moon Stars LMS Account,999,GNPR,DRAFT,Stars,M0001,NULL,657,PACK 20,999,ProductOwner1@MoonStars.co.uk,ProductManager4@theapsgroup.com,0,Charge on Production
Moon and Stars,658,SAMPLE_0658,Sample Product 658,PX0000658,PX0000658,999,Moon Stars LMS Account,999,GNPR,DRAFT,Moon,M0002,NULL,658,PACK 20,999,ProductOwner3@MoonStars.co.uk,ProductManager1@theapsgroup.com,0,Charge on Production
Moon and Stars,659,SAMPLE_0659,Sample Product 659,PX0000659,PX0000659,999,Moon Stars LMS Account,999,GNPR,DRAFT,Stars,M0001,NULL,659,PACK 20,999,ProductOwner2@MoonStars.co.uk,ProductManager2@theapsgroup.com,0.2,Charge on Production
Moon and Stars,660,SAMPLE_0660,Sample Product 660,PX0000660,PX0000660,999,Moon Stars LMS Account,999,GNPR,DRAFT,Moon,M0001,NULL,660,PACK 20,999,ProductOwner1@MoonStars.co.uk,ProductManager1@theapsgroup.com,0,Charge on Production
Moon and Stars,661,SAMPLE_0661,Sample Product 661,PX0000661,PX0000661,999,Moon Stars LMS Account,999,GNPR,DRAFT,Moon,M0001,NULL,661,PACK 20,999,ProductOwner2@MoonStars.co.uk,ProductManager1@theapsgroup.com,0,Charge on Production
Moon and Stars,662,SAMPLE_0662,Sample Product 662,PX0000662,PX0000662,999,Moon Stars LMS Account,999,GNPR,DRAFT,Sun,M0001,NULL,662,PACK 20,999,ProductOwner2@MoonStars.co.uk,ProductManager4@theapsgroup.com,0,Charge on Production
Moon and Stars,663,SAMPLE_0663,Sample Product 663,PX0000663,PX0000663,999,Moon Stars LMS Account,999,GNPR,DRAFT,Moon,M0003,NULL,663,PACK 20,999,ProductOwner4@MoonStars.co.uk,ProductManager4@theapsgroup.com,0,Charge on Production
Moon and Stars,664,SAMPLE_0664,Sample Product 664,PX0000664,PX0000664,999,Moon Stars LMS Account,999,GNPR,DRAFT,Moon,M0001,NULL,664,PACK 20,999,ProductOwner2@MoonStars.co.uk,ProductManager4@theapsgroup.com,0.2,Charge on Production
Moon and Stars,665,SAMPLE_0665,Sample Product 665,PX0000665,PX0000665,999,Moon Stars LMS Account,999,GNPR,DRAFT,Sun,M0001,NULL,665,PACK 20,999,ProductOwner1@MoonStars.co.uk,ProductManager1@theapsgroup.com,0,Charge on Production
Moon and Stars,666,SAMPLE_0666,Sample Product 666,PX0000666,PX0000666,999,Moon Stars LMS Account,999,GNPR,DRAFT,Moon,M0002,NULL,666,PACK 20,999,ProductOwner3@MoonStars.co.uk,ProductManager3@theapsgroup.com,0,Charge on Production
Moon and Stars,667,SAMPLE_0667,Sample Product 667,PX0000667,PX0000667,999,Moon Stars LMS Account,999,GNPR,ARCHIVED,Stars,M0001,NULL,667,PACK 20,999,ProductOwner1@MoonStars.co.uk,ProductManager2@theapsgroup.com,0,Charge on Production
Moon and Stars,668,SAMPLE_0668,Sample Product 668,PX0000668,PX0000668,999,Moon Stars LMS Account,999,GNPR,DRAFT,Moon,M0001,NULL,668,PACK 20,999,ProductOwner1@MoonStars.co.uk,ProductManager3@theapsgroup.com,0.2,Charge on Production
Moon and Stars,669,SAMPLE_0669,Sample Product 669,PX0000669,PX0000669,999,Moon Stars LMS Account,999,GNPR,DRAFT,Sun,M0001,NULL,669,PACK 20,999,ProductOwner2@MoonStars.co.uk,ProductManager1@theapsgroup.com,0,Charge on Production
Moon and Stars,670,SAMPLE_0670,Sample Product 670,PX0000670,PX0000670,999,Moon Stars LMS Account,999,GNPR,DRAFT,Stars,M0001,NULL,670,PACK 20,999,ProductOwner1@MoonStars.co.uk,ProductManager1@theapsgroup.com,0,Charge on Production
Moon and Stars,671,SAMPLE_0671,Sample Product 671,PX0000671,PX0000671,999,Moon Stars LMS Account,999,GNPR,DRAFT,Moon,M0001,NULL,671,PACK 20,999,ProductOwner2@MoonStars.co.uk,ProductManager2@theapsgroup.com,0.2,Charge on Production
Moon and Stars,672,SAMPLE_0672,Sample Product 672,PX0000672,PX0000672,999,Moon Stars LMS Account,999,GNPR,DRAFT,Moon,M0002,NULL,672,PACK 20,999,ProductOwner3@MoonStars.co.uk,ProductManager1@theapsgroup.com,0,Charge on Production
Moon and Stars,673,SAMPLE_0673,Sample Product 673,PX0000673,PX0000673,999,Moon Stars LMS Account,999,GNPR,DRAFT,Sun,M0001,NULL,673,PACK 20,999,ProductOwner1@MoonStars.co.uk,ProductManager3@theapsgroup.com,0,Charge on Production
Moon and Stars,674,SAMPLE_0674,Sample Product 674,PX0000674,PX0000674,999,Moon Stars LMS Account,999,GNPR,DRAFT,Moon,M0001,NULL,674,PACK 20,999,ProductOwner1@MoonStars.co.uk,ProductManager3@theapsgroup.com,0.2,Charge on Production
Moon and Stars,675,SAMPLE_0675,Sample Product 675,PX0000675,PX0000675,999,Moon Stars LMS Account,999,GNPR,DRAFT,Stars,M0001,NULL,675,PACK 20,999,ProductOwner1@MoonStars.co.uk,ProductManager2@theapsgroup.com,0,Charge on Production
Moon and Stars,676,SAMPLE_0676,Sample Product 676,PX0000676,PX0000676,999,Moon Stars LMS Account,999,GNPR,DRAFT,Sun,M0002,NULL,676,PACK 50,999,ProductOwner3@MoonStars.co.uk,ProductManager3@theapsgroup.com,0,Charge on Production
Moon and Stars,677,SAMPLE_0677,Sample Product 677,PX0000677,PX0000677,999,Moon Stars LMS Account,999,GNPR,DRAFT,Moon,M0001,NULL,677,PACK 20,999,ProductOwner1@MoonStars.co.uk,ProductManager4@theapsgroup.com,0,Charge on Production
Moon and Stars,678,SAMPLE_0678,Sample Product 678,PX0000678,PX0000678,999,Moon Stars LMS Account,999,LFLT,DRAFT,Stars,M0002,NULL,678,PACK 10,999,ProductOwner3@MoonStars.co.uk,ProductManager1@theapsgroup.com,0,Charge on Production
Moon and Stars,679,SAMPLE_0679,Sample Product 679,PX0000679,PX0000679,999,Moon Stars LMS Account,999,GNPR,DRAFT,Sun,M0001,NULL,679,PACK 3,999,ProductOwner2@MoonStars.co.uk,ProductManager2@theapsgroup.com,0.2,Charge on Production
Moon and Stars,680,SAMPLE_0680,Sample Product 680,PX0000680,PX0000680,999,Moon Stars LMS Account,999,GNPR,DRAFT,Sun,M0001,NULL,680,PACK 3,999,ProductOwner1@MoonStars.co.uk,ProductManager1@theapsgroup.com,0,Charge on Production
Moon and Stars,681,SAMPLE_0681,Sample Product 681,PX0000681,PX0000681,999,Moon Stars LMS Account,999,GNPR,DRAFT,Stars,M0001,NULL,681,PACK 3,999,ProductOwner2@MoonStars.co.uk,ProductManager1@theapsgroup.com,0,Charge on Production
Moon and Stars,682,SAMPLE_0682,Sample Product 682,PX0000682,PX0000682,999,Moon Stars LMS Account,999,GNPR,DRAFT,Sun,M0001,NULL,682,PACK 3,999,ProductOwner2@MoonStars.co.uk,ProductManager4@theapsgroup.com,0,Charge on Production
Moon and Stars,683,SAMPLE_0683,Sample Product 683,PX0000683,PX0000683,999,Moon Stars LMS Account,999,GNPR,DRAFT,Stars,M0003,NULL,683,PACK 32,999,ProductOwner4@MoonStars.co.uk,ProductManager4@theapsgroup.com,0,Charge on Production
Moon and Stars,684,SAMPLE_0684,Sample Product 684,PX0000684,PX0000684,999,Moon Stars LMS Account,999,GNPR,DRAFT,Moon,M0001,NULL,684,PACK 31,999,ProductOwner2@MoonStars.co.uk,ProductManager4@theapsgroup.com,0.2,Charge on Production
Moon and Stars,685,SAMPLE_0685,Sample Product 685,PX0000685,PX0000685,999,Moon Stars LMS Account,999,GNPR,DRAFT,Sun,M0001,NULL,685,PACK 26,999,ProductOwner1@MoonStars.co.uk,ProductManager1@theapsgroup.com,0,Charge on Production
Moon and Stars,686,SAMPLE_0686,Sample Product 686,PX0000686,PX0000686,999,Moon Stars LMS Account,999,GNPR,DRAFT,Sun,M0002,NULL,686,PACK 46,999,ProductOwner3@MoonStars.co.uk,ProductManager3@theapsgroup.com,0,Charge on Production
Moon and Stars,687,SAMPLE_0687,Sample Product 687,PX0000687,PX0000687,999,Moon Stars LMS Account,999,GNPR,DRAFT,Moon,M0001,NULL,687,PACK 24,999,ProductOwner1@MoonStars.co.uk,ProductManager2@theapsgroup.com,0,Charge on Production
Moon and Stars,688,SAMPLE_0688,Sample Product 688,PX0000688,PX0000688,999,Moon Stars LMS Account,999,PSTR,DRAFT,Stars,M0001,NULL,688,SINGLE,999,ProductOwner1@MoonStars.co.uk,ProductManager3@theapsgroup.com,0.2,Charge on Production
Moon and Stars,689,SAMPLE_0689,Sample Product 689,PX0000689,PX0000689,999,Moon Stars LMS Account,999,LTHD,DRAFT,Moon,M0001,NULL,689,SINGLE,999,ProductOwner2@MoonStars.co.uk,ProductManager1@theapsgroup.com,0,Charge on Production
Moon and Stars,690,SAMPLE_0690,Sample Product 690,PX0000690,PX0000690,999,Moon Stars LMS Account,999,BN,DRAFT,Moon,M0001,NULL,690,SINGLE,999,ProductOwner1@MoonStars.co.uk,ProductManager1@theapsgroup.com,0,Charge on Production
Moon and Stars,691,SAMPLE_0691,Sample Product 691,PX0000691,PX0000691,999,Moon Stars LMS Account,999,PSTR,DRAFT,Moon,M0001,NULL,691,PACK 5,999,ProductOwner2@MoonStars.co.uk,ProductManager2@theapsgroup.com,0.2,Charge on Production
Moon and Stars,692,SAMPLE_0692,Sample Product 692,PX0000692,PX0000692,999,Moon Stars LMS Account,999,LFLT,DRAFT,Stars,M0002,NULL,692,PACK 25,999,ProductOwner3@MoonStars.co.uk,ProductManager1@theapsgroup.com,0,Charge on Production
Moon and Stars,693,SAMPLE_0693,Sample Product 693,PX0000693,PX0000693,999,Moon Stars LMS Account,999,FOLD,DRAFT,Stars,M0001,NULL,693,PACK 20,999,ProductOwner1@MoonStars.co.uk,ProductManager3@theapsgroup.com,0,Charge on Production
Moon and Stars,694,SAMPLE_0694,Sample Product 694,PX0000694,PX0000694,999,Moon Stars LMS Account,999,GNPR,DRAFT,Sun,M0001,NULL,694,SINGLE,999,ProductOwner1@MoonStars.co.uk,ProductManager3@theapsgroup.com,0.2,Charge on Production
Moon and Stars,695,SAMPLE_0695,Sample Product 695,PX0000695,PX0000695,999,Moon Stars LMS Account,999,GNPR,DRAFT,Stars,M0001,NULL,695,SINGLE,999,ProductOwner1@MoonStars.co.uk,ProductManager2@theapsgroup.com,0,Charge on Production
Moon and Stars,696,SAMPLE_0696,Sample Product 696,PX0000696,PX0000696,999,Moon Stars LMS Account,999,GNPR,DRAFT,Moon,M0002,NULL,696,SINGLE,999,ProductOwner3@MoonStars.co.uk,ProductManager3@theapsgroup.com,0,Charge on Production
Moon and Stars,697,SAMPLE_0697,Sample Product 697,PX0000697,PX0000697,999,Moon Stars LMS Account,999,GNPR,DRAFT,Stars,M0001,NULL,697,SINGLE,999,ProductOwner1@MoonStars.co.uk,ProductManager4@theapsgroup.com,0,Charge on Production
Moon and Stars,698,SAMPLE_0698,Sample Product 698,PX0000698,PX0000698,999,Moon Stars LMS Account,999,GNPR,DRAFT,Stars,M0002,NULL,698,SINGLE,999,ProductOwner3@MoonStars.co.uk,ProductManager1@theapsgroup.com,0,Charge on Production
Moon and Stars,699,SAMPLE_0699,Sample Product 699,PX0000699,PX0000699,999,Moon Stars LMS Account,999,GNPR,DRAFT,Moon,M0001,NULL,699,SINGLE,999,ProductOwner2@MoonStars.co.uk,ProductManager2@theapsgroup.com,0.2,Charge on Production
Moon and Stars,700,SAMPLE_0700,Sample Product 700,PX0000700,PX0000700,999,Moon Stars LMS Account,999,GNPR,DRAFT,Stars,M0001,NULL,700,SINGLE,999,ProductOwner1@MoonStars.co.uk,ProductManager1@theapsgroup.com,0,Charge on Production
Moon and Stars,701,SAMPLE_0701,Sample Product 701,PX0000701,PX0000701,999,Moon Stars LMS Account,999,GNPR,DRAFT,Stars,M0001,NULL,701,SINGLE,999,ProductOwner2@MoonStars.co.uk,ProductManager1@theapsgroup.com,0,Charge on Production
Moon and Stars,702,SAMPLE_0702,Sample Product 702,PX0000702,PX0000702,999,Moon Stars LMS Account,999,GNPR,DRAFT,Stars,M0001,NULL,702,SINGLE,999,ProductOwner2@MoonStars.co.uk,ProductManager4@theapsgroup.com,0,Charge on Production
Moon and Stars,703,SAMPLE_0703,Sample Product 703,PX0000703,PX0000703,999,Moon Stars LMS Account,999,GNPR,DRAFT,Stars,M0003,NULL,703,SINGLE,999,ProductOwner4@MoonStars.co.uk,ProductManager4@theapsgroup.com,0,Charge on Production
Moon and Stars,704,SAMPLE_0704,Sample Product 704,PX0000704,PX0000704,999,Moon Stars LMS Account,999,GNPR,DRAFT,Stars,M0001,NULL,704,SINGLE,999,ProductOwner2@MoonStars.co.uk,ProductManager4@theapsgroup.com,0.2,Charge on Production
Moon and Stars,705,SAMPLE_0705,Sample Product 705,PX0000705,PX0000705,999,Moon Stars LMS Account,999,GNPR,DRAFT,Sun,M0001,NULL,705,SINGLE,999,ProductOwner1@MoonStars.co.uk,ProductManager1@theapsgroup.com,0,Charge on Production
Moon and Stars,706,SAMPLE_0706,Sample Product 706,PX0000706,PX0000706,999,Moon Stars LMS Account,999,GNPR,DRAFT,Stars,M0002,NULL,706,SINGLE,999,ProductOwner3@MoonStars.co.uk,ProductManager3@theapsgroup.com,0,Charge on Production
Moon and Stars,707,SAMPLE_0707,Sample Product 707,PX0000707,PX0000707,999,Moon Stars LMS Account,999,GNPR,DRAFT,Stars,M0001,NULL,707,SINGLE,999,ProductOwner1@MoonStars.co.uk,ProductManager2@theapsgroup.com,0,Charge on Production
Moon and Stars,708,SAMPLE_0708,Sample Product 708,PX0000708,PX0000708,999,Moon Stars LMS Account,999,GNPR,DRAFT,Stars,M0001,NULL,708,SINGLE,999,ProductOwner1@MoonStars.co.uk,ProductManager3@theapsgroup.com,0.2,Charge on Production
Moon and Stars,709,SAMPLE_0709,Sample Product 709,PX0000709,PX0000709,999,Moon Stars LMS Account,999,GNPR,DRAFT,Stars,M0001,NULL,709,SINGLE,999,ProductOwner2@MoonStars.co.uk,ProductManager1@theapsgroup.com,0,Charge on Production
Moon and Stars,710,SAMPLE_0710,Sample Product 710,PX0000710,PX0000710,999,Moon Stars LMS Account,999,GNPR,DRAFT,Stars,M0001,NULL,710,SINGLE,999,ProductOwner1@MoonStars.co.uk,ProductManager1@theapsgroup.com,0,Charge on Production
Moon and Stars,711,SAMPLE_0711,Sample Product 711,PX0000711,PX0000711,999,Moon Stars LMS Account,999,GNPR,DRAFT,Stars,M0001,NULL,711,SINGLE,999,ProductOwner2@MoonStars.co.uk,ProductManager2@theapsgroup.com,0.2,Charge on Production
Moon and Stars,712,SAMPLE_0712,Sample Product 712,PX0000712,PX0000712,999,Moon Stars LMS Account,999,GNPR,DRAFT,Stars,M0002,NULL,712,SINGLE,999,ProductOwner3@MoonStars.co.uk,ProductManager1@theapsgroup.com,0,Charge on Production
Moon and Stars,713,SAMPLE_0713,Sample Product 713,PX0000713,PX0000713,999,Moon Stars LMS Account,999,GNPR,DRAFT,Sun,M0001,NULL,713,SINGLE,999,ProductOwner1@MoonStars.co.uk,ProductManager3@theapsgroup.com,0,Charge on Production
Moon and Stars,714,SAMPLE_0714,Sample Product 714,PX0000714,PX0000714,999,Moon Stars LMS Account,999,GNPR,DRAFT,Sun,M0001,NULL,714,SINGLE,999,ProductOwner1@MoonStars.co.uk,ProductManager3@theapsgroup.com,0.2,Charge on Production
Moon and Stars,715,SAMPLE_0715,Sample Product 715,PX0000715,PX0000715,999,Moon Stars LMS Account,999,GNPR,DRAFT,Sun,M0001,NULL,715,SINGLE,999,ProductOwner1@MoonStars.co.uk,ProductManager2@theapsgroup.com,0,Charge on Production
Moon and Stars,716,SAMPLE_0716,Sample Product 716,PX0000716,PX0000716,999,Moon Stars LMS Account,999,GNPR,DRAFT,Sun,M0002,NULL,716,SINGLE,999,ProductOwner3@MoonStars.co.uk,ProductManager3@theapsgroup.com,0,Charge on Production
Moon and Stars,717,SAMPLE_0717,Sample Product 717,PX0000717,PX0000717,999,Moon Stars LMS Account,999,GNPR,DRAFT,Sun,M0001,NULL,717,SINGLE,999,ProductOwner1@MoonStars.co.uk,ProductManager4@theapsgroup.com,0,Charge on Production
Moon and Stars,718,SAMPLE_0718,Sample Product 718,PX0000718,PX0000718,999,Moon Stars LMS Account,999,GNPR,DRAFT,Moon,M0002,NULL,718,SINGLE,999,ProductOwner3@MoonStars.co.uk,ProductManager1@theapsgroup.com,0,Charge on Production
Moon and Stars,719,SAMPLE_0719,Sample Product 719,PX0000719,PX0000719,999,Moon Stars LMS Account,999,GNPR,DRAFT,Moon,M0001,NULL,719,SINGLE,999,ProductOwner2@MoonStars.co.uk,ProductManager2@theapsgroup.com,0.2,Charge on Production
Moon and Stars,720,SAMPLE_0720,Sample Product 720,PX0000720,PX0000720,999,Moon Stars LMS Account,999,GNPR,DRAFT,Stars,M0001,NULL,720,SINGLE,999,ProductOwner1@MoonStars.co.uk,ProductManager1@theapsgroup.com,0,Charge on Production
Moon and Stars,721,SAMPLE_0721,Sample Product 721,PX0000721,PX0000721,999,Moon Stars LMS Account,999,GNPR,DRAFT,Moon,M0001,NULL,721,SINGLE,999,ProductOwner2@MoonStars.co.uk,ProductManager1@theapsgroup.com,0,Charge on Production
Moon and Stars,722,SAMPLE_0722,Sample Product 722,PX0000722,PX0000722,999,Moon Stars LMS Account,999,GNPR,DRAFT,Moon,M0001,NULL,722,SINGLE,999,ProductOwner2@MoonStars.co.uk,ProductManager4@theapsgroup.com,0,Charge on Production
Moon and Stars,723,SAMPLE_0723,Sample Product 723,PX0000723,PX0000723,999,Moon Stars LMS Account,999,GNPR,DRAFT,Moon,M0003,NULL,723,SINGLE,999,ProductOwner4@MoonStars.co.uk,ProductManager4@theapsgroup.com,0,Charge on Production
Moon and Stars,724,SAMPLE_0724,Sample Product 724,PX0000724,PX0000724,999,Moon Stars LMS Account,999,GNPR,DRAFT,Stars,M0001,NULL,724,SINGLE,999,ProductOwner2@MoonStars.co.uk,ProductManager4@theapsgroup.com,0.2,Charge on Production
Moon and Stars,725,SAMPLE_0725,Sample Product 725,PX0000725,PX0000725,999,Moon Stars LMS Account,999,GNPR,DRAFT,Stars,M0001,NULL,725,SINGLE,999,ProductOwner1@MoonStars.co.uk,ProductManager1@theapsgroup.com,0,Charge on Production
Moon and Stars,726,SAMPLE_0726,Sample Product 726,PX0000726,PX0000726,999,Moon Stars LMS Account,999,GNPR,DRAFT,Moon,M0002,NULL,726,PACK 5,999,ProductOwner3@MoonStars.co.uk,ProductManager3@theapsgroup.com,0,Charge on Production
Moon and Stars,727,SAMPLE_0727,Sample Product 727,PX0000727,PX0000727,999,Moon Stars LMS Account,999,GNPR,DRAFT,Stars,M0001,NULL,727,PACK 10,999,ProductOwner1@MoonStars.co.uk,ProductManager2@theapsgroup.com,0,Charge on Production
Moon and Stars,728,SAMPLE_0728,Sample Product 728,PX0000728,PX0000728,999,Moon Stars LMS Account,999,GNPR,DRAFT,Moon,M0001,NULL,728,PACK 10,999,ProductOwner1@MoonStars.co.uk,ProductManager3@theapsgroup.com,0.2,Charge on Production
Moon and Stars,729,SAMPLE_0729,Sample Product 729,PX0000729,PX0000729,999,Moon Stars LMS Account,999,GNPR,DRAFT,Stars,M0001,NULL,729,PACK 5,999,ProductOwner2@MoonStars.co.uk,ProductManager1@theapsgroup.com,0,Charge on Production
Moon and Stars,730,SAMPLE_0730,Sample Product 730,PX0000730,PX0000730,999,Moon Stars LMS Account,999,GNPR,DRAFT,Sun,M0001,NULL,730,PACK 10,999,ProductOwner1@MoonStars.co.uk,ProductManager1@theapsgroup.com,0,Charge on Production
Moon and Stars,731,SAMPLE_0731,Sample Product 731,PX0000731,PX0000731,999,Moon Stars LMS Account,999,GNPR,DRAFT,Stars,M0001,NULL,731,PACK 10,999,ProductOwner2@MoonStars.co.uk,ProductManager2@theapsgroup.com,0.2,Charge on Production
Moon and Stars,732,SAMPLE_0732,Sample Product 732,PX0000732,PX0000732,999,Moon Stars LMS Account,999,GNPR,DRAFT,Moon,M0002,NULL,732,SINGLE,999,ProductOwner3@MoonStars.co.uk,ProductManager1@theapsgroup.com,0,Charge on Production
Moon and Stars,733,SAMPLE_0733,Sample Product 733,PX0000733,PX0000733,999,Moon Stars LMS Account,999,GNPR,DRAFT,Stars,M0001,NULL,733,SINGLE,999,ProductOwner1@MoonStars.co.uk,ProductManager3@theapsgroup.com,0,Charge on Production
Moon and Stars,734,SAMPLE_0734,Sample Product 734,PX0000734,PX0000734,999,Moon Stars LMS Account,999,GNPR,DRAFT,Moon,M0001,NULL,734,SINGLE,999,ProductOwner1@MoonStars.co.uk,ProductManager3@theapsgroup.com,0.2,Charge on Production
Moon and Stars,735,SAMPLE_0735,Sample Product 735,PX0000735,PX0000735,999,Moon Stars LMS Account,999,GNPR,DRAFT,Sun,M0001,NULL,735,SINGLE,999,ProductOwner1@MoonStars.co.uk,ProductManager2@theapsgroup.com,0,Charge on Production
Moon and Stars,736,SAMPLE_0736,Sample Product 736,PX0000736,PX0000736,999,Moon Stars LMS Account,999,GNPR,DRAFT,Moon,M0002,NULL,736,SINGLE,999,ProductOwner3@MoonStars.co.uk,ProductManager3@theapsgroup.com,0,Charge on Production
Moon and Stars,737,SAMPLE_0737,Sample Product 737,PX0000737,PX0000737,999,Moon Stars LMS Account,999,GNPR,DRAFT,Moon,M0001,NULL,737,SINGLE,999,ProductOwner1@MoonStars.co.uk,ProductManager4@theapsgroup.com,0,Charge on Production
Moon and Stars,738,SAMPLE_0738,Sample Product 738,PX0000738,PX0000738,999,Moon Stars LMS Account,999,GNPR,DRAFT,Sun,M0002,NULL,738,SINGLE,999,ProductOwner3@MoonStars.co.uk,ProductManager1@theapsgroup.com,0,Charge on Production
Moon and Stars,739,SAMPLE_0739,Sample Product 739,PX0000739,PX0000739,999,Moon Stars LMS Account,999,GNPR,DRAFT,Moon,M0001,NULL,739,SINGLE,999,ProductOwner2@MoonStars.co.uk,ProductManager2@theapsgroup.com,0.2,Charge on Production
Moon and Stars,740,SAMPLE_0740,Sample Product 740,PX0000740,PX0000740,999,Moon Stars LMS Account,999,GNPR,DRAFT,Moon,M0001,NULL,740,SINGLE,999,ProductOwner1@MoonStars.co.uk,ProductManager1@theapsgroup.com,0,Charge on Production
Moon and Stars,741,SAMPLE_0741,Sample Product 741,PX0000741,PX0000741,999,Moon Stars LMS Account,999,LTHD,DRAFT,Moon,M0001,NULL,741,SINGLE,999,ProductOwner2@MoonStars.co.uk,ProductManager1@theapsgroup.com,0,Charge on Production
Moon and Stars,742,SAMPLE_0742,Sample Product 742,PX0000742,PX0000742,999,Moon Stars LMS Account,999,PSTR,DRAFT,Sun,M0001,NULL,742,PACK 2,999,ProductOwner2@MoonStars.co.uk,ProductManager4@theapsgroup.com,0,Charge on Production
Moon and Stars,743,SAMPLE_0743,Sample Product 743,PX0000743,PX0000743,999,Moon Stars LMS Account,999,LTHD,DRAFT,Moon,M0003,NULL,743,SINGLE,999,ProductOwner4@MoonStars.co.uk,ProductManager4@theapsgroup.com,0,Charge on Production
Moon and Stars,744,SAMPLE_0744,Sample Product 744,PX0000744,PX0000744,999,Moon Stars LMS Account,999,PSTR,DRAFT,Moon,M0001,NULL,744,PACK 5,999,ProductOwner2@MoonStars.co.uk,ProductManager4@theapsgroup.com,0.2,Charge on Production
Moon and Stars,745,SAMPLE_0745,Sample Product 745,PX0000745,PX0000745,999,Moon Stars LMS Account,999,LFLT,DRAFT,Stars,M0001,NULL,745,PACK 25,999,ProductOwner1@MoonStars.co.uk,ProductManager1@theapsgroup.com,0,Charge on Production
Moon and Stars,746,SAMPLE_0746,Sample Product 746,PX0000746,PX0000746,999,Moon Stars LMS Account,999,PSTR,DRAFT,Moon,M0002,NULL,746,SINGLE,999,ProductOwner3@MoonStars.co.uk,ProductManager3@theapsgroup.com,0,Charge on Production
Moon and Stars,747,SAMPLE_0747,Sample Product 747,PX0000747,PX0000747,999,Moon Stars LMS Account,999,LFLT,DRAFT,Moon,M0001,NULL,747,PACK 25,999,ProductOwner1@MoonStars.co.uk,ProductManager2@theapsgroup.com,0,Charge on Production
Moon and Stars,748,SAMPLE_0748,Sample Product 748,PX0000748,PX0000748,999,Moon Stars LMS Account,999,LFLT,DRAFT,Sun,M0001,NULL,748,PACK 25,999,ProductOwner1@MoonStars.co.uk,ProductManager3@theapsgroup.com,0.2,Charge on Production
Moon and Stars,749,SAMPLE_0749,Sample Product 749,PX0000749,PX0000749,999,Moon Stars LMS Account,999,PSTR,DRAFT,Stars,M0001,NULL,749,SINGLE,999,ProductOwner2@MoonStars.co.uk,ProductManager1@theapsgroup.com,0,Charge on Production
Moon and Stars,750,SAMPLE_0750,Sample Product 750,PX0000750,PX0000750,999,Moon Stars LMS Account,999,PSTR,DRAFT,Sun,M0001,NULL,750,SINGLE,999,ProductOwner1@MoonStars.co.uk,ProductManager1@theapsgroup.com,0,Charge on Production
Moon and Stars,751,SAMPLE_0751,Sample Product 751,PX0000751,PX0000751,999,Moon Stars LMS Account,999,PSTR,DRAFT,Sun,M0001,NULL,751,SINGLE,999,ProductOwner2@MoonStars.co.uk,ProductManager2@theapsgroup.com,0.2,Charge on Production
Moon and Stars,752,SAMPLE_0752,Sample Product 752,PX0000752,PX0000752,999,Moon Stars LMS Account,999,PSTR,DRAFT,Sun,M0002,NULL,752,PACK 3,999,ProductOwner3@MoonStars.co.uk,ProductManager1@theapsgroup.com,0,Charge on Production
Moon and Stars,753,SAMPLE_0753,Sample Product 753,PX0000753,PX0000753,999,Moon Stars LMS Account,999,PSTR,DRAFT,Stars,M0001,NULL,753,SINGLE,999,ProductOwner1@MoonStars.co.uk,ProductManager3@theapsgroup.com,0,Charge on Production
Moon and Stars,754,SAMPLE_0754,Sample Product 754,PX0000754,PX0000754,999,Moon Stars LMS Account,999,PSTR,DRAFT,Stars,M0001,NULL,754,PACK 10,999,ProductOwner1@MoonStars.co.uk,ProductManager3@theapsgroup.com,0.2,Charge on Production
Moon and Stars,755,SAMPLE_0755,Sample Product 755,PX0000755,PX0000755,999,Moon Stars LMS Account,999,LFLT,DRAFT,Moon,M0001,NULL,755,PACK 10,999,ProductOwner1@MoonStars.co.uk,ProductManager2@theapsgroup.com,0,Charge on Production
Moon and Stars,756,SAMPLE_0756,Sample Product 756,PX0000756,PX0000756,999,Moon Stars LMS Account,999,PSTR,DRAFT,Sun,M0002,NULL,756,SINGLE,999,ProductOwner3@MoonStars.co.uk,ProductManager3@theapsgroup.com,0,Charge on Production
Moon and Stars,757,SAMPLE_0757,Sample Product 757,PX0000757,PX0000757,999,Moon Stars LMS Account,999,PSTR,DRAFT,Moon,M0001,NULL,757,SINGLE,999,ProductOwner1@MoonStars.co.uk,ProductManager4@theapsgroup.com,0,Charge on Production
Moon and Stars,758,SAMPLE_0758,Sample Product 758,PX0000758,PX0000758,999,Moon Stars LMS Account,999,PSTR,DRAFT,Sun,M0002,NULL,758,SINGLE,999,ProductOwner3@MoonStars.co.uk,ProductManager1@theapsgroup.com,0,Charge on Production
Moon and Stars,759,SAMPLE_0759,Sample Product 759,PX0000759,PX0000759,999,Moon Stars LMS Account,999,PSTR,DRAFT,Moon,M0001,NULL,759,SINGLE,999,ProductOwner2@MoonStars.co.uk,ProductManager2@theapsgroup.com,0.2,Charge on Production
Moon and Stars,760,SAMPLE_0760,Sample Product 760,PX0000760,PX0000760,999,Moon Stars LMS Account,999,LABL,DRAFT,Stars,M0001,NULL,760,SINGLE,999,ProductOwner1@MoonStars.co.uk,ProductManager1@theapsgroup.com,0,Charge on Production
Moon and Stars,761,SAMPLE_0761,Sample Product 761,PX0000761,PX0000761,999,Moon Stars LMS Account,999,PSTR,DRAFT,Moon,M0001,NULL,761,PACK 10,999,ProductOwner2@MoonStars.co.uk,ProductManager1@theapsgroup.com,0,Charge on Production
Moon and Stars,762,SAMPLE_0762,Sample Product 762,PX0000762,PX0000762,999,Moon Stars LMS Account,999,POSA,DRAFT,Stars,M0001,NULL,762,SINGLE,999,ProductOwner2@MoonStars.co.uk,ProductManager4@theapsgroup.com,0,Charge on Production
Moon and Stars,763,SAMPLE_0763,Sample Product 763,PX0000763,PX0000763,999,Moon Stars LMS Account,999,POSA,DRAFT,Moon,M0003,NULL,763,SINGLE,999,ProductOwner4@MoonStars.co.uk,ProductManager4@theapsgroup.com,0,Charge on Production
Moon and Stars,764,SAMPLE_0764,Sample Product 764,PX0000764,PX0000764,999,Moon Stars LMS Account,999,LTHD,DRAFT,Moon,M0001,NULL,764,PACK 250,999,ProductOwner2@MoonStars.co.uk,ProductManager4@theapsgroup.com,0.2,Charge on Production
Moon and Stars,765,SAMPLE_0765,Sample Product 765,PX0000765,PX0000765,999,Moon Stars LMS Account,999,LTHD,DRAFT,Stars,M0001,NULL,765,SINGLE,999,ProductOwner1@MoonStars.co.uk,ProductManager1@theapsgroup.com,0,Charge on Production
Moon and Stars,766,SAMPLE_0766,Sample Product 766,PX0000766,PX0000766,999,Moon Stars LMS Account,999,PSTR,DRAFT,Stars,M0002,NULL,766,PACK 10,999,ProductOwner3@MoonStars.co.uk,ProductManager3@theapsgroup.com,0,Charge on Production
Moon and Stars,767,SAMPLE_0767,Sample Product 767,PX0000767,PX0000767,999,Moon Stars LMS Account,999,PROM,DRAFT,Stars,M0001,NULL,767,SINGLE,999,ProductOwner1@MoonStars.co.uk,ProductManager2@theapsgroup.com,0,Charge on Production
Moon and Stars,768,SAMPLE_0768,Sample Product 768,PX0000768,PX0000768,999,Moon Stars LMS Account,999,LTHD,DRAFT,Moon,M0001,NULL,768,SINGLE,999,ProductOwner1@MoonStars.co.uk,ProductManager3@theapsgroup.com,0.2,Charge on Production
Moon and Stars,769,SAMPLE_0769,Sample Product 769,PX0000769,PX0000769,999,Moon Stars LMS Account,999,LTHD,DRAFT,Moon,M0001,NULL,769,SINGLE,999,ProductOwner2@MoonStars.co.uk,ProductManager1@theapsgroup.com,0,Charge on Production
Moon and Stars,770,SAMPLE_0770,Sample Product 770,PX0000770,PX0000770,999,Moon Stars LMS Account,999,LFLT,DRAFT,Stars,M0001,NULL,770,PACK 50,999,ProductOwner1@MoonStars.co.uk,ProductManager1@theapsgroup.com,0,Charge on Production
Moon and Stars,771,SAMPLE_0771,Sample Product 771,PX0000771,PX0000771,999,Moon Stars LMS Account,999,GNPR,DRAFT,Sun,M0001,NULL,771,PACK 5,999,ProductOwner2@MoonStars.co.uk,ProductManager2@theapsgroup.com,0.2,Charge on Production
Moon and Stars,772,SAMPLE_0772,Sample Product 772,PX0000772,PX0000772,999,Moon Stars LMS Account,999,BN,DRAFT,Moon,M0002,NULL,772,PACK 5,999,ProductOwner3@MoonStars.co.uk,ProductManager1@theapsgroup.com,0,Charge on Production
Moon and Stars,773,SAMPLE_0773,Sample Product 773,PX0000773,PX0000773,999,Moon Stars LMS Account,999,BN,DRAFT,Stars,M0001,NULL,773,PACK 5,999,ProductOwner1@MoonStars.co.uk,ProductManager3@theapsgroup.com,0,Charge on Production
Moon and Stars,774,SAMPLE_0774,Sample Product 774,PX0000774,PX0000774,999,Moon Stars LMS Account,999,GNPR,DRAFT,Sun,M0001,NULL,774,PACK 100,999,ProductOwner1@MoonStars.co.uk,ProductManager3@theapsgroup.com,0.2,Charge on Production
Moon and Stars,775,SAMPLE_0775,Sample Product 775,PX0000775,PX0000775,999,Moon Stars LMS Account,999,PSTR,DRAFT,Sun,M0001,NULL,775,PACK 150,999,ProductOwner1@MoonStars.co.uk,ProductManager2@theapsgroup.com,0,Charge on Production
Moon and Stars,776,SAMPLE_0776,Sample Product 776,PX0000776,PX0000776,999,Moon Stars LMS Account,999,GNPR,DRAFT,Stars,M0002,NULL,776,PACK 400,999,ProductOwner3@MoonStars.co.uk,ProductManager3@theapsgroup.com,0,Charge on Production
Moon and Stars,777,SAMPLE_0777,Sample Product 777,PX0000777,PX0000777,999,Moon Stars LMS Account,999,BROC,DRAFT,Sun,M0001,NULL,777,SINGLE,999,ProductOwner1@MoonStars.co.uk,ProductManager4@theapsgroup.com,0,Charge on Production
Moon and Stars,778,SAMPLE_0778,Sample Product 778,PX0000778,PX0000778,999,Moon Stars LMS Account,999,POSA,DRAFT,Sun,M0002,NULL,778,SINGLE,999,ProductOwner3@MoonStars.co.uk,ProductManager1@theapsgroup.com,0,Charge on Production
Moon and Stars,779,SAMPLE_0779,Sample Product 779,PX0000779,PX0000779,999,Moon Stars LMS Account,999,BN,DRAFT,Stars,M0001,NULL,779,SINGLE,999,ProductOwner2@MoonStars.co.uk,ProductManager2@theapsgroup.com,0.2,Charge on Production
Moon and Stars,780,SAMPLE_0780,Sample Product 780,PX0000780,PX0000780,999,Moon Stars LMS Account,999,PSTR,DRAFT,Stars,M0001,NULL,780,SINGLE,999,ProductOwner1@MoonStars.co.uk,ProductManager1@theapsgroup.com,0,Charge on Production
Moon and Stars,781,SAMPLE_0781,Sample Product 781,PX0000781,PX0000781,999,Moon Stars LMS Account,999,CARD,DRAFT,Moon,M0001,NULL,781,SINGLE,999,ProductOwner2@MoonStars.co.uk,ProductManager1@theapsgroup.com,0,Charge on Production
Moon and Stars,782,SAMPLE_0782,Sample Product 782,PX0000782,PX0000782,999,Moon Stars LMS Account,999,PSTR,DRAFT,Stars,M0001,NULL,782,SINGLE,999,ProductOwner2@MoonStars.co.uk,ProductManager4@theapsgroup.com,0,Charge on Production
Moon and Stars,783,SAMPLE_0783,Sample Product 783,PX0000783,PX0000783,999,Moon Stars LMS Account,999,PSTR,DRAFT,Stars,M0003,NULL,783,SINGLE,999,ProductOwner4@MoonStars.co.uk,ProductManager4@theapsgroup.com,0,Charge on Production
Moon and Stars,784,SAMPLE_0784,Sample Product 784,PX0000784,PX0000784,999,Moon Stars LMS Account,999,MISC,DRAFT,Stars,M0001,NULL,784,PACK 50,999,ProductOwner2@MoonStars.co.uk,ProductManager4@theapsgroup.com,0.2,Charge on Production
Moon and Stars,785,SAMPLE_0785,Sample Product 785,PX0000785,PX0000785,999,Moon Stars LMS Account,999,LTHD,DRAFT,Stars,M0001,NULL,785,PACK 250,999,ProductOwner1@MoonStars.co.uk,ProductManager1@theapsgroup.com,0,Charge on Production
Moon and Stars,786,SAMPLE_0786,Sample Product 786,PX0000786,PX0000786,999,Moon Stars LMS Account,999,PROM,DRAFT,Sun,M0002,NULL,786,SINGLE,999,ProductOwner3@MoonStars.co.uk,ProductManager3@theapsgroup.com,0,Charge on Production
Moon and Stars,787,SAMPLE_0787,Sample Product 787,PX0000787,PX0000787,999,Moon Stars LMS Account,999,FORM,DRAFT,Stars,M0001,NULL,787,PACK 50,999,ProductOwner1@MoonStars.co.uk,ProductManager2@theapsgroup.com,0,Charge on Production
Moon and Stars,788,SAMPLE_0788,Sample Product 788,PX0000788,PX0000788,999,Moon Stars LMS Account,999,COMP,DRAFT,Sun,M0001,NULL,788,PACK 250,999,ProductOwner1@MoonStars.co.uk,ProductManager3@theapsgroup.com,0.2,Charge on Production
Moon and Stars,789,SAMPLE_0789,Sample Product 789,PX0000789,PX0000789,999,Moon Stars LMS Account,999,GNPR,DRAFT,Sun,M0001,NULL,789,PACK 25,999,ProductOwner2@MoonStars.co.uk,ProductManager1@theapsgroup.com,0,Charge on Production
Moon and Stars,790,SAMPLE_0790,Sample Product 790,PX0000790,PX0000790,999,Moon Stars LMS Account,999,FORM,DRAFT,Sun,M0001,NULL,790,PACK 50,999,ProductOwner1@MoonStars.co.uk,ProductManager1@theapsgroup.com,0,Charge on Production
Moon and Stars,791,SAMPLE_0791,Sample Product 791,PX0000791,PX0000791,999,Moon Stars LMS Account,999,FORM,DRAFT,Sun,M0001,NULL,791,PACK 50,999,ProductOwner2@MoonStars.co.uk,ProductManager2@theapsgroup.com,0.2,Charge on Production
Moon and Stars,792,SAMPLE_0792,Sample Product 792,PX0000792,PX0000792,999,Moon Stars LMS Account,999,GNPR,DRAFT,Moon,M0002,NULL,792,SINGLE,999,ProductOwner3@MoonStars.co.uk,ProductManager1@theapsgroup.com,0,Charge on Production
Moon and Stars,793,SAMPLE_0793,Sample Product 793,PX0000793,PX0000793,999,Moon Stars LMS Account,999,FORM,DRAFT,Stars,M0001,NULL,793,PACK 50,999,ProductOwner1@MoonStars.co.uk,ProductManager3@theapsgroup.com,0,Charge on Production
Moon and Stars,794,SAMPLE_0794,Sample Product 794,PX0000794,PX0000794,999,Moon Stars LMS Account,999,PSTR,DRAFT,Moon,M0001,NULL,794,SINGLE,999,ProductOwner1@MoonStars.co.uk,ProductManager3@theapsgroup.com,0.2,Charge on Production
Moon and Stars,795,SAMPLE_0795,Sample Product 795,PX0000795,PX0000795,999,Moon Stars LMS Account,999,LFLT,DRAFT,Sun,M0001,NULL,795,PACK 50,999,ProductOwner1@MoonStars.co.uk,ProductManager2@theapsgroup.com,0,Charge on Production
Moon and Stars,796,SAMPLE_0796,Sample Product 796,PX0000796,PX0000796,999,Moon Stars LMS Account,999,BROC,DRAFT,Stars,M0002,NULL,796,PACK 50,999,ProductOwner3@MoonStars.co.uk,ProductManager3@theapsgroup.com,0,Charge on Production
Moon and Stars,797,SAMPLE_0797,Sample Product 797,PX0000797,PX0000797,999,Moon Stars LMS Account,999,LFLT,DRAFT,Sun,M0001,NULL,797,PACK 25,999,ProductOwner1@MoonStars.co.uk,ProductManager4@theapsgroup.com,0,Charge on Production
Moon and Stars,798,SAMPLE_0798,Sample Product 798,PX0000798,PX0000798,999,Moon Stars LMS Account,999,LFLT,DRAFT,Sun,M0002,NULL,798,PACK 25,999,ProductOwner3@MoonStars.co.uk,ProductManager1@theapsgroup.com,0,Charge on Production
Moon and Stars,799,SAMPLE_0799,Sample Product 799,PX0000799,PX0000799,999,Moon Stars LMS Account,999,CERT,DRAFT,Stars,M0001,NULL,799,PACK 10,999,ProductOwner2@MoonStars.co.uk,ProductManager2@theapsgroup.com,0.2,Charge on Production
Moon and Stars,800,SAMPLE_0800,Sample Product 800,PX0000800,PX0000800,999,Moon Stars LMS Account,999,CERT,DRAFT,Stars,M0001,NULL,800,PACK 10,999,ProductOwner1@MoonStars.co.uk,ProductManager1@theapsgroup.com,0,Charge on Production
Moon and Stars,801,SAMPLE_0801,Sample Product 801,PX0000801,PX0000801,999,Moon Stars LMS Account,999,CERT,DRAFT,Sun,M0001,NULL,801,PACK 10,999,ProductOwner2@MoonStars.co.uk,ProductManager1@theapsgroup.com,0,Charge on Production
Moon and Stars,802,SAMPLE_0802,Sample Product 802,PX0000802,PX0000802,999,Moon Stars LMS Account,999,CERT,DRAFT,Sun,M0001,NULL,802,PACK 10,999,ProductOwner2@MoonStars.co.uk,ProductManager4@theapsgroup.com,0,Charge on Production
Moon and Stars,803,SAMPLE_0803,Sample Product 803,PX0000803,PX0000803,999,Moon Stars LMS Account,999,PSTR,DRAFT,Moon,M0003,NULL,803,SINGLE,999,ProductOwner4@MoonStars.co.uk,ProductManager4@theapsgroup.com,0,Charge on Production
Moon and Stars,804,SAMPLE_0804,Sample Product 804,PX0000804,PX0000804,999,Moon Stars LMS Account,999,PSTR,DRAFT,Moon,M0001,NULL,804,SINGLE,999,ProductOwner2@MoonStars.co.uk,ProductManager4@theapsgroup.com,0.2,Charge on Production
Moon and Stars,805,SAMPLE_0805,Sample Product 805,PX0000805,PX0000805,999,Moon Stars LMS Account,999,PSTR,DRAFT,Stars,M0001,NULL,805,SINGLE,999,ProductOwner1@MoonStars.co.uk,ProductManager1@theapsgroup.com,0,Charge on Production
Moon and Stars,806,SAMPLE_0806,Sample Product 806,PX0000806,PX0000806,999,Moon Stars LMS Account,999,GNPR,DRAFT,Moon,M0002,NULL,806,PACK 50,999,ProductOwner3@MoonStars.co.uk,ProductManager3@theapsgroup.com,0,Charge on Production
Moon and Stars,807,SAMPLE_0807,Sample Product 807,PX0000807,PX0000807,999,Moon Stars LMS Account,999,BN,DRAFT,Stars,M0001,NULL,807,SINGLE,999,ProductOwner1@MoonStars.co.uk,ProductManager2@theapsgroup.com,0,Charge on Production
Moon and Stars,808,SAMPLE_0808,Sample Product 808,PX0000808,PX0000808,999,Moon Stars LMS Account,999,PSTR,DRAFT,Moon,M0001,NULL,808,SINGLE,999,ProductOwner1@MoonStars.co.uk,ProductManager3@theapsgroup.com,0.2,Charge on Production
Moon and Stars,809,SAMPLE_0809,Sample Product 809,PX0000809,PX0000809,999,Moon Stars LMS Account,999,CARD,DRAFT,Stars,M0001,NULL,809,SINGLE,999,ProductOwner2@MoonStars.co.uk,ProductManager1@theapsgroup.com,0,Charge on Production
Moon and Stars,810,SAMPLE_0810,Sample Product 810,PX0000810,PX0000810,999,Moon Stars LMS Account,999,CARD,DRAFT,Sun,M0001,NULL,810,PACK 25,999,ProductOwner1@MoonStars.co.uk,ProductManager1@theapsgroup.com,0,Charge on Production
Moon and Stars,811,SAMPLE_0811,Sample Product 811,PX0000811,PX0000811,999,Moon Stars LMS Account,999,CERT,DRAFT,Stars,M0001,NULL,811,SINGLE,999,ProductOwner2@MoonStars.co.uk,ProductManager2@theapsgroup.com,0.2,Charge on Production
Moon and Stars,812,SAMPLE_0812,Sample Product 812,PX0000812,PX0000812,999,Moon Stars LMS Account,999,PROM,DRAFT,Moon,M0002,NULL,812,SINGLE,999,ProductOwner3@MoonStars.co.uk,ProductManager1@theapsgroup.com,0,Charge on Production
Moon and Stars,813,SAMPLE_0813,Sample Product 813,PX0000813,PX0000813,999,Moon Stars LMS Account,999,CARD,DRAFT,Moon,M0001,NULL,813,PACK 25,999,ProductOwner1@MoonStars.co.uk,ProductManager3@theapsgroup.com,0,Charge on Production
Moon and Stars,814,SAMPLE_0814,Sample Product 814,PX0000814,PX0000814,999,Moon Stars LMS Account,999,PSTR,DRAFT,Stars,M0001,NULL,814,PACK 3,999,ProductOwner1@MoonStars.co.uk,ProductManager3@theapsgroup.com,0.2,Charge on Production
Moon and Stars,815,SAMPLE_0815,Sample Product 815,PX0000815,PX0000815,999,Moon Stars LMS Account,999,PSTR,DRAFT,Sun,M0001,NULL,815,PACK 3,999,ProductOwner1@MoonStars.co.uk,ProductManager2@theapsgroup.com,0,Charge on Production
Moon and Stars,816,SAMPLE_0816,Sample Product 816,PX0000816,PX0000816,999,Moon Stars LMS Account,999,CERT,DRAFT,Stars,M0002,NULL,816,PACK 25,999,ProductOwner3@MoonStars.co.uk,ProductManager3@theapsgroup.com,0,Charge on Production
Moon and Stars,817,SAMPLE_0817,Sample Product 817,PX0000817,PX0000817,999,Moon Stars LMS Account,999,PSTR,DRAFT,Sun,M0001,NULL,817,SINGLE,999,ProductOwner1@MoonStars.co.uk,ProductManager4@theapsgroup.com,0,Charge on Production
Moon and Stars,818,SAMPLE_0818,Sample Product 818,PX0000818,PX0000818,999,Moon Stars LMS Account,999,PROM,DRAFT,Stars,M0002,NULL,818,SINGLE,999,ProductOwner3@MoonStars.co.uk,ProductManager1@theapsgroup.com,0,Charge on Production
Moon and Stars,819,SAMPLE_0819,Sample Product 819,PX0000819,PX0000819,999,Moon Stars LMS Account,999,GNPR,DRAFT,Moon,M0001,NULL,819,SINGLE,999,ProductOwner2@MoonStars.co.uk,ProductManager2@theapsgroup.com,0.2,Charge on Production
Moon and Stars,820,SAMPLE_0820,Sample Product 820,PX0000820,PX0000820,999,Moon Stars LMS Account,999,GNPR,DRAFT,Stars,M0001,NULL,820,SINGLE,999,ProductOwner1@MoonStars.co.uk,ProductManager1@theapsgroup.com,0,Charge on Production
Moon and Stars,821,SAMPLE_0821,Sample Product 821,PX0000821,PX0000821,999,Moon Stars LMS Account,999,GNPR,DRAFT,Moon,M0001,NULL,821,SINGLE,999,ProductOwner2@MoonStars.co.uk,ProductManager1@theapsgroup.com,0,Charge on Production
Moon and Stars,822,SAMPLE_0822,Sample Product 822,PX0000822,PX0000822,999,Moon Stars LMS Account,999,GNPR,DRAFT,Moon,M0001,NULL,822,SINGLE,999,ProductOwner2@MoonStars.co.uk,ProductManager4@theapsgroup.com,0,Charge on Production
Moon and Stars,823,SAMPLE_0823,Sample Product 823,PX0000823,PX0000823,999,Moon Stars LMS Account,999,GNPR,DRAFT,Sun,M0003,NULL,823,SINGLE,999,ProductOwner4@MoonStars.co.uk,ProductManager4@theapsgroup.com,0,Charge on Production
Moon and Stars,824,SAMPLE_0824,Sample Product 824,PX0000824,PX0000824,999,Moon Stars LMS Account,999,GNPR,DRAFT,Stars,M0001,NULL,824,SINGLE,999,ProductOwner2@MoonStars.co.uk,ProductManager4@theapsgroup.com,0.2,Charge on Production
Moon and Stars,825,SAMPLE_0825,Sample Product 825,PX0000825,PX0000825,999,Moon Stars LMS Account,999,GNPR,DRAFT,Sun,M0001,NULL,825,SINGLE,999,ProductOwner1@MoonStars.co.uk,ProductManager1@theapsgroup.com,0,Charge on Production
Moon and Stars,826,SAMPLE_0826,Sample Product 826,PX0000826,PX0000826,999,Moon Stars LMS Account,999,GNPR,DRAFT,Moon,M0002,NULL,826,SINGLE,999,ProductOwner3@MoonStars.co.uk,ProductManager3@theapsgroup.com,0,Charge on Production
Moon and Stars,827,SAMPLE_0827,Sample Product 827,PX0000827,PX0000827,999,Moon Stars LMS Account,999,GNPR,DRAFT,Sun,M0001,NULL,827,SINGLE,999,ProductOwner1@MoonStars.co.uk,ProductManager2@theapsgroup.com,0,Charge on Production
Moon and Stars,828,SAMPLE_0828,Sample Product 828,PX0000828,PX0000828,999,Moon Stars LMS Account,999,GNPR,DRAFT,Sun,M0001,NULL,828,SINGLE,999,ProductOwner1@MoonStars.co.uk,ProductManager3@theapsgroup.com,0.2,Charge on Production
Moon and Stars,829,SAMPLE_0829,Sample Product 829,PX0000829,PX0000829,999,Moon Stars LMS Account,999,GNPR,DRAFT,Moon,M0001,NULL,829,SINGLE,999,ProductOwner2@MoonStars.co.uk,ProductManager1@theapsgroup.com,0,Charge on Production
Moon and Stars,830,SAMPLE_0830,Sample Product 830,PX0000830,PX0000830,999,Moon Stars LMS Account,999,GNPR,DRAFT,Sun,M0001,NULL,830,SINGLE,999,ProductOwner1@MoonStars.co.uk,ProductManager1@theapsgroup.com,0,Charge on Production
Moon and Stars,831,SAMPLE_0831,Sample Product 831,PX0000831,PX0000831,999,Moon Stars LMS Account,999,GNPR,DRAFT,Stars,M0001,NULL,831,SINGLE,999,ProductOwner2@MoonStars.co.uk,ProductManager2@theapsgroup.com,0.2,Charge on Production
Moon and Stars,832,SAMPLE_0832,Sample Product 832,PX0000832,PX0000832,999,Moon Stars LMS Account,999,GNPR,DRAFT,Moon,M0002,NULL,832,SINGLE,999,ProductOwner3@MoonStars.co.uk,ProductManager1@theapsgroup.com,0,Charge on Production
Moon and Stars,833,SAMPLE_0833,Sample Product 833,PX0000833,PX0000833,999,Moon Stars LMS Account,999,GNPR,DRAFT,Sun,M0001,NULL,833,SINGLE,999,ProductOwner1@MoonStars.co.uk,ProductManager3@theapsgroup.com,0,Charge on Production
Moon and Stars,834,SAMPLE_0834,Sample Product 834,PX0000834,PX0000834,999,Moon Stars LMS Account,999,GNPR,DRAFT,Stars,M0001,NULL,834,SINGLE,999,ProductOwner1@MoonStars.co.uk,ProductManager3@theapsgroup.com,0.2,Charge on Production
Moon and Stars,835,SAMPLE_0835,Sample Product 835,PX0000835,PX0000835,999,Moon Stars LMS Account,999,GNPR,DRAFT,Sun,M0001,NULL,835,SINGLE,999,ProductOwner1@MoonStars.co.uk,ProductManager2@theapsgroup.com,0,Charge on Production
Moon and Stars,836,SAMPLE_0836,Sample Product 836,PX0000836,PX0000836,999,Moon Stars LMS Account,999,GNPR,DRAFT,Stars,M0002,NULL,836,SINGLE,999,ProductOwner3@MoonStars.co.uk,ProductManager3@theapsgroup.com,0,Charge on Production
Moon and Stars,837,SAMPLE_0837,Sample Product 837,PX0000837,PX0000837,999,Moon Stars LMS Account,999,GNPR,DRAFT,Moon,M0001,NULL,837,SINGLE,999,ProductOwner1@MoonStars.co.uk,ProductManager4@theapsgroup.com,0,Charge on Production
Moon and Stars,838,SAMPLE_0838,Sample Product 838,PX0000838,PX0000838,999,Moon Stars LMS Account,999,GNPR,DRAFT,Moon,M0002,NULL,838,SINGLE,999,ProductOwner3@MoonStars.co.uk,ProductManager1@theapsgroup.com,0,Charge on Production
Moon and Stars,839,SAMPLE_0839,Sample Product 839,PX0000839,PX0000839,999,Moon Stars LMS Account,999,GNPR,DRAFT,Moon,M0001,NULL,839,SINGLE,999,ProductOwner2@MoonStars.co.uk,ProductManager2@theapsgroup.com,0.2,Charge on Production
Moon and Stars,840,SAMPLE_0840,Sample Product 840,PX0000840,PX0000840,999,Moon Stars LMS Account,999,GNPR,DRAFT,Moon,M0001,NULL,840,SINGLE,999,ProductOwner1@MoonStars.co.uk,ProductManager1@theapsgroup.com,0,Charge on Production
Moon and Stars,841,SAMPLE_0841,Sample Product 841,PX0000841,PX0000841,999,Moon Stars LMS Account,999,GNPR,DRAFT,Stars,M0001,NULL,841,SINGLE,999,ProductOwner2@MoonStars.co.uk,ProductManager1@theapsgroup.com,0,Charge on Production
Moon and Stars,842,SAMPLE_0842,Sample Product 842,PX0000842,PX0000842,999,Moon Stars LMS Account,999,GNPR,DRAFT,Stars,M0001,NULL,842,SINGLE,999,ProductOwner2@MoonStars.co.uk,ProductManager4@theapsgroup.com,0,Charge on Production
Moon and Stars,843,SAMPLE_0843,Sample Product 843,PX0000843,PX0000843,999,Moon Stars LMS Account,999,GNPR,DRAFT,Stars,M0003,NULL,843,SINGLE,999,ProductOwner4@MoonStars.co.uk,ProductManager4@theapsgroup.com,0,Charge on Production
Moon and Stars,844,SAMPLE_0844,Sample Product 844,PX0000844,PX0000844,999,Moon Stars LMS Account,999,POSA,DRAFT,Moon,M0001,NULL,844,PACK 20,999,ProductOwner2@MoonStars.co.uk,ProductManager4@theapsgroup.com,0.2,Charge on Production
Moon and Stars,845,SAMPLE_0845,Sample Product 845,PX0000845,PX0000845,999,Moon Stars LMS Account,999,POSA,DRAFT,Moon,M0001,NULL,845,PACK 20,999,ProductOwner1@MoonStars.co.uk,ProductManager1@theapsgroup.com,0,Charge on Production
Moon and Stars,846,SAMPLE_0846,Sample Product 846,PX0000846,PX0000846,999,Moon Stars LMS Account,999,PROM,DRAFT,Sun,M0002,NULL,846,SINGLE,999,ProductOwner3@MoonStars.co.uk,ProductManager3@theapsgroup.com,0,Charge on Production
Moon and Stars,847,SAMPLE_0847,Sample Product 847,PX0000847,PX0000847,999,Moon Stars LMS Account,999,BOOKS,DRAFT,Sun,M0001,NULL,847,SINGLE,999,ProductOwner1@MoonStars.co.uk,ProductManager2@theapsgroup.com,0,Charge on Production
Moon and Stars,848,SAMPLE_0848,Sample Product 848,PX0000848,PX0000848,999,Moon Stars LMS Account,999,GNPR,DRAFT,Sun,M0001,NULL,848,SINGLE,999,ProductOwner1@MoonStars.co.uk,ProductManager3@theapsgroup.com,0.2,Charge on Production
Moon and Stars,849,SAMPLE_0849,Sample Product 849,PX0000849,PX0000849,999,Moon Stars LMS Account,999,GNPR,DRAFT,Sun,M0001,NULL,849,SINGLE,999,ProductOwner2@MoonStars.co.uk,ProductManager1@theapsgroup.com,0,Charge on Production
Moon and Stars,850,SAMPLE_0850,Sample Product 850,PX0000850,PX0000850,999,Moon Stars LMS Account,999,GNPR,DRAFT,Stars,M0001,NULL,850,SINGLE,999,ProductOwner1@MoonStars.co.uk,ProductManager1@theapsgroup.com,0,Charge on Production
Moon and Stars,851,SAMPLE_0851,Sample Product 851,PX0000851,PX0000851,999,Moon Stars LMS Account,999,BN,DRAFT,Moon,M0001,NULL,851,SINGLE,999,ProductOwner2@MoonStars.co.uk,ProductManager2@theapsgroup.com,0.2,Charge on Production
Moon and Stars,852,SAMPLE_0852,Sample Product 852,PX0000852,PX0000852,999,Moon Stars LMS Account,999,PSTR,DRAFT,Stars,M0002,NULL,852,PACK 5,999,ProductOwner3@MoonStars.co.uk,ProductManager1@theapsgroup.com,0,Charge on Production
Moon and Stars,853,SAMPLE_0853,Sample Product 853,PX0000853,PX0000853,999,Moon Stars LMS Account,999,CARD,DRAFT,Stars,M0001,NULL,853,PACK 25,999,ProductOwner1@MoonStars.co.uk,ProductManager3@theapsgroup.com,0,Charge on Production
Moon and Stars,854,SAMPLE_0854,Sample Product 854,PX0000854,PX0000854,999,Moon Stars LMS Account,999,GNPR,DRAFT,Stars,M0001,NULL,854,SINGLE,999,ProductOwner1@MoonStars.co.uk,ProductManager3@theapsgroup.com,0.2,Charge on Production
Moon and Stars,855,SAMPLE_0855,Sample Product 855,PX0000855,PX0000855,999,Moon Stars LMS Account,999,GNPR,DRAFT,Sun,M0001,NULL,855,SINGLE,999,ProductOwner1@MoonStars.co.uk,ProductManager2@theapsgroup.com,0,Charge on Production
Moon and Stars,856,SAMPLE_0856,Sample Product 856,PX0000856,PX0000856,999,Moon Stars LMS Account,999,GNPR,DRAFT,Sun,M0002,NULL,856,PACK 11,999,ProductOwner3@MoonStars.co.uk,ProductManager3@theapsgroup.com,0,Charge on Production
Moon and Stars,857,SAMPLE_0857,Sample Product 857,PX0000857,PX0000857,999,Moon Stars LMS Account,999,GNPR,DRAFT,Moon,M0001,NULL,857,PACK 6,999,ProductOwner1@MoonStars.co.uk,ProductManager4@theapsgroup.com,0,Charge on Production
Moon and Stars,858,SAMPLE_0858,Sample Product 858,PX0000858,PX0000858,999,Moon Stars LMS Account,999,GNPR,DRAFT,Stars,M0002,NULL,858,PACK 5,999,ProductOwner3@MoonStars.co.uk,ProductManager1@theapsgroup.com,0,Charge on Production
Moon and Stars,859,SAMPLE_0859,Sample Product 859,PX0000859,PX0000859,999,Moon Stars LMS Account,999,LFLT,DRAFT,Moon,M0001,NULL,859,SINGLE,999,ProductOwner2@MoonStars.co.uk,ProductManager2@theapsgroup.com,0.2,Charge on Production
Moon and Stars,860,SAMPLE_0860,Sample Product 860,PX0000860,PX0000860,999,Moon Stars LMS Account,999,PSTR,DRAFT,Moon,M0001,NULL,860,SINGLE,999,ProductOwner1@MoonStars.co.uk,ProductManager1@theapsgroup.com,0,Charge on Production
Moon and Stars,861,SAMPLE_0861,Sample Product 861,PX0000861,PX0000861,999,Moon Stars LMS Account,999,GNPR,DRAFT,Sun,M0001,NULL,861,SINGLE,999,ProductOwner2@MoonStars.co.uk,ProductManager1@theapsgroup.com,0,Charge on Production
Moon and Stars,862,SAMPLE_0862,Sample Product 862,PX0000862,PX0000862,999,Moon Stars LMS Account,999,FOLD,DRAFT,Moon,M0001,NULL,862,PACK 50,999,ProductOwner2@MoonStars.co.uk,ProductManager4@theapsgroup.com,0,Charge on Production
Moon and Stars,863,SAMPLE_0863,Sample Product 863,PX0000863,PX0000863,999,Moon Stars LMS Account,999,PROM,DRAFT,Stars,M0003,NULL,863,SINGLE,999,ProductOwner4@MoonStars.co.uk,ProductManager4@theapsgroup.com,0,Charge on Production
Moon and Stars,864,SAMPLE_0864,Sample Product 864,PX0000864,PX0000864,999,Moon Stars LMS Account,999,GNPR,DRAFT,Stars,M0001,NULL,864,SINGLE,999,ProductOwner2@MoonStars.co.uk,ProductManager4@theapsgroup.com,0.2,Charge on Production
Moon and Stars,865,SAMPLE_0865,Sample Product 865,PX0000865,PX0000865,999,Moon Stars LMS Account,999,BROC,ARCHIVED,Moon,M0001,NULL,865,PACK 50,999,ProductOwner1@MoonStars.co.uk,ProductManager1@theapsgroup.com,0,Charge on Production
Moon and Stars,866,SAMPLE_0866,Sample Product 866,PX0000866,PX0000866,999,Moon Stars LMS Account,999,LABL,DRAFT,Stars,M0002,NULL,866,SINGLE,999,ProductOwner3@MoonStars.co.uk,ProductManager3@theapsgroup.com,0,Charge on Production
Moon and Stars,867,SAMPLE_0867,Sample Product 867,PX0000867,PX0000867,999,Moon Stars LMS Account,999,FORM,DRAFT,Moon,M0001,NULL,867,PACK 50,999,ProductOwner1@MoonStars.co.uk,ProductManager2@theapsgroup.com,0,Charge on Production
Moon and Stars,868,SAMPLE_0868,Sample Product 868,PX0000868,PX0000868,999,Moon Stars LMS Account,999,GNPR,DRAFT,Sun,M0001,NULL,868,PACK 50,999,ProductOwner1@MoonStars.co.uk,ProductManager3@theapsgroup.com,0.2,Charge on Production
Moon and Stars,869,SAMPLE_0869,Sample Product 869,PX0000869,PX0000869,999,Moon Stars LMS Account,999,GNPR,DRAFT,Moon,M0001,NULL,869,SINGLE,999,ProductOwner2@MoonStars.co.uk,ProductManager1@theapsgroup.com,0,Charge on Production
Moon and Stars,870,SAMPLE_0870,Sample Product 870,PX0000870,PX0000870,999,Moon Stars LMS Account,999,FORM,DRAFT,Sun,M0001,NULL,870,PACK 50,999,ProductOwner1@MoonStars.co.uk,ProductManager1@theapsgroup.com,0,Charge on Production
Moon and Stars,871,SAMPLE_0871,Sample Product 871,PX0000871,PX0000871,999,Moon Stars LMS Account,999,PSTR,DRAFT,Moon,M0001,NULL,871,PACK 6,999,ProductOwner2@MoonStars.co.uk,ProductManager2@theapsgroup.com,0.2,Charge on Production
Moon and Stars,872,SAMPLE_0872,Sample Product 872,PX0000872,PX0000872,999,Moon Stars LMS Account,999,PAD,DRAFT,Moon,M0002,NULL,872,PACK 20,999,ProductOwner3@MoonStars.co.uk,ProductManager1@theapsgroup.com,0,Charge on Production
Moon and Stars,873,SAMPLE_0873,Sample Product 873,PX0000873,PX0000873,999,Moon Stars LMS Account,999,LFLT,DRAFT,Sun,M0001,NULL,873,PACK 75,999,ProductOwner1@MoonStars.co.uk,ProductManager3@theapsgroup.com,0,Charge on Production
Moon and Stars,874,SAMPLE_0874,Sample Product 874,PX0000874,PX0000874,999,Moon Stars LMS Account,999,PAD,DRAFT,Moon,M0001,NULL,874,PACK 50,999,ProductOwner1@MoonStars.co.uk,ProductManager3@theapsgroup.com,0.2,Charge on Production
Moon and Stars,875,SAMPLE_0875,Sample Product 875,PX0000875,PX0000875,999,Moon Stars LMS Account,999,PAD,DRAFT,Sun,M0001,NULL,875,PACK 50,999,ProductOwner1@MoonStars.co.uk,ProductManager2@theapsgroup.com,0,Charge on Production
Moon and Stars,876,SAMPLE_0876,Sample Product 876,PX0000876,PX0000876,999,Moon Stars LMS Account,999,BN,DRAFT,Sun,M0002,NULL,876,SINGLE,999,ProductOwner3@MoonStars.co.uk,ProductManager3@theapsgroup.com,0,Charge on Production
Moon and Stars,877,SAMPLE_0877,Sample Product 877,PX0000877,PX0000877,999,Moon Stars LMS Account,999,PSTR,DRAFT,Moon,M0001,NULL,877,SINGLE,999,ProductOwner1@MoonStars.co.uk,ProductManager4@theapsgroup.com,0,Charge on Production
Moon and Stars,878,SAMPLE_0878,Sample Product 878,PX0000878,PX0000878,999,Moon Stars LMS Account,999,CARD,DRAFT,Moon,M0002,NULL,878,SINGLE,999,ProductOwner3@MoonStars.co.uk,ProductManager1@theapsgroup.com,0,Charge on Production
Moon and Stars,879,SAMPLE_0879,Sample Product 879,PX0000879,PX0000879,999,Moon Stars LMS Account,999,LFLT,DRAFT,Stars,M0001,NULL,879,PACK 30,999,ProductOwner2@MoonStars.co.uk,ProductManager2@theapsgroup.com,0.2,Charge on Production
Moon and Stars,880,SAMPLE_0880,Sample Product 880,PX0000880,PX0000880,999,Moon Stars LMS Account,999,GNPR,DRAFT,Sun,M0001,NULL,880,PACK 10,999,ProductOwner1@MoonStars.co.uk,ProductManager1@theapsgroup.com,0,Charge on Production
Moon and Stars,881,SAMPLE_0881,Sample Product 881,PX0000881,PX0000881,999,Moon Stars LMS Account,999,GNPR,DRAFT,Stars,M0001,NULL,881,PACK 10,999,ProductOwner2@MoonStars.co.uk,ProductManager1@theapsgroup.com,0,Charge on Production
Moon and Stars,882,SAMPLE_0882,Sample Product 882,PX0000882,PX0000882,999,Moon Stars LMS Account,999,PSTR,DRAFT,Stars,M0001,NULL,882,SINGLE,999,ProductOwner2@MoonStars.co.uk,ProductManager4@theapsgroup.com,0,Charge on Production
Moon and Stars,883,SAMPLE_0883,Sample Product 883,PX0000883,PX0000883,999,Moon Stars LMS Account,999,CARD,DRAFT,Stars,M0003,NULL,883,PACK 20,999,ProductOwner4@MoonStars.co.uk,ProductManager4@theapsgroup.com,0,Charge on Production
Moon and Stars,884,SAMPLE_0884,Sample Product 884,PX0000884,PX0000884,999,Moon Stars LMS Account,999,CARD,DRAFT,Stars,M0001,NULL,884,PACK 50,999,ProductOwner2@MoonStars.co.uk,ProductManager4@theapsgroup.com,0.2,Charge on Production
Moon and Stars,885,SAMPLE_0885,Sample Product 885,PX0000885,PX0000885,999,Moon Stars LMS Account,999,ENVE,DRAFT,Stars,M0001,NULL,885,PACK 50,999,ProductOwner1@MoonStars.co.uk,ProductManager1@theapsgroup.com,0,Charge on Production
Moon and Stars,886,SAMPLE_0886,Sample Product 886,PX0000886,PX0000886,999,Moon Stars LMS Account,999,BROC,DRAFT,Sun,M0002,NULL,886,PACK 20,999,ProductOwner3@MoonStars.co.uk,ProductManager3@theapsgroup.com,0,Charge on Production
Moon and Stars,887,SAMPLE_0887,Sample Product 887,PX0000887,PX0000887,999,Moon Stars LMS Account,999,GNPR,DRAFT,Stars,M0001,NULL,887,SINGLE,999,ProductOwner1@MoonStars.co.uk,ProductManager2@theapsgroup.com,0,Charge on Production
Moon and Stars,888,SAMPLE_0888,Sample Product 888,PX0000888,PX0000888,999,Moon Stars LMS Account,999,CARD,DRAFT,Sun,M0001,NULL,888,SINGLE,999,ProductOwner1@MoonStars.co.uk,ProductManager3@theapsgroup.com,0.2,Charge on Production
Moon and Stars,889,SAMPLE_0889,Sample Product 889,PX0000889,PX0000889,999,Moon Stars LMS Account,999,BROC,DRAFT,Stars,M0001,NULL,889,SINGLE,999,ProductOwner2@MoonStars.co.uk,ProductManager1@theapsgroup.com,0,Charge on Production
Moon and Stars,890,SAMPLE_0890,Sample Product 890,PX0000890,PX0000890,999,Moon Stars LMS Account,999,GNPR,DRAFT,Sun,M0001,NULL,890,PACK 10,999,ProductOwner1@MoonStars.co.uk,ProductManager1@theapsgroup.com,0,Charge on Production
Moon and Stars,891,SAMPLE_0891,Sample Product 891,PX0000891,PX0000891,999,Moon Stars LMS Account,999,FORM,DRAFT,Moon,M0001,NULL,891,PACK 20,999,ProductOwner2@MoonStars.co.uk,ProductManager2@theapsgroup.com,0.2,Charge on Production
Moon and Stars,892,SAMPLE_0892,Sample Product 892,PX0000892,PX0000892,999,Moon Stars LMS Account,999,LFLT,DRAFT,Moon,M0002,NULL,892,PACK 25,999,ProductOwner3@MoonStars.co.uk,ProductManager1@theapsgroup.com,0,Charge on Production
Moon and Stars,893,SAMPLE_0893,Sample Product 893,PX0000893,PX0000893,999,Moon Stars LMS Account,999,GNPR,DRAFT,Sun,M0001,NULL,893,SINGLE,999,ProductOwner1@MoonStars.co.uk,ProductManager3@theapsgroup.com,0,Charge on Production
Moon and Stars,894,SAMPLE_0894,Sample Product 894,PX0000894,PX0000894,999,Moon Stars LMS Account,999,FOLD,DRAFT,Moon,M0001,NULL,894,SINGLE,999,ProductOwner1@MoonStars.co.uk,ProductManager3@theapsgroup.com,0.2,Charge on Production
Moon and Stars,895,SAMPLE_0895,Sample Product 895,PX0000895,PX0000895,999,Moon Stars LMS Account,999,FOLD,DRAFT,Stars,M0001,NULL,895,SINGLE,999,ProductOwner1@MoonStars.co.uk,ProductManager2@theapsgroup.com,0,Charge on Production
Moon and Stars,896,SAMPLE_0896,Sample Product 896,PX0000896,PX0000896,999,Moon Stars LMS Account,999,BN,DRAFT,Moon,M0002,NULL,896,SINGLE,999,ProductOwner3@MoonStars.co.uk,ProductManager3@theapsgroup.com,0,Charge on Production
Moon and Stars,897,SAMPLE_0897,Sample Product 897,PX0000897,PX0000897,999,Moon Stars LMS Account,999,PSTR,DRAFT,Sun,M0001,NULL,897,PACK 5,999,ProductOwner1@MoonStars.co.uk,ProductManager4@theapsgroup.com,0,Charge on Production
Moon and Stars,898,SAMPLE_0898,Sample Product 898,PX0000898,PX0000898,999,Moon Stars LMS Account,999,GNPR,DRAFT,Sun,M0002,NULL,898,SINGLE,999,ProductOwner3@MoonStars.co.uk,ProductManager1@theapsgroup.com,0,Charge on Production
Moon and Stars,899,SAMPLE_0899,Sample Product 899,PX0000899,PX0000899,999,Moon Stars LMS Account,999,BKLT,DRAFT,Sun,M0001,NULL,899,SINGLE,999,ProductOwner2@MoonStars.co.uk,ProductManager2@theapsgroup.com,0.2,Charge on Production
Moon and Stars,900,SAMPLE_0900,Sample Product 900,PX0000900,PX0000900,999,Moon Stars LMS Account,999,FOLD,DRAFT,Sun,M0001,NULL,900,SINGLE,999,ProductOwner1@MoonStars.co.uk,ProductManager1@theapsgroup.com,0,Charge on Production
Moon and Stars,901,SAMPLE_0901,Sample Product 901,PX0000901,PX0000901,999,Moon Stars LMS Account,999,FOLD,DRAFT,Moon,M0001,NULL,901,SINGLE,999,ProductOwner2@MoonStars.co.uk,ProductManager1@theapsgroup.com,0,Charge on Production
Moon and Stars,902,SAMPLE_0902,Sample Product 902,PX0000902,PX0000902,999,Moon Stars LMS Account,999,FOLD,DRAFT,Stars,M0001,NULL,902,SINGLE,999,ProductOwner2@MoonStars.co.uk,ProductManager4@theapsgroup.com,0,Charge on Production
Moon and Stars,903,SAMPLE_0903,Sample Product 903,PX0000903,PX0000903,999,Moon Stars LMS Account,999,FOLD,DRAFT,Stars,M0003,NULL,903,SINGLE,999,ProductOwner4@MoonStars.co.uk,ProductManager4@theapsgroup.com,0,Charge on Production
Moon and Stars,904,SAMPLE_0904,Sample Product 904,PX0000904,PX0000904,999,Moon Stars LMS Account,999,LFLT,DRAFT,Moon,M0001,NULL,904,PACK 25,999,ProductOwner2@MoonStars.co.uk,ProductManager4@theapsgroup.com,0.2,Charge on Production
Moon and Stars,905,SAMPLE_0905,Sample Product 905,PX0000905,PX0000905,999,Moon Stars LMS Account,999,GNPR,DRAFT,Sun,M0001,NULL,905,SINGLE,999,ProductOwner1@MoonStars.co.uk,ProductManager1@theapsgroup.com,0,Charge on Production
Moon and Stars,906,SAMPLE_0906,Sample Product 906,PX0000906,PX0000906,999,Moon Stars LMS Account,999,GNPR,DRAFT,Sun,M0002,NULL,906,SINGLE,999,ProductOwner3@MoonStars.co.uk,ProductManager3@theapsgroup.com,0,Charge on Production
Moon and Stars,907,SAMPLE_0907,Sample Product 907,PX0000907,PX0000907,999,Moon Stars LMS Account,999,PSTR,DRAFT,Moon,M0001,NULL,907,PACK 50,999,ProductOwner1@MoonStars.co.uk,ProductManager2@theapsgroup.com,0,Charge on Production
Moon and Stars,908,SAMPLE_0908,Sample Product 908,PX0000908,PX0000908,999,Moon Stars LMS Account,999,LFLT,DRAFT,Stars,M0001,NULL,908,PACK 25,999,ProductOwner1@MoonStars.co.uk,ProductManager3@theapsgroup.com,0.2,Charge on Production
Moon and Stars,909,SAMPLE_0909,Sample Product 909,PX0000909,PX0000909,999,Moon Stars LMS Account,999,FORM,DRAFT,Moon,M0001,NULL,909,PACK 50,999,ProductOwner2@MoonStars.co.uk,ProductManager1@theapsgroup.com,0,Charge on Production
Moon and Stars,910,SAMPLE_0910,Sample Product 910,PX0000910,PX0000910,999,Moon Stars LMS Account,999,BN,DRAFT,Stars,M0001,NULL,910,SINGLE,999,ProductOwner1@MoonStars.co.uk,ProductManager1@theapsgroup.com,0,Charge on Production
Moon and Stars,911,SAMPLE_0911,Sample Product 911,PX0000911,PX0000911,999,Moon Stars LMS Account,999,PSTR,DRAFT,Moon,M0001,NULL,911,SINGLE,999,ProductOwner2@MoonStars.co.uk,ProductManager2@theapsgroup.com,0.2,Charge on Production
Moon and Stars,912,SAMPLE_0912,Sample Product 912,PX0000912,PX0000912,999,Moon Stars LMS Account,999,CARD,DRAFT,Stars,M0002,NULL,912,SINGLE,999,ProductOwner3@MoonStars.co.uk,ProductManager1@theapsgroup.com,0,Charge on Production
Moon and Stars,913,SAMPLE_0913,Sample Product 913,PX0000913,PX0000913,999,Moon Stars LMS Account,999,LTHD,DRAFT,Moon,M0001,NULL,913,SINGLE,999,ProductOwner1@MoonStars.co.uk,ProductManager3@theapsgroup.com,0,Charge on Production
Moon and Stars,914,SAMPLE_0914,Sample Product 914,PX0000914,PX0000914,999,Moon Stars LMS Account,999,BROC,DRAFT,Stars,M0001,NULL,914,PACK 50,999,ProductOwner1@MoonStars.co.uk,ProductManager3@theapsgroup.com,0.2,Charge on Production
Moon and Stars,915,SAMPLE_0915,Sample Product 915,PX0000915,PX0000915,999,Moon Stars LMS Account,999,GNPR,DRAFT,Stars,M0001,NULL,915,PACK 10,999,ProductOwner1@MoonStars.co.uk,ProductManager2@theapsgroup.com,0,Charge on Production
Moon and Stars,916,SAMPLE_0916,Sample Product 916,PX0000916,PX0000916,999,Moon Stars LMS Account,999,GNPR,DRAFT,Sun,M0002,NULL,916,PACK 10,999,ProductOwner3@MoonStars.co.uk,ProductManager3@theapsgroup.com,0,Charge on Production
Moon and Stars,917,SAMPLE_0917,Sample Product 917,PX0000917,PX0000917,999,Moon Stars LMS Account,999,PSTR,DRAFT,Moon,M0001,NULL,917,SINGLE,999,ProductOwner1@MoonStars.co.uk,ProductManager4@theapsgroup.com,0,Charge on Production
Moon and Stars,918,SAMPLE_0918,Sample Product 918,PX0000918,PX0000918,999,Moon Stars LMS Account,999,LFLT,DRAFT,Sun,M0002,NULL,918,SINGLE,999,ProductOwner3@MoonStars.co.uk,ProductManager1@theapsgroup.com,0,Charge on Production
Moon and Stars,919,SAMPLE_0919,Sample Product 919,PX0000919,PX0000919,999,Moon Stars LMS Account,999,FOLD,DRAFT,Moon,M0001,NULL,919,SINGLE,999,ProductOwner2@MoonStars.co.uk,ProductManager2@theapsgroup.com,0.2,Charge on Production
Moon and Stars,920,SAMPLE_0920,Sample Product 920,PX0000920,PX0000920,999,Moon Stars LMS Account,999,FORM,DRAFT,Stars,M0001,NULL,920,PACK 50,999,ProductOwner1@MoonStars.co.uk,ProductManager1@theapsgroup.com,0,Charge on Production
Moon and Stars,921,SAMPLE_0921,Sample Product 921,PX0000921,PX0000921,999,Moon Stars LMS Account,999,CARD,DRAFT,Moon,M0001,NULL,921,PACK 10,999,ProductOwner2@MoonStars.co.uk,ProductManager1@theapsgroup.com,0,Charge on Production
Moon and Stars,922,SAMPLE_0922,Sample Product 922,PX0000922,PX0000922,999,Moon Stars LMS Account,999,LFLT,DRAFT,Moon,M0001,NULL,922,SINGLE,999,ProductOwner2@MoonStars.co.uk,ProductManager4@theapsgroup.com,0,Charge on Production
Moon and Stars,923,SAMPLE_0923,Sample Product 923,PX0000923,PX0000923,999,Moon Stars LMS Account,999,LFLT,DRAFT,Sun,M0003,NULL,923,SINGLE,999,ProductOwner4@MoonStars.co.uk,ProductManager4@theapsgroup.com,0,Charge on Production
Moon and Stars,924,SAMPLE_0924,Sample Product 924,PX0000924,PX0000924,999,Moon Stars LMS Account,999,LFLT,DRAFT,Moon,M0001,NULL,924,SINGLE,999,ProductOwner2@MoonStars.co.uk,ProductManager4@theapsgroup.com,0.2,Charge on Production
Moon and Stars,925,SAMPLE_0925,Sample Product 925,PX0000925,PX0000925,999,Moon Stars LMS Account,999,LFLT,DRAFT,Moon,M0001,NULL,925,SINGLE,999,ProductOwner1@MoonStars.co.uk,ProductManager1@theapsgroup.com,0,Charge on Production
Moon and Stars,926,SAMPLE_0926,Sample Product 926,PX0000926,PX0000926,999,Moon Stars LMS Account,999,POSA,DRAFT,Stars,M0002,NULL,926,SINGLE,999,ProductOwner3@MoonStars.co.uk,ProductManager3@theapsgroup.com,0,Charge on Production
Moon and Stars,927,SAMPLE_0927,Sample Product 927,PX0000927,PX0000927,999,Moon Stars LMS Account,999,LFLT,DRAFT,Sun,M0001,NULL,927,SINGLE,999,ProductOwner1@MoonStars.co.uk,ProductManager2@theapsgroup.com,0,Charge on Production
Moon and Stars,928,SAMPLE_0928,Sample Product 928,PX0000928,PX0000928,999,Moon Stars LMS Account,999,LFLT,DRAFT,Moon,M0001,NULL,928,SINGLE,999,ProductOwner1@MoonStars.co.uk,ProductManager3@theapsgroup.com,0.2,Charge on Production
Moon and Stars,929,SAMPLE_0929,Sample Product 929,PX0000929,PX0000929,999,Moon Stars LMS Account,999,LFLT,DRAFT,Sun,M0001,NULL,929,SINGLE,999,ProductOwner2@MoonStars.co.uk,ProductManager1@theapsgroup.com,0,Charge on Production
Moon and Stars,930,SAMPLE_0930,Sample Product 930,PX0000930,PX0000930,999,Moon Stars LMS Account,999,LFLT,DRAFT,Moon,M0001,NULL,930,SINGLE,999,ProductOwner1@MoonStars.co.uk,ProductManager1@theapsgroup.com,0,Charge on Production
Moon and Stars,931,SAMPLE_0931,Sample Product 931,PX0000931,PX0000931,999,Moon Stars LMS Account,999,LFLT,DRAFT,Sun,M0001,NULL,931,SINGLE,999,ProductOwner2@MoonStars.co.uk,ProductManager2@theapsgroup.com,0.2,Charge on Production
Moon and Stars,932,SAMPLE_0932,Sample Product 932,PX0000932,PX0000932,999,Moon Stars LMS Account,999,LFLT,DRAFT,Moon,M0002,NULL,932,SINGLE,999,ProductOwner3@MoonStars.co.uk,ProductManager1@theapsgroup.com,0,Charge on Production
Moon and Stars,933,SAMPLE_0933,Sample Product 933,PX0000933,PX0000933,999,Moon Stars LMS Account,999,POSA,DRAFT,Stars,M0001,NULL,933,SINGLE,999,ProductOwner1@MoonStars.co.uk,ProductManager3@theapsgroup.com,0,Charge on Production
Moon and Stars,934,SAMPLE_0934,Sample Product 934,PX0000934,PX0000934,999,Moon Stars LMS Account,999,LFLT,DRAFT,Moon,M0001,NULL,934,SINGLE,999,ProductOwner1@MoonStars.co.uk,ProductManager3@theapsgroup.com,0.2,Charge on Production
Moon and Stars,935,SAMPLE_0935,Sample Product 935,PX0000935,PX0000935,999,Moon Stars LMS Account,999,LFLT,DRAFT,Moon,M0001,NULL,935,SINGLE,999,ProductOwner1@MoonStars.co.uk,ProductManager2@theapsgroup.com,0,Charge on Production
Moon and Stars,936,SAMPLE_0936,Sample Product 936,PX0000936,PX0000936,999,Moon Stars LMS Account,999,LFLT,DRAFT,Moon,M0002,NULL,936,SINGLE,999,ProductOwner3@MoonStars.co.uk,ProductManager3@theapsgroup.com,0,Charge on Production
Moon and Stars,937,SAMPLE_0937,Sample Product 937,PX0000937,PX0000937,999,Moon Stars LMS Account,999,LFLT,DRAFT,Stars,M0001,NULL,937,SINGLE,999,ProductOwner1@MoonStars.co.uk,ProductManager4@theapsgroup.com,0,Charge on Production
Moon and Stars,938,SAMPLE_0938,Sample Product 938,PX0000938,PX0000938,999,Moon Stars LMS Account,999,LFLT,DRAFT,Moon,M0002,NULL,938,SINGLE,999,ProductOwner3@MoonStars.co.uk,ProductManager1@theapsgroup.com,0,Charge on Production
Moon and Stars,939,SAMPLE_0939,Sample Product 939,PX0000939,PX0000939,999,Moon Stars LMS Account,999,POSA,DRAFT,Moon,M0001,NULL,939,SINGLE,999,ProductOwner2@MoonStars.co.uk,ProductManager2@theapsgroup.com,0.2,Charge on Production
Moon and Stars,940,SAMPLE_0940,Sample Product 940,PX0000940,PX0000940,999,Moon Stars LMS Account,999,LFLT,DRAFT,Moon,M0001,NULL,940,SINGLE,999,ProductOwner1@MoonStars.co.uk,ProductManager1@theapsgroup.com,0,Charge on Production
Moon and Stars,941,SAMPLE_0941,Sample Product 941,PX0000941,PX0000941,999,Moon Stars LMS Account,999,LFLT,DRAFT,Sun,M0001,NULL,941,SINGLE,999,ProductOwner2@MoonStars.co.uk,ProductManager1@theapsgroup.com,0,Charge on Production
Moon and Stars,942,SAMPLE_0942,Sample Product 942,PX0000942,PX0000942,999,Moon Stars LMS Account,999,LFLT,DRAFT,Stars,M0001,NULL,942,SINGLE,999,ProductOwner2@MoonStars.co.uk,ProductManager4@theapsgroup.com,0,Charge on Production
Moon and Stars,943,SAMPLE_0943,Sample Product 943,PX0000943,PX0000943,999,Moon Stars LMS Account,999,LFLT,DRAFT,Stars,M0003,NULL,943,SINGLE,999,ProductOwner4@MoonStars.co.uk,ProductManager4@theapsgroup.com,0,Charge on Production
Moon and Stars,944,SAMPLE_0944,Sample Product 944,PX0000944,PX0000944,999,Moon Stars LMS Account,999,LFLT,DRAFT,Stars,M0001,NULL,944,SINGLE,999,ProductOwner2@MoonStars.co.uk,ProductManager4@theapsgroup.com,0.2,Charge on Production
Moon and Stars,945,SAMPLE_0945,Sample Product 945,PX0000945,PX0000945,999,Moon Stars LMS Account,999,POSA,DRAFT,Stars,M0001,NULL,945,SINGLE,999,ProductOwner1@MoonStars.co.uk,ProductManager1@theapsgroup.com,0,Charge on Production
Moon and Stars,946,SAMPLE_0946,Sample Product 946,PX0000946,PX0000946,999,Moon Stars LMS Account,999,LFLT,DRAFT,Sun,M0002,NULL,946,SINGLE,999,ProductOwner3@MoonStars.co.uk,ProductManager3@theapsgroup.com,0,Charge on Production
Moon and Stars,947,SAMPLE_0947,Sample Product 947,PX0000947,PX0000947,999,Moon Stars LMS Account,999,POSA,DRAFT,Sun,M0001,NULL,947,SINGLE,999,ProductOwner1@MoonStars.co.uk,ProductManager2@theapsgroup.com,0,Charge on Production
Moon and Stars,948,SAMPLE_0948,Sample Product 948,PX0000948,PX0000948,999,Moon Stars LMS Account,999,POSA,DRAFT,Sun,M0001,NULL,948,SINGLE,999,ProductOwner1@MoonStars.co.uk,ProductManager3@theapsgroup.com,0.2,Charge on Production
Moon and Stars,949,SAMPLE_0949,Sample Product 949,PX0000949,PX0000949,999,Moon Stars LMS Account,999,PSTR,DRAFT,Sun,M0001,NULL,949,SINGLE,999,ProductOwner2@MoonStars.co.uk,ProductManager1@theapsgroup.com,0,Charge on Production
Moon and Stars,950,SAMPLE_0950,Sample Product 950,PX0000950,PX0000950,999,Moon Stars LMS Account,999,PSTR,DRAFT,Stars,M0001,NULL,950,SINGLE,999,ProductOwner1@MoonStars.co.uk,ProductManager1@theapsgroup.com,0,Charge on Production
Moon and Stars,951,SAMPLE_0951,Sample Product 951,PX0000951,PX0000951,999,Moon Stars LMS Account,999,PSTR,DRAFT,Moon,M0001,NULL,951,SINGLE,999,ProductOwner2@MoonStars.co.uk,ProductManager2@theapsgroup.com,0.2,Charge on Production
Moon and Stars,952,SAMPLE_0952,Sample Product 952,PX0000952,PX0000952,999,Moon Stars LMS Account,999,PSTR,DRAFT,Sun,M0002,NULL,952,SINGLE,999,ProductOwner3@MoonStars.co.uk,ProductManager1@theapsgroup.com,0,Charge on Production
Moon and Stars,953,SAMPLE_0953,Sample Product 953,PX0000953,PX0000953,999,Moon Stars LMS Account,999,POSA,DRAFT,Stars,M0001,NULL,953,SINGLE,999,ProductOwner1@MoonStars.co.uk,ProductManager3@theapsgroup.com,0,Charge on Production
Moon and Stars,954,SAMPLE_0954,Sample Product 954,PX0000954,PX0000954,999,Moon Stars LMS Account,999,POSA,DRAFT,Stars,M0001,NULL,954,SINGLE,999,ProductOwner1@MoonStars.co.uk,ProductManager3@theapsgroup.com,0.2,Charge on Production
Moon and Stars,955,SAMPLE_0955,Sample Product 955,PX0000955,PX0000955,999,Moon Stars LMS Account,999,PSTR,DRAFT,Stars,M0001,NULL,955,SINGLE,999,ProductOwner1@MoonStars.co.uk,ProductManager2@theapsgroup.com,0,Charge on Production
Moon and Stars,956,SAMPLE_0956,Sample Product 956,PX0000956,PX0000956,999,Moon Stars LMS Account,999,PSTR,DRAFT,Sun,M0002,NULL,956,SINGLE,999,ProductOwner3@MoonStars.co.uk,ProductManager3@theapsgroup.com,0,Charge on Production
Moon and Stars,957,SAMPLE_0957,Sample Product 957,PX0000957,PX0000957,999,Moon Stars LMS Account,999,PSTR,DRAFT,Sun,M0001,NULL,957,SINGLE,999,ProductOwner1@MoonStars.co.uk,ProductManager4@theapsgroup.com,0,Charge on Production
Moon and Stars,958,SAMPLE_0958,Sample Product 958,PX0000958,PX0000958,999,Moon Stars LMS Account,999,PSTR,DRAFT,Sun,M0002,NULL,958,SINGLE,999,ProductOwner3@MoonStars.co.uk,ProductManager1@theapsgroup.com,0,Charge on Production
Moon and Stars,959,SAMPLE_0959,Sample Product 959,PX0000959,PX0000959,999,Moon Stars LMS Account,999,PSTR,DRAFT,Moon,M0001,NULL,959,SINGLE,999,ProductOwner2@MoonStars.co.uk,ProductManager2@theapsgroup.com,0.2,Charge on Production
Moon and Stars,960,SAMPLE_0960,Sample Product 960,PX0000960,PX0000960,999,Moon Stars LMS Account,999,PSTR,DRAFT,Moon,M0001,NULL,960,SINGLE,999,ProductOwner1@MoonStars.co.uk,ProductManager1@theapsgroup.com,0,Charge on Production
Moon and Stars,961,SAMPLE_0961,Sample Product 961,PX0000961,PX0000961,999,Moon Stars LMS Account,999,PSTR,DRAFT,Stars,M0001,NULL,961,SINGLE,999,ProductOwner2@MoonStars.co.uk,ProductManager1@theapsgroup.com,0,Charge on Production
Moon and Stars,962,SAMPLE_0962,Sample Product 962,PX0000962,PX0000962,999,Moon Stars LMS Account,999,PSTR,DRAFT,Stars,M0001,NULL,962,SINGLE,999,ProductOwner2@MoonStars.co.uk,ProductManager4@theapsgroup.com,0,Charge on Production
Moon and Stars,963,SAMPLE_0963,Sample Product 963,PX0000963,PX0000963,999,Moon Stars LMS Account,999,PSTR,DRAFT,Moon,M0003,NULL,963,SINGLE,999,ProductOwner4@MoonStars.co.uk,ProductManager4@theapsgroup.com,0,Charge on Production
Moon and Stars,964,SAMPLE_0964,Sample Product 964,PX0000964,PX0000964,999,Moon Stars LMS Account,999,PSTR,DRAFT,Moon,M0001,NULL,964,SINGLE,999,ProductOwner2@MoonStars.co.uk,ProductManager4@theapsgroup.com,0.2,Charge on Production
Moon and Stars,965,SAMPLE_0965,Sample Product 965,PX0000965,PX0000965,999,Moon Stars LMS Account,999,PSTR,DRAFT,Sun,M0001,NULL,965,SINGLE,999,ProductOwner1@MoonStars.co.uk,ProductManager1@theapsgroup.com,0,Charge on Production
Moon and Stars,966,SAMPLE_0966,Sample Product 966,PX0000966,PX0000966,999,Moon Stars LMS Account,999,PSTR,DRAFT,Sun,M0002,NULL,966,SINGLE,999,ProductOwner3@MoonStars.co.uk,ProductManager3@theapsgroup.com,0,Charge on Production
Moon and Stars,967,SAMPLE_0967,Sample Product 967,PX0000967,PX0000967,999,Moon Stars LMS Account,999,PSTR,DRAFT,Sun,M0001,NULL,967,SINGLE,999,ProductOwner1@MoonStars.co.uk,ProductManager2@theapsgroup.com,0,Charge on Production
Moon and Stars,968,SAMPLE_0968,Sample Product 968,PX0000968,PX0000968,999,Moon Stars LMS Account,999,POSA,DRAFT,Moon,M0001,NULL,968,SINGLE,999,ProductOwner1@MoonStars.co.uk,ProductManager3@theapsgroup.com,0.2,Charge on Production
Moon and Stars,969,SAMPLE_0969,Sample Product 969,PX0000969,PX0000969,999,Moon Stars LMS Account,999,POSA,DRAFT,Moon,M0001,NULL,969,SINGLE,999,ProductOwner2@MoonStars.co.uk,ProductManager1@theapsgroup.com,0,Charge on Production
Moon and Stars,970,SAMPLE_0970,Sample Product 970,PX0000970,PX0000970,999,Moon Stars LMS Account,999,PSTR,DRAFT,Stars,M0001,NULL,970,SINGLE,999,ProductOwner1@MoonStars.co.uk,ProductManager1@theapsgroup.com,0,Charge on Production
Moon and Stars,971,SAMPLE_0971,Sample Product 971,PX0000971,PX0000971,999,Moon Stars LMS Account,999,PSTR,DRAFT,Sun,M0001,NULL,971,SINGLE,999,ProductOwner2@MoonStars.co.uk,ProductManager2@theapsgroup.com,0.2,Charge on Production
Moon and Stars,972,SAMPLE_0972,Sample Product 972,PX0000972,PX0000972,999,Moon Stars LMS Account,999,PSTR,DRAFT,Sun,M0002,NULL,972,SINGLE,999,ProductOwner3@MoonStars.co.uk,ProductManager1@theapsgroup.com,0,Charge on Production
Moon and Stars,973,SAMPLE_0973,Sample Product 973,PX0000973,PX0000973,999,Moon Stars LMS Account,999,PSTR,DRAFT,Stars,M0001,NULL,973,SINGLE,999,ProductOwner1@MoonStars.co.uk,ProductManager3@theapsgroup.com,0,Charge on Production
Moon and Stars,974,SAMPLE_0974,Sample Product 974,PX0000974,PX0000974,999,Moon Stars LMS Account,999,PSTR,DRAFT,Sun,M0001,NULL,974,SINGLE,999,ProductOwner1@MoonStars.co.uk,ProductManager3@theapsgroup.com,0.2,Charge on Production
Moon and Stars,975,SAMPLE_0975,Sample Product 975,PX0000975,PX0000975,999,Moon Stars LMS Account,999,PSTR,DRAFT,Moon,M0001,NULL,975,SINGLE,999,ProductOwner1@MoonStars.co.uk,ProductManager2@theapsgroup.com,0,Charge on Production
Moon and Stars,976,SAMPLE_0976,Sample Product 976,PX0000976,PX0000976,999,Moon Stars LMS Account,999,PSTR,DRAFT,Stars,M0002,NULL,976,SINGLE,999,ProductOwner3@MoonStars.co.uk,ProductManager3@theapsgroup.com,0,Charge on Production
Moon and Stars,977,SAMPLE_0977,Sample Product 977,PX0000977,PX0000977,999,Moon Stars LMS Account,999,PSTR,DRAFT,Sun,M0001,NULL,977,SINGLE,999,ProductOwner1@MoonStars.co.uk,ProductManager4@theapsgroup.com,0,Charge on Production
Moon and Stars,978,SAMPLE_0978,Sample Product 978,PX0000978,PX0000978,999,Moon Stars LMS Account,999,PSTR,DRAFT,Stars,M0002,NULL,978,SINGLE,999,ProductOwner3@MoonStars.co.uk,ProductManager1@theapsgroup.com,0,Charge on Production
Moon and Stars,979,SAMPLE_0979,Sample Product 979,PX0000979,PX0000979,999,Moon Stars LMS Account,999,PSTR,DRAFT,Moon,M0001,NULL,979,PACK 5,999,ProductOwner2@MoonStars.co.uk,ProductManager2@theapsgroup.com,0.2,Charge on Production
Moon and Stars,980,SAMPLE_0980,Sample Product 980,PX0000980,PX0000980,999,Moon Stars LMS Account,999,PSTR,DRAFT,Sun,M0001,NULL,980,PACK 10,999,ProductOwner1@MoonStars.co.uk,ProductManager1@theapsgroup.com,0,Charge on Production
Moon and Stars,981,SAMPLE_0981,Sample Product 981,PX0000981,PX0000981,999,Moon Stars LMS Account,999,PSTR,DRAFT,Stars,M0001,NULL,981,PACK 10,999,ProductOwner2@MoonStars.co.uk,ProductManager1@theapsgroup.com,0,Charge on Production
Moon and Stars,982,SAMPLE_0982,Sample Product 982,PX0000982,PX0000982,999,Moon Stars LMS Account,999,PSTR,DRAFT,Stars,M0001,NULL,982,PACK 5,999,ProductOwner2@MoonStars.co.uk,ProductManager4@theapsgroup.com,0,Charge on Production
Moon and Stars,983,SAMPLE_0983,Sample Product 983,PX0000983,PX0000983,999,Moon Stars LMS Account,999,PSTR,DRAFT,Sun,M0003,NULL,983,PACK 10,999,ProductOwner4@MoonStars.co.uk,ProductManager4@theapsgroup.com,0,Charge on Production
Moon and Stars,984,SAMPLE_0984,Sample Product 984,PX0000984,PX0000984,999,Moon Stars LMS Account,999,PSTR,DRAFT,Stars,M0001,NULL,984,PACK 10,999,ProductOwner2@MoonStars.co.uk,ProductManager4@theapsgroup.com,0.2,Charge on Production
Moon and Stars,985,SAMPLE_0985,Sample Product 985,PX0000985,PX0000985,999,Moon Stars LMS Account,999,LFLT,DRAFT,Stars,M0001,NULL,985,SINGLE,999,ProductOwner1@MoonStars.co.uk,ProductManager1@theapsgroup.com,0,Charge on Production
Moon and Stars,986,SAMPLE_0986,Sample Product 986,PX0000986,PX0000986,999,Moon Stars LMS Account,999,LFLT,DRAFT,Sun,M0002,NULL,986,SINGLE,999,ProductOwner3@MoonStars.co.uk,ProductManager3@theapsgroup.com,0,Charge on Production
Moon and Stars,987,SAMPLE_0987,Sample Product 987,PX0000987,PX0000987,999,Moon Stars LMS Account,999,LFLT,DRAFT,Stars,M0001,NULL,987,SINGLE,999,ProductOwner1@MoonStars.co.uk,ProductManager2@theapsgroup.com,0,Charge on Production
Moon and Stars,988,SAMPLE_0988,Sample Product 988,PX0000988,PX0000988,999,Moon Stars LMS Account,999,LFLT,DRAFT,Stars,M0001,NULL,988,SINGLE,999,ProductOwner1@MoonStars.co.uk,ProductManager3@theapsgroup.com,0.2,Charge on Production
Moon and Stars,989,SAMPLE_0989,Sample Product 989,PX0000989,PX0000989,999,Moon Stars LMS Account,999,LFLT,DRAFT,Sun,M0001,NULL,989,PACK 525,999,ProductOwner2@MoonStars.co.uk,ProductManager1@theapsgroup.com,0,Charge on Production
Moon and Stars,990,SAMPLE_0990,Sample Product 990,PX0000990,PX0000990,999,Moon Stars LMS Account,999,PSTR,DRAFT,Moon,M0001,NULL,990,SINGLE,999,ProductOwner1@MoonStars.co.uk,ProductManager1@theapsgroup.com,0,Charge on Production
Moon and Stars,991,SAMPLE_0991,Sample Product 991,PX0000991,PX0000991,999,Moon Stars LMS Account,999,PSTR,DRAFT,Moon,M0001,NULL,991,SINGLE,999,ProductOwner2@MoonStars.co.uk,ProductManager2@theapsgroup.com,0.2,Charge on Production
Moon and Stars,992,SAMPLE_0992,Sample Product 992,PX0000992,PX0000992,999,Moon Stars LMS Account,999,LABL,DRAFT,Stars,M0002,NULL,992,SINGLE,999,ProductOwner3@MoonStars.co.uk,ProductManager1@theapsgroup.com,0,Charge on Production
Moon and Stars,993,SAMPLE_0993,Sample Product 993,PX0000993,PX0000993,999,Moon Stars LMS Account,999,FORM,DRAFT,Moon,M0001,NULL,993,PACK 50,999,ProductOwner1@MoonStars.co.uk,ProductManager3@theapsgroup.com,0,Charge on Production
Moon and Stars,994,SAMPLE_0994,Sample Product 994,PX0000994,PX0000994,999,Moon Stars LMS Account,999,CARD,DRAFT,Sun,M0001,NULL,994,PACK 10,999,ProductOwner1@MoonStars.co.uk,ProductManager3@theapsgroup.com,0.2,Charge on Production
Moon and Stars,995,SAMPLE_0995,Sample Product 995,PX0000995,PX0000995,999,Moon Stars LMS Account,999,CARD,DRAFT,Sun,M0001,NULL,995,PACK 10,999,ProductOwner1@MoonStars.co.uk,ProductManager2@theapsgroup.com,0,Charge on Production
Moon and Stars,996,SAMPLE_0996,Sample Product 996,PX0000996,PX0000996,999,Moon Stars LMS Account,999,FORM,DRAFT,Moon,M0002,NULL,996,PACK 50,999,ProductOwner3@MoonStars.co.uk,ProductManager3@theapsgroup.com,0,Charge on Production
Moon and Stars,997,SAMPLE_0997,Sample Product 997,PX0000997,PX0000997,999,Moon Stars LMS Account,999,LFLT,DRAFT,Sun,M0001,NULL,997,PACK 10,999,ProductOwner1@MoonStars.co.uk,ProductManager4@theapsgroup.com,0,Charge on Production
Moon and Stars,998,SAMPLE_0998,Sample Product 998,PX0000998,PX0000998,999,Moon Stars LMS Account,999,GNPR,DRAFT,Sun,M0002,NULL,998,PACK 4,999,ProductOwner3@MoonStars.co.uk,ProductManager1@theapsgroup.com,0,Charge on Production
Moon and Stars,999,SAMPLE_0999,Sample Product 999,PX0000999,PX0000999,999,Moon Stars LMS Account,999,BN,DRAFT,Moon,M0001,NULL,999,SINGLE,999,ProductOwner2@MoonStars.co.uk,ProductManager2@theapsgroup.com,0.2,Charge on Production
Moon and Stars,1000,SAMPLE_1000,Sample Product 1000,PX0001000,PX0001000,999,Moon Stars LMS Account,999,PSTR,DRAFT,Sun,M0001,NULL,1000,PACK 5,999,ProductOwner1@MoonStars.co.uk,ProductManager1@theapsgroup.com,0,Charge on Production
Moon and Stars,1001,SAMPLE_1001,Sample Product 1001,PX0001001,PX0001001,999,Moon Stars LMS Account,999,BN,DRAFT,Sun,M0001,NULL,1001,SINGLE,999,ProductOwner2@MoonStars.co.uk,ProductManager1@theapsgroup.com,0,Charge on Production
Moon and Stars,1002,SAMPLE_1002,Sample Product 1002,PX0001002,PX0001002,999,Moon Stars LMS Account,999,PSTR,DRAFT,Stars,M0001,NULL,1002,PACK 5,999,ProductOwner2@MoonStars.co.uk,ProductManager4@theapsgroup.com,0,Charge on Production
Moon and Stars,1003,SAMPLE_1003,Sample Product 1003,PX0001003,PX0001003,999,Moon Stars LMS Account,999,GNPR,DRAFT,Stars,M0003,NULL,1003,PACK 4,999,ProductOwner4@MoonStars.co.uk,ProductManager4@theapsgroup.com,0,Charge on Production
Moon and Stars,1004,SAMPLE_1004,Sample Product 1004,PX0001004,PX0001004,999,Moon Stars LMS Account,999,GNPR,DRAFT,Moon,M0001,NULL,1004,PACK 4,999,ProductOwner2@MoonStars.co.uk,ProductManager4@theapsgroup.com,0.2,Charge on Production
Moon and Stars,1005,SAMPLE_1005,Sample Product 1005,PX0001005,PX0001005,999,Moon Stars LMS Account,999,FORM,DRAFT,Moon,M0001,NULL,1005,PACK 50,999,ProductOwner1@MoonStars.co.uk,ProductManager1@theapsgroup.com,0,Charge on Production
Moon and Stars,1006,SAMPLE_1006,Sample Product 1006,PX0001006,PX0001006,999,Moon Stars LMS Account,999,CARD,DRAFT,Stars,M0002,NULL,1006,SINGLE,999,ProductOwner3@MoonStars.co.uk,ProductManager3@theapsgroup.com,0,Charge on Production
Moon and Stars,1007,SAMPLE_1007,Sample Product 1007,PX0001007,PX0001007,999,Moon Stars LMS Account,999,LFLT,DRAFT,Stars,M0001,NULL,1007,PACK 50,999,ProductOwner1@MoonStars.co.uk,ProductManager2@theapsgroup.com,0,Charge on Production
Moon and Stars,1008,SAMPLE_1008,Sample Product 1008,PX0001008,PX0001008,999,Moon Stars LMS Account,999,LFLT,DRAFT,Sun,M0001,NULL,1008,PACK 50,999,ProductOwner1@MoonStars.co.uk,ProductManager3@theapsgroup.com,0.2,Charge on Production
Moon and Stars,1009,SAMPLE_1009,Sample Product 1009,PX0001009,PX0001009,999,Moon Stars LMS Account,999,LFLT,DRAFT,Stars,M0001,NULL,1009,PACK 200,999,ProductOwner2@MoonStars.co.uk,ProductManager1@theapsgroup.com,0,Charge on Production
Moon and Stars,1010,SAMPLE_1010,Sample Product 1010,PX0001010,PX0001010,999,Moon Stars LMS Account,999,BN,DRAFT,Moon,M0001,NULL,1010,SINGLE,999,ProductOwner1@MoonStars.co.uk,ProductManager1@theapsgroup.com,0,Charge on Production
Moon and Stars,1011,SAMPLE_1011,Sample Product 1011,PX0001011,PX0001011,999,Moon Stars LMS Account,999,BN,DRAFT,Sun,M0001,NULL,1011,SINGLE,999,ProductOwner2@MoonStars.co.uk,ProductManager2@theapsgroup.com,0.2,Charge on Production
Moon and Stars,1012,SAMPLE_1012,Sample Product 1012,PX0001012,PX0001012,999,Moon Stars LMS Account,999,BN,DRAFT,Moon,M0002,NULL,1012,SINGLE,999,ProductOwner3@MoonStars.co.uk,ProductManager1@theapsgroup.com,0,Charge on Production
Moon and Stars,1013,SAMPLE_1013,Sample Product 1013,PX0001013,PX0001013,999,Moon Stars LMS Account,999,GNPR,DRAFT,Sun,M0001,NULL,1013,SINGLE,999,ProductOwner1@MoonStars.co.uk,ProductManager3@theapsgroup.com,0,Charge on Production
Moon and Stars,1014,SAMPLE_1014,Sample Product 1014,PX0001014,PX0001014,999,Moon Stars LMS Account,999,PROM,DRAFT,Stars,M0001,NULL,1014,PACK 20,999,ProductOwner1@MoonStars.co.uk,ProductManager3@theapsgroup.com,0.2,Charge on Production
Moon and Stars,1015,SAMPLE_1015,Sample Product 1015,PX0001015,PX0001015,999,Moon Stars LMS Account,999,PSTR,DRAFT,Moon,M0001,NULL,1015,SINGLE,999,ProductOwner1@MoonStars.co.uk,ProductManager2@theapsgroup.com,0,Charge on Production
Moon and Stars,1016,SAMPLE_1016,Sample Product 1016,PX0001016,PX0001016,999,Moon Stars LMS Account,999,GNPR,DRAFT,Moon,M0002,NULL,1016,SINGLE,999,ProductOwner3@MoonStars.co.uk,ProductManager3@theapsgroup.com,0,Charge on Production
Moon and Stars,1017,SAMPLE_1017,Sample Product 1017,PX0001017,PX0001017,999,Moon Stars LMS Account,999,BN,DRAFT,Moon,M0001,NULL,1017,SINGLE,999,ProductOwner1@MoonStars.co.uk,ProductManager4@theapsgroup.com,0,Charge on Production
Moon and Stars,1018,SAMPLE_1018,Sample Product 1018,PX0001018,PX0001018,999,Moon Stars LMS Account,999,PSTR,DRAFT,Stars,M0002,NULL,1018,PACK 2,999,ProductOwner3@MoonStars.co.uk,ProductManager1@theapsgroup.com,0,Charge on Production
Moon and Stars,1019,SAMPLE_1019,Sample Product 1019,PX0001019,PX0001019,999,Moon Stars LMS Account,999,CARD,DRAFT,Stars,M0001,NULL,1019,PACK 50,999,ProductOwner2@MoonStars.co.uk,ProductManager2@theapsgroup.com,0.2,Charge on Production
Moon and Stars,1020,SAMPLE_1020,Sample Product 1020,PX0001020,PX0001020,999,Moon Stars LMS Account,999,GNPR,DRAFT,Sun,M0001,NULL,1020,SINGLE,999,ProductOwner1@MoonStars.co.uk,ProductManager1@theapsgroup.com,0,Charge on Production
Moon and Stars,1021,SAMPLE_1021,Sample Product 1021,PX0001021,PX0001021,999,Moon Stars LMS Account,999,CARD,DRAFT,Moon,M0001,NULL,1021,SINGLE,999,ProductOwner2@MoonStars.co.uk,ProductManager1@theapsgroup.com,0,Charge on Production
Moon and Stars,1022,SAMPLE_1022,Sample Product 1022,PX0001022,PX0001022,999,Moon Stars LMS Account,999,BKLT,DRAFT,Sun,M0001,NULL,1022,PACK 5,999,ProductOwner2@MoonStars.co.uk,ProductManager4@theapsgroup.com,0,Charge on Production
Moon and Stars,1023,SAMPLE_1023,Sample Product 1023,PX0001023,PX0001023,999,Moon Stars LMS Account,999,PROM,DRAFT,Moon,M0003,NULL,1023,PACK 20,999,ProductOwner4@MoonStars.co.uk,ProductManager4@theapsgroup.com,0,Charge on Production
Moon and Stars,1024,SAMPLE_1024,Sample Product 1024,PX0001024,PX0001024,999,Moon Stars LMS Account,999,PROM,DRAFT,Moon,M0001,NULL,1024,PACK 20,999,ProductOwner2@MoonStars.co.uk,ProductManager4@theapsgroup.com,0.2,Charge on Production
Moon and Stars,1025,SAMPLE_1025,Sample Product 1025,PX0001025,PX0001025,999,Moon Stars LMS Account,999,LTHD,DRAFT,Stars,M0001,NULL,1025,SINGLE,999,ProductOwner1@MoonStars.co.uk,ProductManager1@theapsgroup.com,0,Charge on Production
Moon and Stars,1026,SAMPLE_1026,Sample Product 1026,PX0001026,PX0001026,999,Moon Stars LMS Account,999,PROM,DRAFT,Sun,M0002,NULL,1026,SINGLE,999,ProductOwner3@MoonStars.co.uk,ProductManager3@theapsgroup.com,0,Charge on Production
Moon and Stars,1027,SAMPLE_1027,Sample Product 1027,PX0001027,PX0001027,999,Moon Stars LMS Account,999,LFLT,DRAFT,Moon,M0001,NULL,1027,PACK 100,999,ProductOwner1@MoonStars.co.uk,ProductManager2@theapsgroup.com,0,Charge on Production
Moon and Stars,1028,SAMPLE_1028,Sample Product 1028,PX0001028,PX0001028,999,Moon Stars LMS Account,999,FORM,DRAFT,Sun,M0001,NULL,1028,PACK 50,999,ProductOwner1@MoonStars.co.uk,ProductManager3@theapsgroup.com,0.2,Charge on Production
Moon and Stars,1029,SAMPLE_1029,Sample Product 1029,PX0001029,PX0001029,999,Moon Stars LMS Account,999,LFLT,DRAFT,Stars,M0001,NULL,1029,PACK 100,999,ProductOwner2@MoonStars.co.uk,ProductManager1@theapsgroup.com,0,Charge on Production
Moon and Stars,1030,SAMPLE_1030,Sample Product 1030,PX0001030,PX0001030,999,Moon Stars LMS Account,999,BROC,DRAFT,Stars,M0001,NULL,1030,SINGLE,999,ProductOwner1@MoonStars.co.uk,ProductManager1@theapsgroup.com,0,Charge on Production
Moon and Stars,1031,SAMPLE_1031,Sample Product 1031,PX0001031,PX0001031,999,Moon Stars LMS Account,999,PSTR,DRAFT,Sun,M0001,NULL,1031,SINGLE,999,ProductOwner2@MoonStars.co.uk,ProductManager2@theapsgroup.com,0.2,Charge on Production
Moon and Stars,1032,SAMPLE_1032,Sample Product 1032,PX0001032,PX0001032,999,Moon Stars LMS Account,999,FOLD,DRAFT,Sun,M0002,NULL,1032,SINGLE,999,ProductOwner3@MoonStars.co.uk,ProductManager1@theapsgroup.com,0,Charge on Production
Moon and Stars,1033,SAMPLE_1033,Sample Product 1033,PX0001033,PX0001033,999,Moon Stars LMS Account,999,PROM,DRAFT,Sun,M0001,NULL,1033,SINGLE,999,ProductOwner1@MoonStars.co.uk,ProductManager3@theapsgroup.com,0,Charge on Production
Moon and Stars,1034,SAMPLE_1034,Sample Product 1034,PX0001034,PX0001034,999,Moon Stars LMS Account,999,GNPR,DRAFT,Moon,M0001,NULL,1034,SINGLE,999,ProductOwner1@MoonStars.co.uk,ProductManager3@theapsgroup.com,0.2,Charge on Production
Moon and Stars,1035,SAMPLE_1035,Sample Product 1035,PX0001035,PX0001035,999,Moon Stars LMS Account,999,BN,DRAFT,Stars,M0001,NULL,1035,SINGLE,999,ProductOwner1@MoonStars.co.uk,ProductManager2@theapsgroup.com,0,Charge on Production
Moon and Stars,1036,SAMPLE_1036,Sample Product 1036,PX0001036,PX0001036,999,Moon Stars LMS Account,999,PSTR,DRAFT,Stars,M0002,NULL,1036,PACK 2,999,ProductOwner3@MoonStars.co.uk,ProductManager3@theapsgroup.com,0,Charge on Production
Moon and Stars,1037,SAMPLE_1037,Sample Product 1037,PX0001037,PX0001037,999,Moon Stars LMS Account,999,CARD,DRAFT,Sun,M0001,NULL,1037,PACK 50,999,ProductOwner1@MoonStars.co.uk,ProductManager4@theapsgroup.com,0,Charge on Production
Moon and Stars,1038,SAMPLE_1038,Sample Product 1038,PX0001038,PX0001038,999,Moon Stars LMS Account,999,CARD,DRAFT,Sun,M0002,NULL,1038,SINGLE,999,ProductOwner3@MoonStars.co.uk,ProductManager1@theapsgroup.com,0,Charge on Production
Moon and Stars,1039,SAMPLE_1039,Sample Product 1039,PX0001039,PX0001039,999,Moon Stars LMS Account,999,LFLT,DRAFT,Moon,M0001,NULL,1039,PACK 25,999,ProductOwner2@MoonStars.co.uk,ProductManager2@theapsgroup.com,0.2,Charge on Production
Moon and Stars,1040,SAMPLE_1040,Sample Product 1040,PX0001040,PX0001040,999,Moon Stars LMS Account,999,PSTR,DRAFT,Moon,M0001,NULL,1040,SINGLE,999,ProductOwner1@MoonStars.co.uk,ProductManager1@theapsgroup.com,0,Charge on Production
Moon and Stars,1041,SAMPLE_1041,Sample Product 1041,PX0001041,PX0001041,999,Moon Stars LMS Account,999,PSTR,DRAFT,Moon,M0001,NULL,1041,SINGLE,999,ProductOwner2@MoonStars.co.uk,ProductManager1@theapsgroup.com,0,Charge on Production
Moon and Stars,1042,SAMPLE_1042,Sample Product 1042,PX0001042,PX0001042,999,Moon Stars LMS Account,999,PSTR,DRAFT,Stars,M0001,NULL,1042,SINGLE,999,ProductOwner2@MoonStars.co.uk,ProductManager4@theapsgroup.com,0,Charge on Production
Moon and Stars,1043,SAMPLE_1043,Sample Product 1043,PX0001043,PX0001043,999,Moon Stars LMS Account,999,PSTR,DRAFT,Moon,M0003,NULL,1043,SINGLE,999,ProductOwner4@MoonStars.co.uk,ProductManager4@theapsgroup.com,0,Charge on Production
Moon and Stars,1044,SAMPLE_1044,Sample Product 1044,PX0001044,PX0001044,999,Moon Stars LMS Account,999,PSTR,DRAFT,Moon,M0001,NULL,1044,SINGLE,999,ProductOwner2@MoonStars.co.uk,ProductManager4@theapsgroup.com,0.2,Charge on Production
Moon and Stars,1045,SAMPLE_1045,Sample Product 1045,PX0001045,PX0001045,999,Moon Stars LMS Account,999,PSTR,DRAFT,Moon,M0001,NULL,1045,SINGLE,999,ProductOwner1@MoonStars.co.uk,ProductManager1@theapsgroup.com,0,Charge on Production
Moon and Stars,1046,SAMPLE_1046,Sample Product 1046,PX0001046,PX0001046,999,Moon Stars LMS Account,999,PSTR,DRAFT,Sun,M0002,NULL,1046,SINGLE,999,ProductOwner3@MoonStars.co.uk,ProductManager3@theapsgroup.com,0,Charge on Production
Moon and Stars,1047,SAMPLE_1047,Sample Product 1047,PX0001047,PX0001047,999,Moon Stars LMS Account,999,PSTR,DRAFT,Moon,M0001,NULL,1047,PACK 20,999,ProductOwner1@MoonStars.co.uk,ProductManager2@theapsgroup.com,0,Charge on Production
Moon and Stars,1048,SAMPLE_1048,Sample Product 1048,PX0001048,PX0001048,999,Moon Stars LMS Account,999,CARD,DRAFT,Moon,M0001,NULL,1048,PACK 25,999,ProductOwner1@MoonStars.co.uk,ProductManager3@theapsgroup.com,0.2,Charge on Production
Moon and Stars,1049,SAMPLE_1049,Sample Product 1049,PX0001049,PX0001049,999,Moon Stars LMS Account,999,BN,DRAFT,Moon,M0001,NULL,1049,SINGLE,999,ProductOwner2@MoonStars.co.uk,ProductManager1@theapsgroup.com,0,Charge on Production
Moon and Stars,1050,SAMPLE_1050,Sample Product 1050,PX0001050,PX0001050,999,Moon Stars LMS Account,999,LTHD,DRAFT,Sun,M0001,NULL,1050,SINGLE,999,ProductOwner1@MoonStars.co.uk,ProductManager1@theapsgroup.com,0,Charge on Production
Moon and Stars,1051,SAMPLE_1051,Sample Product 1051,PX0001051,PX0001051,999,Moon Stars LMS Account,999,GNPR,ARCHIVED,Moon,M0001,NULL,1051,SINGLE,999,ProductOwner2@MoonStars.co.uk,ProductManager2@theapsgroup.com,0.2,Charge on Production
Moon and Stars,1052,SAMPLE_1052,Sample Product 1052,PX0001052,PX0001052,999,Moon Stars LMS Account,999,BKLT,ARCHIVED,Stars,M0002,NULL,1052,SINGLE,999,ProductOwner3@MoonStars.co.uk,ProductManager1@theapsgroup.com,0,Charge on Production
Moon and Stars,1053,SAMPLE_1053,Sample Product 1053,PX0001053,PX0001053,999,Moon Stars LMS Account,999,PROM,DRAFT,Stars,M0001,NULL,1053,PACK 6,999,ProductOwner1@MoonStars.co.uk,ProductManager3@theapsgroup.com,0,Charge on Production
Moon and Stars,1054,SAMPLE_1054,Sample Product 1054,PX0001054,PX0001054,999,Moon Stars LMS Account,999,GNPR,DRAFT,Stars,M0001,NULL,1054,PACK 25,999,ProductOwner1@MoonStars.co.uk,ProductManager3@theapsgroup.com,0.2,Charge on Production
Moon and Stars,1055,SAMPLE_1055,Sample Product 1055,PX0001055,PX0001055,999,Moon Stars LMS Account,999,GNPR,DRAFT,Moon,M0001,NULL,1055,PACK 20,999,ProductOwner1@MoonStars.co.uk,ProductManager2@theapsgroup.com,0,Charge on Production
Moon and Stars,1056,SAMPLE_1056,Sample Product 1056,PX0001056,PX0001056,999,Moon Stars LMS Account,999,GNPR,DRAFT,Sun,M0002,NULL,1056,PACK 500,999,ProductOwner3@MoonStars.co.uk,ProductManager3@theapsgroup.com,0,Charge on Production
Moon and Stars,1057,SAMPLE_1057,Sample Product 1057,PX0001057,PX0001057,999,Moon Stars LMS Account,999,GNPR,DRAFT,Stars,M0001,NULL,1057,PACK 500,999,ProductOwner1@MoonStars.co.uk,ProductManager4@theapsgroup.com,0,Charge on Production
Moon and Stars,1058,SAMPLE_1058,Sample Product 1058,PX0001058,PX0001058,999,Moon Stars LMS Account,999,GNPR,DRAFT,Sun,M0002,NULL,1058,PACK 100,999,ProductOwner3@MoonStars.co.uk,ProductManager1@theapsgroup.com,0,Charge on Production
Moon and Stars,1059,SAMPLE_1059,Sample Product 1059,PX0001059,PX0001059,999,Moon Stars LMS Account,999,MISC,DRAFT,Moon,M0001,NULL,1059,PACK 100,999,ProductOwner2@MoonStars.co.uk,ProductManager2@theapsgroup.com,0.2,Charge on Production
Moon and Stars,1060,SAMPLE_1060,Sample Product 1060,PX0001060,PX0001060,999,Moon Stars LMS Account,999,MISC,DRAFT,Moon,M0001,NULL,1060,PACK 100,999,ProductOwner1@MoonStars.co.uk,ProductManager1@theapsgroup.com,0,Charge on Production
Moon and Stars,1061,SAMPLE_1061,Sample Product 1061,PX0001061,PX0001061,999,Moon Stars LMS Account,999,POSA,DRAFT,Moon,M0001,NULL,1061,SINGLE,999,ProductOwner2@MoonStars.co.uk,ProductManager1@theapsgroup.com,0,Charge on Production
Moon and Stars,1062,SAMPLE_1062,Sample Product 1062,PX0001062,PX0001062,999,Moon Stars LMS Account,999,POSA,DRAFT,Stars,M0001,NULL,1062,SINGLE,999,ProductOwner2@MoonStars.co.uk,ProductManager4@theapsgroup.com,0,Charge on Production
Moon and Stars,1063,SAMPLE_1063,Sample Product 1063,PX0001063,PX0001063,999,Moon Stars LMS Account,999,PROM,DRAFT,Sun,M0003,NULL,1063,SINGLE,999,ProductOwner4@MoonStars.co.uk,ProductManager4@theapsgroup.com,0,Charge on Production
Moon and Stars,1064,SAMPLE_1064,Sample Product 1064,PX0001064,PX0001064,999,Moon Stars LMS Account,999,BROC,DRAFT,Stars,M0001,NULL,1064,PACK 10,999,ProductOwner2@MoonStars.co.uk,ProductManager4@theapsgroup.com,0.2,Charge on Production
Moon and Stars,1065,SAMPLE_1065,Sample Product 1065,PX0001065,PX0001065,999,Moon Stars LMS Account,999,BROC,DRAFT,Moon,M0001,NULL,1065,PACK 10,999,ProductOwner1@MoonStars.co.uk,ProductManager1@theapsgroup.com,0,Charge on Production
Moon and Stars,1066,SAMPLE_1066,Sample Product 1066,PX0001066,PX0001066,999,Moon Stars LMS Account,999,POSA,DRAFT,Moon,M0002,NULL,1066,SINGLE,999,ProductOwner3@MoonStars.co.uk,ProductManager3@theapsgroup.com,0,Charge on Production
Moon and Stars,1067,SAMPLE_1067,Sample Product 1067,PX0001067,PX0001067,999,Moon Stars LMS Account,999,POSA,DRAFT,Sun,M0001,NULL,1067,SINGLE,999,ProductOwner1@MoonStars.co.uk,ProductManager2@theapsgroup.com,0,Charge on Production
Moon and Stars,1068,SAMPLE_1068,Sample Product 1068,PX0001068,PX0001068,999,Moon Stars LMS Account,999,POSA,DRAFT,Sun,M0001,NULL,1068,SINGLE,999,ProductOwner1@MoonStars.co.uk,ProductManager3@theapsgroup.com,0.2,Charge on Production
Moon and Stars,1069,SAMPLE_1069,Sample Product 1069,PX0001069,PX0001069,999,Moon Stars LMS Account,999,POSA,DRAFT,Moon,M0001,NULL,1069,SINGLE,999,ProductOwner2@MoonStars.co.uk,ProductManager1@theapsgroup.com,0,Charge on Production
Moon and Stars,1070,SAMPLE_1070,Sample Product 1070,PX0001070,PX0001070,999,Moon Stars LMS Account,999,LFLT,DRAFT,Sun,M0001,NULL,1070,PACK 300,999,ProductOwner1@MoonStars.co.uk,ProductManager1@theapsgroup.com,0,Charge on Production
Moon and Stars,1071,SAMPLE_1071,Sample Product 1071,PX0001071,PX0001071,999,Moon Stars LMS Account,999,BN,DRAFT,Sun,M0001,NULL,1071,SINGLE,999,ProductOwner2@MoonStars.co.uk,ProductManager2@theapsgroup.com,0.2,Charge on Production
Moon and Stars,1072,SAMPLE_1072,Sample Product 1072,PX0001072,PX0001072,999,Moon Stars LMS Account,999,PSTR,DRAFT,Moon,M0002,NULL,1072,PACK 10,999,ProductOwner3@MoonStars.co.uk,ProductManager1@theapsgroup.com,0,Charge on Production
Moon and Stars,1073,SAMPLE_1073,Sample Product 1073,PX0001073,PX0001073,999,Moon Stars LMS Account,999,BN,DRAFT,Moon,M0001,NULL,1073,SINGLE,999,ProductOwner1@MoonStars.co.uk,ProductManager3@theapsgroup.com,0,Charge on Production
Moon and Stars,1074,SAMPLE_1074,Sample Product 1074,PX0001074,PX0001074,999,Moon Stars LMS Account,999,BN,DRAFT,Sun,M0001,NULL,1074,SINGLE,999,ProductOwner1@MoonStars.co.uk,ProductManager3@theapsgroup.com,0.2,Charge on Production
Moon and Stars,1075,SAMPLE_1075,Sample Product 1075,PX0001075,PX0001075,999,Moon Stars LMS Account,999,GNPR,DRAFT,Sun,M0001,NULL,1075,PACK 50,999,ProductOwner1@MoonStars.co.uk,ProductManager2@theapsgroup.com,0,Charge on Production
Moon and Stars,1076,SAMPLE_1076,Sample Product 1076,PX0001076,PX0001076,999,Moon Stars LMS Account,999,GNPR,DRAFT,Moon,M0002,NULL,1076,PACK 50,999,ProductOwner3@MoonStars.co.uk,ProductManager3@theapsgroup.com,0,Charge on Production
Moon and Stars,1077,SAMPLE_1077,Sample Product 1077,PX0001077,PX0001077,999,Moon Stars LMS Account,999,GNPR,DRAFT,Sun,M0001,NULL,1077,PACK 100,999,ProductOwner1@MoonStars.co.uk,ProductManager4@theapsgroup.com,0,Charge on Production
Moon and Stars,1078,SAMPLE_1078,Sample Product 1078,PX0001078,PX0001078,999,Moon Stars LMS Account,999,POSA,DRAFT,Moon,M0002,NULL,1078,SINGLE,999,ProductOwner3@MoonStars.co.uk,ProductManager1@theapsgroup.com,0,Charge on Production
Moon and Stars,1079,SAMPLE_1079,Sample Product 1079,PX0001079,PX0001079,999,Moon Stars LMS Account,999,POSA,DRAFT,Moon,M0001,NULL,1079,PACK 3,999,ProductOwner2@MoonStars.co.uk,ProductManager2@theapsgroup.com,0.2,Charge on Production
Moon and Stars,1080,SAMPLE_1080,Sample Product 1080,PX0001080,PX0001080,999,Moon Stars LMS Account,999,PROM,DRAFT,Moon,M0001,NULL,1080,PACK 50,999,ProductOwner1@MoonStars.co.uk,ProductManager1@theapsgroup.com,0,Charge on Production
Moon and Stars,1081,SAMPLE_1081,Sample Product 1081,PX0001081,PX0001081,999,Moon Stars LMS Account,999,GNPR,DRAFT,Sun,M0001,NULL,1081,SINGLE,999,ProductOwner2@MoonStars.co.uk,ProductManager1@theapsgroup.com,0,Charge on Production
Moon and Stars,1082,SAMPLE_1082,Sample Product 1082,PX0001082,PX0001082,999,Moon Stars LMS Account,999,GNPR,DRAFT,Stars,M0001,NULL,1082,SINGLE,999,ProductOwner2@MoonStars.co.uk,ProductManager4@theapsgroup.com,0,Charge on Production
Moon and Stars,1083,SAMPLE_1083,Sample Product 1083,PX0001083,PX0001083,999,Moon Stars LMS Account,999,GNPR,DRAFT,Sun,M0003,NULL,1083,SINGLE,999,ProductOwner4@MoonStars.co.uk,ProductManager4@theapsgroup.com,0,Charge on Production
Moon and Stars,1084,SAMPLE_1084,Sample Product 1084,PX0001084,PX0001084,999,Moon Stars LMS Account,999,GNPR,DRAFT,Moon,M0001,NULL,1084,SINGLE,999,ProductOwner2@MoonStars.co.uk,ProductManager4@theapsgroup.com,0.2,Charge on Production
Moon and Stars,1085,SAMPLE_1085,Sample Product 1085,PX0001085,PX0001085,999,Moon Stars LMS Account,999,GNPR,DRAFT,Moon,M0001,NULL,1085,SINGLE,999,ProductOwner1@MoonStars.co.uk,ProductManager1@theapsgroup.com,0,Charge on Production
Moon and Stars,1086,SAMPLE_1086,Sample Product 1086,PX0001086,PX0001086,999,Moon Stars LMS Account,999,GNPR,DRAFT,Moon,M0002,NULL,1086,SINGLE,999,ProductOwner3@MoonStars.co.uk,ProductManager3@theapsgroup.com,0,Charge on Production
Moon and Stars,1087,SAMPLE_1087,Sample Product 1087,PX0001087,PX0001087,999,Moon Stars LMS Account,999,POSA,DRAFT,Sun,M0001,NULL,1087,SINGLE,999,ProductOwner1@MoonStars.co.uk,ProductManager2@theapsgroup.com,0,Charge on Production
Moon and Stars,1088,SAMPLE_1088,Sample Product 1088,PX0001088,PX0001088,999,Moon Stars LMS Account,999,GNPR,DRAFT,Moon,M0001,NULL,1088,PACK 5,999,ProductOwner1@MoonStars.co.uk,ProductManager3@theapsgroup.com,0.2,Charge on Production
Moon and Stars,1089,SAMPLE_1089,Sample Product 1089,PX0001089,PX0001089,999,Moon Stars LMS Account,999,GNPR,DRAFT,Stars,M0001,NULL,1089,SINGLE,999,ProductOwner2@MoonStars.co.uk,ProductManager1@theapsgroup.com,0,Charge on Production
Moon and Stars,1090,SAMPLE_1090,Sample Product 1090,PX0001090,PX0001090,999,Moon Stars LMS Account,999,PSTR,DRAFT,Stars,M0001,NULL,1090,PACK 5,999,ProductOwner1@MoonStars.co.uk,ProductManager1@theapsgroup.com,0,Charge on Production
Moon and Stars,1091,SAMPLE_1091,Sample Product 1091,PX0001091,PX0001091,999,Moon Stars LMS Account,999,GNPR,DRAFT,Moon,M0001,NULL,1091,PACK 30,999,ProductOwner2@MoonStars.co.uk,ProductManager2@theapsgroup.com,0.2,Charge on Production
Moon and Stars,1092,SAMPLE_1092,Sample Product 1092,PX0001092,PX0001092,999,Moon Stars LMS Account,999,GNPR,DRAFT,Moon,M0002,NULL,1092,PACK 30,999,ProductOwner3@MoonStars.co.uk,ProductManager1@theapsgroup.com,0,Charge on Production
Moon and Stars,1093,SAMPLE_1093,Sample Product 1093,PX0001093,PX0001093,999,Moon Stars LMS Account,999,GNPR,DRAFT,Stars,M0001,NULL,1093,SINGLE,999,ProductOwner1@MoonStars.co.uk,ProductManager3@theapsgroup.com,0,Charge on Production
Moon and Stars,1094,SAMPLE_1094,Sample Product 1094,PX0001094,PX0001094,999,Moon Stars LMS Account,999,GNPR,DRAFT,Moon,M0001,NULL,1094,PACK 3,999,ProductOwner1@MoonStars.co.uk,ProductManager3@theapsgroup.com,0.2,Charge on Production
Moon and Stars,1095,SAMPLE_1095,Sample Product 1095,PX0001095,PX0001095,999,Moon Stars LMS Account,999,GNPR,DRAFT,Sun,M0001,NULL,1095,PACK 3,999,ProductOwner1@MoonStars.co.uk,ProductManager2@theapsgroup.com,0,Charge on Production
Moon and Stars,1096,SAMPLE_1096,Sample Product 1096,PX0001096,PX0001096,999,Moon Stars LMS Account,999,GNPR,DRAFT,Stars,M0002,NULL,1096,PACK 3,999,ProductOwner3@MoonStars.co.uk,ProductManager3@theapsgroup.com,0,Charge on Production
Moon and Stars,1097,SAMPLE_1097,Sample Product 1097,PX0001097,PX0001097,999,Moon Stars LMS Account,999,GNPR,DRAFT,Stars,M0001,NULL,1097,PACK 3,999,ProductOwner1@MoonStars.co.uk,ProductManager4@theapsgroup.com,0,Charge on Production
Moon and Stars,1098,SAMPLE_1098,Sample Product 1098,PX0001098,PX0001098,999,Moon Stars LMS Account,999,GNPR,DRAFT,Moon,M0002,NULL,1098,PACK 31,999,ProductOwner3@MoonStars.co.uk,ProductManager1@theapsgroup.com,0,Charge on Production
Moon and Stars,1099,SAMPLE_1099,Sample Product 1099,PX0001099,PX0001099,999,Moon Stars LMS Account,999,GNPR,DRAFT,Sun,M0001,NULL,1099,PACK 30,999,ProductOwner2@MoonStars.co.uk,ProductManager2@theapsgroup.com,0.2,Charge on Production
Moon and Stars,1100,SAMPLE_1100,Sample Product 1100,PX0001100,PX0001100,999,Moon Stars LMS Account,999,GNPR,DRAFT,Stars,M0001,NULL,1100,PACK 28,999,ProductOwner1@MoonStars.co.uk,ProductManager1@theapsgroup.com,0,Charge on Production
Moon and Stars,1101,SAMPLE_1101,Sample Product 1101,PX0001101,PX0001101,999,Moon Stars LMS Account,999,GNPR,DRAFT,Sun,M0001,NULL,1101,PACK 26,999,ProductOwner2@MoonStars.co.uk,ProductManager1@theapsgroup.com,0,Charge on Production
Moon and Stars,1102,SAMPLE_1102,Sample Product 1102,PX0001102,PX0001102,999,Moon Stars LMS Account,999,GNPR,DRAFT,Sun,M0001,NULL,1102,PACK 27,999,ProductOwner2@MoonStars.co.uk,ProductManager4@theapsgroup.com,0,Charge on Production
Moon and Stars,1103,SAMPLE_1103,Sample Product 1103,PX0001103,PX0001103,999,Moon Stars LMS Account,999,GNPR,DRAFT,Stars,M0003,NULL,1103,SINGLE,999,ProductOwner4@MoonStars.co.uk,ProductManager4@theapsgroup.com,0,Charge on Production
Moon and Stars,1104,SAMPLE_1104,Sample Product 1104,PX0001104,PX0001104,999,Moon Stars LMS Account,999,LTHD,DRAFT,Stars,M0001,NULL,1104,PACK 250,999,ProductOwner2@MoonStars.co.uk,ProductManager4@theapsgroup.com,0.2,Charge on Production
Moon and Stars,1105,SAMPLE_1105,Sample Product 1105,PX0001105,PX0001105,999,Moon Stars LMS Account,999,LTHD,DRAFT,Stars,M0001,NULL,1105,PACK 250,999,ProductOwner1@MoonStars.co.uk,ProductManager1@theapsgroup.com,0,Charge on Production
Moon and Stars,1106,SAMPLE_1106,Sample Product 1106,PX0001106,PX0001106,999,Moon Stars LMS Account,999,GNPR,DRAFT,Sun,M0002,NULL,1106,SINGLE,999,ProductOwner3@MoonStars.co.uk,ProductManager3@theapsgroup.com,0,Charge on Production
Moon and Stars,1107,SAMPLE_1107,Sample Product 1107,PX0001107,PX0001107,999,Moon Stars LMS Account,999,GNPR,DRAFT,Stars,M0001,NULL,1107,SINGLE,999,ProductOwner1@MoonStars.co.uk,ProductManager2@theapsgroup.com,0,Charge on Production
Moon and Stars,1108,SAMPLE_1108,Sample Product 1108,PX0001108,PX0001108,999,Moon Stars LMS Account,999,GNPR,DRAFT,Moon,M0001,NULL,1108,SINGLE,999,ProductOwner1@MoonStars.co.uk,ProductManager3@theapsgroup.com,0.2,Charge on Production
Moon and Stars,1109,SAMPLE_1109,Sample Product 1109,PX0001109,PX0001109,999,Moon Stars LMS Account,999,GNPR,DRAFT,Moon,M0001,NULL,1109,SINGLE,999,ProductOwner2@MoonStars.co.uk,ProductManager1@theapsgroup.com,0,Charge on Production
Moon and Stars,1110,SAMPLE_1110,Sample Product 1110,PX0001110,PX0001110,999,Moon Stars LMS Account,999,GNPR,DRAFT,Sun,M0001,NULL,1110,SINGLE,999,ProductOwner1@MoonStars.co.uk,ProductManager1@theapsgroup.com,0,Charge on Production
Moon and Stars,1111,SAMPLE_1111,Sample Product 1111,PX0001111,PX0001111,999,Moon Stars LMS Account,999,GNPR,DRAFT,Moon,M0001,NULL,1111,SINGLE,999,ProductOwner2@MoonStars.co.uk,ProductManager2@theapsgroup.com,0.2,Charge on Production
Moon and Stars,1112,SAMPLE_1112,Sample Product 1112,PX0001112,PX0001112,999,Moon Stars LMS Account,999,GNPR,DRAFT,Sun,M0002,NULL,1112,SINGLE,999,ProductOwner3@MoonStars.co.uk,ProductManager1@theapsgroup.com,0,Charge on Production
Moon and Stars,1113,SAMPLE_1113,Sample Product 1113,PX0001113,PX0001113,999,Moon Stars LMS Account,999,GNPR,DRAFT,Sun,M0001,NULL,1113,SINGLE,999,ProductOwner1@MoonStars.co.uk,ProductManager3@theapsgroup.com,0,Charge on Production
Moon and Stars,1114,SAMPLE_1114,Sample Product 1114,PX0001114,PX0001114,999,Moon Stars LMS Account,999,GNPR,DRAFT,Stars,M0001,NULL,1114,SINGLE,999,ProductOwner1@MoonStars.co.uk,ProductManager3@theapsgroup.com,0.2,Charge on Production
Moon and Stars,1115,SAMPLE_1115,Sample Product 1115,PX0001115,PX0001115,999,Moon Stars LMS Account,999,GNPR,DRAFT,Sun,M0001,NULL,1115,SINGLE,999,ProductOwner1@MoonStars.co.uk,ProductManager2@theapsgroup.com,0,Charge on Production
Moon and Stars,1116,SAMPLE_1116,Sample Product 1116,PX0001116,PX0001116,999,Moon Stars LMS Account,999,GNPR,DRAFT,Stars,M0002,NULL,1116,SINGLE,999,ProductOwner3@MoonStars.co.uk,ProductManager3@theapsgroup.com,0,Charge on Production
Moon and Stars,1117,SAMPLE_1117,Sample Product 1117,PX0001117,PX0001117,999,Moon Stars LMS Account,999,GNPR,DRAFT,Stars,M0001,NULL,1117,SINGLE,999,ProductOwner1@MoonStars.co.uk,ProductManager4@theapsgroup.com,0,Charge on Production
Moon and Stars,1118,SAMPLE_1118,Sample Product 1118,PX0001118,PX0001118,999,Moon Stars LMS Account,999,GNPR,DRAFT,Stars,M0002,NULL,1118,SINGLE,999,ProductOwner3@MoonStars.co.uk,ProductManager1@theapsgroup.com,0,Charge on Production
Moon and Stars,1119,SAMPLE_1119,Sample Product 1119,PX0001119,PX0001119,999,Moon Stars LMS Account,999,GNPR,DRAFT,Moon,M0001,NULL,1119,SINGLE,999,ProductOwner2@MoonStars.co.uk,ProductManager2@theapsgroup.com,0.2,Charge on Production
Moon and Stars,1120,SAMPLE_1120,Sample Product 1120,PX0001120,PX0001120,999,Moon Stars LMS Account,999,GNPR,DRAFT,Sun,M0001,NULL,1120,SINGLE,999,ProductOwner1@MoonStars.co.uk,ProductManager1@theapsgroup.com,0,Charge on Production
Moon and Stars,1121,SAMPLE_1121,Sample Product 1121,PX0001121,PX0001121,999,Moon Stars LMS Account,999,GNPR,DRAFT,Stars,M0001,NULL,1121,SINGLE,999,ProductOwner2@MoonStars.co.uk,ProductManager1@theapsgroup.com,0,Charge on Production
Moon and Stars,1122,SAMPLE_1122,Sample Product 1122,PX0001122,PX0001122,999,Moon Stars LMS Account,999,GNPR,DRAFT,Stars,M0001,NULL,1122,SINGLE,999,ProductOwner2@MoonStars.co.uk,ProductManager4@theapsgroup.com,0,Charge on Production
Moon and Stars,1123,SAMPLE_1123,Sample Product 1123,PX0001123,PX0001123,999,Moon Stars LMS Account,999,GNPR,DRAFT,Moon,M0003,NULL,1123,SINGLE,999,ProductOwner4@MoonStars.co.uk,ProductManager4@theapsgroup.com,0,Charge on Production
Moon and Stars,1124,SAMPLE_1124,Sample Product 1124,PX0001124,PX0001124,999,Moon Stars LMS Account,999,GNPR,DRAFT,Sun,M0001,NULL,1124,SINGLE,999,ProductOwner2@MoonStars.co.uk,ProductManager4@theapsgroup.com,0.2,Charge on Production
Moon and Stars,1125,SAMPLE_1125,Sample Product 1125,PX0001125,PX0001125,999,Moon Stars LMS Account,999,GNPR,DRAFT,Moon,M0001,NULL,1125,SINGLE,999,ProductOwner1@MoonStars.co.uk,ProductManager1@theapsgroup.com,0,Charge on Production
Moon and Stars,1126,SAMPLE_1126,Sample Product 1126,PX0001126,PX0001126,999,Moon Stars LMS Account,999,GNPR,DRAFT,Stars,M0002,NULL,1126,SINGLE,999,ProductOwner3@MoonStars.co.uk,ProductManager3@theapsgroup.com,0,Charge on Production
Moon and Stars,1127,SAMPLE_1127,Sample Product 1127,PX0001127,PX0001127,999,Moon Stars LMS Account,999,GNPR,DRAFT,Moon,M0001,NULL,1127,SINGLE,999,ProductOwner1@MoonStars.co.uk,ProductManager2@theapsgroup.com,0,Charge on Production
Moon and Stars,1128,SAMPLE_1128,Sample Product 1128,PX0001128,PX0001128,999,Moon Stars LMS Account,999,GNPR,DRAFT,Stars,M0001,NULL,1128,SINGLE,999,ProductOwner1@MoonStars.co.uk,ProductManager3@theapsgroup.com,0.2,Charge on Production
Moon and Stars,1129,SAMPLE_1129,Sample Product 1129,PX0001129,PX0001129,999,Moon Stars LMS Account,999,GNPR,DRAFT,Stars,M0001,NULL,1129,SINGLE,999,ProductOwner2@MoonStars.co.uk,ProductManager1@theapsgroup.com,0,Charge on Production
Moon and Stars,1130,SAMPLE_1130,Sample Product 1130,PX0001130,PX0001130,999,Moon Stars LMS Account,999,GNPR,DRAFT,Moon,M0001,NULL,1130,SINGLE,999,ProductOwner1@MoonStars.co.uk,ProductManager1@theapsgroup.com,0,Charge on Production
Moon and Stars,1131,SAMPLE_1131,Sample Product 1131,PX0001131,PX0001131,999,Moon Stars LMS Account,999,POSA,DRAFT,Stars,M0001,NULL,1131,SINGLE,999,ProductOwner2@MoonStars.co.uk,ProductManager2@theapsgroup.com,0.2,Charge on Production
Moon and Stars,1132,SAMPLE_1132,Sample Product 1132,PX0001132,PX0001132,999,Moon Stars LMS Account,999,POSA,DRAFT,Stars,M0002,NULL,1132,SINGLE,999,ProductOwner3@MoonStars.co.uk,ProductManager1@theapsgroup.com,0,Charge on Production
Moon and Stars,1133,SAMPLE_1133,Sample Product 1133,PX0001133,PX0001133,999,Moon Stars LMS Account,999,POSA,DRAFT,Sun,M0001,NULL,1133,SINGLE,999,ProductOwner1@MoonStars.co.uk,ProductManager3@theapsgroup.com,0,Charge on Production
Moon and Stars,1134,SAMPLE_1134,Sample Product 1134,PX0001134,PX0001134,999,Moon Stars LMS Account,999,POSA,DRAFT,Stars,M0001,NULL,1134,SINGLE,999,ProductOwner1@MoonStars.co.uk,ProductManager3@theapsgroup.com,0.2,Charge on Production
Moon and Stars,1135,SAMPLE_1135,Sample Product 1135,PX0001135,PX0001135,999,Moon Stars LMS Account,999,POSA,DRAFT,Stars,M0001,NULL,1135,SINGLE,999,ProductOwner1@MoonStars.co.uk,ProductManager2@theapsgroup.com,0,Charge on Production
Moon and Stars,1136,SAMPLE_1136,Sample Product 1136,PX0001136,PX0001136,999,Moon Stars LMS Account,999,POSA,DRAFT,Sun,M0002,NULL,1136,SINGLE,999,ProductOwner3@MoonStars.co.uk,ProductManager3@theapsgroup.com,0,Charge on Production
Moon and Stars,1137,SAMPLE_1137,Sample Product 1137,PX0001137,PX0001137,999,Moon Stars LMS Account,999,POSA,DRAFT,Moon,M0001,NULL,1137,SINGLE,999,ProductOwner1@MoonStars.co.uk,ProductManager4@theapsgroup.com,0,Charge on Production
Moon and Stars,1138,SAMPLE_1138,Sample Product 1138,PX0001138,PX0001138,999,Moon Stars LMS Account,999,POSA,DRAFT,Moon,M0002,NULL,1138,SINGLE,999,ProductOwner3@MoonStars.co.uk,ProductManager1@theapsgroup.com,0,Charge on Production
Moon and Stars,1139,SAMPLE_1139,Sample Product 1139,PX0001139,PX0001139,999,Moon Stars LMS Account,999,POSA,DRAFT,Sun,M0001,NULL,1139,SINGLE,999,ProductOwner2@MoonStars.co.uk,ProductManager2@theapsgroup.com,0.2,Charge on Production
Moon and Stars,1140,SAMPLE_1140,Sample Product 1140,PX0001140,PX0001140,999,Moon Stars LMS Account,999,POSA,DRAFT,Stars,M0001,NULL,1140,SINGLE,999,ProductOwner1@MoonStars.co.uk,ProductManager1@theapsgroup.com,0,Charge on Production
Moon and Stars,1141,SAMPLE_1141,Sample Product 1141,PX0001141,PX0001141,999,Moon Stars LMS Account,999,POSA,DRAFT,Moon,M0001,NULL,1141,SINGLE,999,ProductOwner2@MoonStars.co.uk,ProductManager1@theapsgroup.com,0,Charge on Production
Moon and Stars,1142,SAMPLE_1142,Sample Product 1142,PX0001142,PX0001142,999,Moon Stars LMS Account,999,POSA,DRAFT,Sun,M0001,NULL,1142,SINGLE,999,ProductOwner2@MoonStars.co.uk,ProductManager4@theapsgroup.com,0,Charge on Production
Moon and Stars,1143,SAMPLE_1143,Sample Product 1143,PX0001143,PX0001143,999,Moon Stars LMS Account,999,POSA,DRAFT,Sun,M0003,NULL,1143,SINGLE,999,ProductOwner4@MoonStars.co.uk,ProductManager4@theapsgroup.com,0,Charge on Production
Moon and Stars,1144,SAMPLE_1144,Sample Product 1144,PX0001144,PX0001144,999,Moon Stars LMS Account,999,POSA,DRAFT,Sun,M0001,NULL,1144,SINGLE,999,ProductOwner2@MoonStars.co.uk,ProductManager4@theapsgroup.com,0.2,Charge on Production
Moon and Stars,1145,SAMPLE_1145,Sample Product 1145,PX0001145,PX0001145,999,Moon Stars LMS Account,999,POSA,DRAFT,Stars,M0001,NULL,1145,SINGLE,999,ProductOwner1@MoonStars.co.uk,ProductManager1@theapsgroup.com,0,Charge on Production
Moon and Stars,1146,SAMPLE_1146,Sample Product 1146,PX0001146,PX0001146,999,Moon Stars LMS Account,999,POSA,DRAFT,Stars,M0002,NULL,1146,SINGLE,999,ProductOwner3@MoonStars.co.uk,ProductManager3@theapsgroup.com,0,Charge on Production
Moon and Stars,1147,SAMPLE_1147,Sample Product 1147,PX0001147,PX0001147,999,Moon Stars LMS Account,999,POSA,DRAFT,Sun,M0001,NULL,1147,SINGLE,999,ProductOwner1@MoonStars.co.uk,ProductManager2@theapsgroup.com,0,Charge on Production
Moon and Stars,1148,SAMPLE_1148,Sample Product 1148,PX0001148,PX0001148,999,Moon Stars LMS Account,999,POSA,DRAFT,Sun,M0001,NULL,1148,SINGLE,999,ProductOwner1@MoonStars.co.uk,ProductManager3@theapsgroup.com,0.2,Charge on Production
Moon and Stars,1149,SAMPLE_1149,Sample Product 1149,PX0001149,PX0001149,999,Moon Stars LMS Account,999,POSA,DRAFT,Moon,M0001,NULL,1149,SINGLE,999,ProductOwner2@MoonStars.co.uk,ProductManager1@theapsgroup.com,0,Charge on Production
Moon and Stars,1150,SAMPLE_1150,Sample Product 1150,PX0001150,PX0001150,999,Moon Stars LMS Account,999,POSA,DRAFT,Stars,M0001,NULL,1150,SINGLE,999,ProductOwner1@MoonStars.co.uk,ProductManager1@theapsgroup.com,0,Charge on Production
Moon and Stars,1151,SAMPLE_1151,Sample Product 1151,PX0001151,PX0001151,999,Moon Stars LMS Account,999,POSA,DRAFT,Stars,M0001,NULL,1151,SINGLE,999,ProductOwner2@MoonStars.co.uk,ProductManager2@theapsgroup.com,0.2,Charge on Production
Moon and Stars,1152,SAMPLE_1152,Sample Product 1152,PX0001152,PX0001152,999,Moon Stars LMS Account,999,POSA,DRAFT,Stars,M0002,NULL,1152,SINGLE,999,ProductOwner3@MoonStars.co.uk,ProductManager1@theapsgroup.com,0,Charge on Production
Moon and Stars,1153,SAMPLE_1153,Sample Product 1153,PX0001153,PX0001153,999,Moon Stars LMS Account,999,POSA,DRAFT,Stars,M0001,NULL,1153,SINGLE,999,ProductOwner1@MoonStars.co.uk,ProductManager3@theapsgroup.com,0,Charge on Production
Moon and Stars,1154,SAMPLE_1154,Sample Product 1154,PX0001154,PX0001154,999,Moon Stars LMS Account,999,POSA,DRAFT,Sun,M0001,NULL,1154,SINGLE,999,ProductOwner1@MoonStars.co.uk,ProductManager3@theapsgroup.com,0.2,Charge on Production
Moon and Stars,1155,SAMPLE_1155,Sample Product 1155,PX0001155,PX0001155,999,Moon Stars LMS Account,999,POSA,DRAFT,Sun,M0001,NULL,1155,SINGLE,999,ProductOwner1@MoonStars.co.uk,ProductManager2@theapsgroup.com,0,Charge on Production
Moon and Stars,1156,SAMPLE_1156,Sample Product 1156,PX0001156,PX0001156,999,Moon Stars LMS Account,999,POSA,DRAFT,Moon,M0002,NULL,1156,SINGLE,999,ProductOwner3@MoonStars.co.uk,ProductManager3@theapsgroup.com,0,Charge on Production
Moon and Stars,1157,SAMPLE_1157,Sample Product 1157,PX0001157,PX0001157,999,Moon Stars LMS Account,999,POSA,DRAFT,Moon,M0001,NULL,1157,SINGLE,999,ProductOwner1@MoonStars.co.uk,ProductManager4@theapsgroup.com,0,Charge on Production
Moon and Stars,1158,SAMPLE_1158,Sample Product 1158,PX0001158,PX0001158,999,Moon Stars LMS Account,999,POSA,DRAFT,Stars,M0002,NULL,1158,PACK 5,999,ProductOwner3@MoonStars.co.uk,ProductManager1@theapsgroup.com,0,Charge on Production
Moon and Stars,1159,SAMPLE_1159,Sample Product 1159,PX0001159,PX0001159,999,Moon Stars LMS Account,999,POSA,DRAFT,Moon,M0001,NULL,1159,PACK 10,999,ProductOwner2@MoonStars.co.uk,ProductManager2@theapsgroup.com,0.2,Charge on Production
Moon and Stars,1160,SAMPLE_1160,Sample Product 1160,PX0001160,PX0001160,999,Moon Stars LMS Account,999,POSA,DRAFT,Moon,M0001,NULL,1160,PACK 10,999,ProductOwner1@MoonStars.co.uk,ProductManager1@theapsgroup.com,0,Charge on Production
Moon and Stars,1161,SAMPLE_1161,Sample Product 1161,PX0001161,PX0001161,999,Moon Stars LMS Account,999,POSA,DRAFT,Stars,M0001,NULL,1161,PACK 5,999,ProductOwner2@MoonStars.co.uk,ProductManager1@theapsgroup.com,0,Charge on Production
Moon and Stars,1162,SAMPLE_1162,Sample Product 1162,PX0001162,PX0001162,999,Moon Stars LMS Account,999,POSA,DRAFT,Stars,M0001,NULL,1162,PACK 10,999,ProductOwner2@MoonStars.co.uk,ProductManager4@theapsgroup.com,0,Charge on Production
Moon and Stars,1163,SAMPLE_1163,Sample Product 1163,PX0001163,PX0001163,999,Moon Stars LMS Account,999,POSA,DRAFT,Sun,M0003,NULL,1163,PACK 10,999,ProductOwner4@MoonStars.co.uk,ProductManager4@theapsgroup.com,0,Charge on Production
Moon and Stars,1164,SAMPLE_1164,Sample Product 1164,PX0001164,PX0001164,999,Moon Stars LMS Account,999,GNPR,DRAFT,Stars,M0001,NULL,1164,SINGLE,999,ProductOwner2@MoonStars.co.uk,ProductManager4@theapsgroup.com,0.2,Charge on Production
Moon and Stars,1165,SAMPLE_1165,Sample Product 1165,PX0001165,PX0001165,999,Moon Stars LMS Account,999,GNPR,DRAFT,Moon,M0001,NULL,1165,SINGLE,999,ProductOwner1@MoonStars.co.uk,ProductManager1@theapsgroup.com,0,Charge on Production
Moon and Stars,1166,SAMPLE_1166,Sample Product 1166,PX0001166,PX0001166,999,Moon Stars LMS Account,999,GNPR,DRAFT,Sun,M0002,NULL,1166,PACK 671,999,ProductOwner3@MoonStars.co.uk,ProductManager3@theapsgroup.com,0,Charge on Production
Moon and Stars,1167,SAMPLE_1167,Sample Product 1167,PX0001167,PX0001167,999,Moon Stars LMS Account,999,GNPR,DRAFT,Moon,M0001,NULL,1167,PACK 580,999,ProductOwner1@MoonStars.co.uk,ProductManager2@theapsgroup.com,0,Charge on Production
Moon and Stars,1168,SAMPLE_1168,Sample Product 1168,PX0001168,PX0001168,999,Moon Stars LMS Account,999,GNPR,DRAFT,Stars,M0001,NULL,1168,PACK 536,999,ProductOwner1@MoonStars.co.uk,ProductManager3@theapsgroup.com,0.2,Charge on Production
Moon and Stars,1169,SAMPLE_1169,Sample Product 1169,PX0001169,PX0001169,999,Moon Stars LMS Account,999,GNPR,DRAFT,Sun,M0001,NULL,1169,SINGLE,999,ProductOwner2@MoonStars.co.uk,ProductManager1@theapsgroup.com,0,Charge on Production
Moon and Stars,1170,SAMPLE_1170,Sample Product 1170,PX0001170,PX0001170,999,Moon Stars LMS Account,999,POSA,DRAFT,Stars,M0001,NULL,1170,SINGLE,999,ProductOwner1@MoonStars.co.uk,ProductManager1@theapsgroup.com,0,Charge on Production
Moon and Stars,1171,SAMPLE_1171,Sample Product 1171,PX0001171,PX0001171,999,Moon Stars LMS Account,999,POSA,DRAFT,Moon,M0001,NULL,1171,SINGLE,999,ProductOwner2@MoonStars.co.uk,ProductManager2@theapsgroup.com,0.2,Charge on Production
Moon and Stars,1172,SAMPLE_1172,Sample Product 1172,PX0001172,PX0001172,999,Moon Stars LMS Account,999,POSA,DRAFT,Moon,M0002,NULL,1172,SINGLE,999,ProductOwner3@MoonStars.co.uk,ProductManager1@theapsgroup.com,0,Charge on Production
Moon and Stars,1173,SAMPLE_1173,Sample Product 1173,PX0001173,PX0001173,999,Moon Stars LMS Account,999,POSA,DRAFT,Moon,M0001,NULL,1173,SINGLE,999,ProductOwner1@MoonStars.co.uk,ProductManager3@theapsgroup.com,0,Charge on Production
Moon and Stars,1174,SAMPLE_1174,Sample Product 1174,PX0001174,PX0001174,999,Moon Stars LMS Account,999,POSA,DRAFT,Moon,M0001,NULL,1174,SINGLE,999,ProductOwner1@MoonStars.co.uk,ProductManager3@theapsgroup.com,0.2,Charge on Production
Moon and Stars,1175,SAMPLE_1175,Sample Product 1175,PX0001175,PX0001175,999,Moon Stars LMS Account,999,POSA,DRAFT,Stars,M0001,NULL,1175,SINGLE,999,ProductOwner1@MoonStars.co.uk,ProductManager2@theapsgroup.com,0,Charge on Production
Moon and Stars,1176,SAMPLE_1176,Sample Product 1176,PX0001176,PX0001176,999,Moon Stars LMS Account,999,GNPR,DRAFT,Stars,M0002,NULL,1176,SINGLE,999,ProductOwner3@MoonStars.co.uk,ProductManager3@theapsgroup.com,0,Charge on Production
Moon and Stars,1177,SAMPLE_1177,Sample Product 1177,PX0001177,PX0001177,999,Moon Stars LMS Account,999,GNPR,DRAFT,Moon,M0001,NULL,1177,SINGLE,999,ProductOwner1@MoonStars.co.uk,ProductManager4@theapsgroup.com,0,Charge on Production
Moon and Stars,1178,SAMPLE_1178,Sample Product 1178,PX0001178,PX0001178,999,Moon Stars LMS Account,999,GNPR,DRAFT,Sun,M0002,NULL,1178,SINGLE,999,ProductOwner3@MoonStars.co.uk,ProductManager1@theapsgroup.com,0,Charge on Production
Moon and Stars,1179,SAMPLE_1179,Sample Product 1179,PX0001179,PX0001179,999,Moon Stars LMS Account,999,GNPR,DRAFT,Stars,M0001,NULL,1179,SINGLE,999,ProductOwner2@MoonStars.co.uk,ProductManager2@theapsgroup.com,0.2,Charge on Production
Moon and Stars,1180,SAMPLE_1180,Sample Product 1180,PX0001180,PX0001180,999,Moon Stars LMS Account,999,POSA,DRAFT,Moon,M0001,NULL,1180,SINGLE,999,ProductOwner1@MoonStars.co.uk,ProductManager1@theapsgroup.com,0,Charge on Production
Moon and Stars,1181,SAMPLE_1181,Sample Product 1181,PX0001181,PX0001181,999,Moon Stars LMS Account,999,PROM,DRAFT,Moon,M0001,NULL,1181,PACK 10,999,ProductOwner2@MoonStars.co.uk,ProductManager1@theapsgroup.com,0,Charge on Production
Moon and Stars,1182,SAMPLE_1182,Sample Product 1182,PX0001182,PX0001182,999,Moon Stars LMS Account,999,ENVE,DRAFT,Stars,M0001,NULL,1182,SINGLE,999,ProductOwner2@MoonStars.co.uk,ProductManager4@theapsgroup.com,0,Charge on Production
Moon and Stars,1183,SAMPLE_1183,Sample Product 1183,PX0001183,PX0001183,999,Moon Stars LMS Account,999,GNPR,DRAFT,Moon,M0003,NULL,1183,PACK 10,999,ProductOwner4@MoonStars.co.uk,ProductManager4@theapsgroup.com,0,Charge on Production
Moon and Stars,1184,SAMPLE_1184,Sample Product 1184,PX0001184,PX0001184,999,Moon Stars LMS Account,999,GNPR,DRAFT,Stars,M0001,NULL,1184,SINGLE,999,ProductOwner2@MoonStars.co.uk,ProductManager4@theapsgroup.com,0.2,Charge on Production
Moon and Stars,1185,SAMPLE_1185,Sample Product 1185,PX0001185,PX0001185,999,Moon Stars LMS Account,999,GNPR,DRAFT,Stars,M0001,NULL,1185,PACK 5,999,ProductOwner1@MoonStars.co.uk,ProductManager1@theapsgroup.com,0,Charge on Production
Moon and Stars,1186,SAMPLE_1186,Sample Product 1186,PX0001186,PX0001186,999,Moon Stars LMS Account,999,GNPR,DRAFT,Moon,M0002,NULL,1186,PACK 5,999,ProductOwner3@MoonStars.co.uk,ProductManager3@theapsgroup.com,0,Charge on Production
Moon and Stars,1187,SAMPLE_1187,Sample Product 1187,PX0001187,PX0001187,999,Moon Stars LMS Account,999,BN,DRAFT,Sun,M0001,NULL,1187,SINGLE,999,ProductOwner1@MoonStars.co.uk,ProductManager2@theapsgroup.com,0,Charge on Production
Moon and Stars,1188,SAMPLE_1188,Sample Product 1188,PX0001188,PX0001188,999,Moon Stars LMS Account,999,GNPR,DRAFT,Stars,M0001,NULL,1188,SINGLE,999,ProductOwner1@MoonStars.co.uk,ProductManager3@theapsgroup.com,0.2,Charge on Production
Moon and Stars,1189,SAMPLE_1189,Sample Product 1189,PX0001189,PX0001189,999,Moon Stars LMS Account,999,GNPR,DRAFT,Stars,M0001,NULL,1189,SINGLE,999,ProductOwner2@MoonStars.co.uk,ProductManager1@theapsgroup.com,0,Charge on Production
Moon and Stars,1190,SAMPLE_1190,Sample Product 1190,PX0001190,PX0001190,999,Moon Stars LMS Account,999,GNPR,DRAFT,Sun,M0001,NULL,1190,PACK 50,999,ProductOwner1@MoonStars.co.uk,ProductManager1@theapsgroup.com,0,Charge on Production
Moon and Stars,1191,SAMPLE_1191,Sample Product 1191,PX0001191,PX0001191,999,Moon Stars LMS Account,999,GNPR,DRAFT,Moon,M0001,NULL,1191,PACK 50,999,ProductOwner2@MoonStars.co.uk,ProductManager2@theapsgroup.com,0.2,Charge on Production
Moon and Stars,1192,SAMPLE_1192,Sample Product 1192,PX0001192,PX0001192,999,Moon Stars LMS Account,999,GNPR,DRAFT,Moon,M0002,NULL,1192,PACK 50,999,ProductOwner3@MoonStars.co.uk,ProductManager1@theapsgroup.com,0,Charge on Production
Moon and Stars,1193,SAMPLE_1193,Sample Product 1193,PX0001193,PX0001193,999,Moon Stars LMS Account,999,GNPR,DRAFT,Moon,M0001,NULL,1193,SINGLE,999,ProductOwner1@MoonStars.co.uk,ProductManager3@theapsgroup.com,0,Charge on Production
Moon and Stars,1194,SAMPLE_1194,Sample Product 1194,PX0001194,PX0001194,999,Moon Stars LMS Account,999,GNPR,DRAFT,Stars,M0001,NULL,1194,SINGLE,999,ProductOwner1@MoonStars.co.uk,ProductManager3@theapsgroup.com,0.2,Charge on Production
Moon and Stars,1195,SAMPLE_1195,Sample Product 1195,PX0001195,PX0001195,999,Moon Stars LMS Account,999,GNPR,DRAFT,Moon,M0001,NULL,1195,SINGLE,999,ProductOwner1@MoonStars.co.uk,ProductManager2@theapsgroup.com,0,Charge on Production
Moon and Stars,1196,SAMPLE_1196,Sample Product 1196,PX0001196,PX0001196,999,Moon Stars LMS Account,999,GNPR,DRAFT,Moon,M0002,NULL,1196,SINGLE,999,ProductOwner3@MoonStars.co.uk,ProductManager3@theapsgroup.com,0,Charge on Production
Moon and Stars,1197,SAMPLE_1197,Sample Product 1197,PX0001197,PX0001197,999,Moon Stars LMS Account,999,GNPR,DRAFT,Stars,M0001,NULL,1197,SINGLE,999,ProductOwner1@MoonStars.co.uk,ProductManager4@theapsgroup.com,0,Charge on Production
Moon and Stars,1198,SAMPLE_1198,Sample Product 1198,PX0001198,PX0001198,999,Moon Stars LMS Account,999,GNPR,DRAFT,Stars,M0002,NULL,1198,SINGLE,999,ProductOwner3@MoonStars.co.uk,ProductManager1@theapsgroup.com,0,Charge on Production
Moon and Stars,1199,SAMPLE_1199,Sample Product 1199,PX0001199,PX0001199,999,Moon Stars LMS Account,999,GNPR,DRAFT,Moon,M0001,NULL,1199,SINGLE,999,ProductOwner2@MoonStars.co.uk,ProductManager2@theapsgroup.com,0.2,Charge on Production
Moon and Stars,1200,SAMPLE_1200,Sample Product 1200,PX0001200,PX0001200,999,Moon Stars LMS Account,999,GNPR,DRAFT,Sun,M0001,NULL,1200,SINGLE,999,ProductOwner1@MoonStars.co.uk,ProductManager1@theapsgroup.com,0,Charge on Production
Moon and Stars,1201,SAMPLE_1201,Sample Product 1201,PX0001201,PX0001201,999,Moon Stars LMS Account,999,PROM,DRAFT,Moon,M0001,NULL,1201,PACK 5,999,ProductOwner2@MoonStars.co.uk,ProductManager1@theapsgroup.com,0,Charge on Production
Moon and Stars,1202,SAMPLE_1202,Sample Product 1202,PX0001202,PX0001202,999,Moon Stars LMS Account,999,GNPR,DRAFT,Sun,M0001,NULL,1202,SINGLE,999,ProductOwner2@MoonStars.co.uk,ProductManager4@theapsgroup.com,0,Charge on Production
Moon and Stars,1203,SAMPLE_1203,Sample Product 1203,PX0001203,PX0001203,999,Moon Stars LMS Account,999,GNPR,DRAFT,Moon,M0003,NULL,1203,SINGLE,999,ProductOwner4@MoonStars.co.uk,ProductManager4@theapsgroup.com,0,Charge on Production
Moon and Stars,1204,SAMPLE_1204,Sample Product 1204,PX0001204,PX0001204,999,Moon Stars LMS Account,999,POSA,DRAFT,Sun,M0001,NULL,1204,SINGLE,999,ProductOwner2@MoonStars.co.uk,ProductManager4@theapsgroup.com,0.2,Charge on Production
Moon and Stars,1205,SAMPLE_1205,Sample Product 1205,PX0001205,PX0001205,999,Moon Stars LMS Account,999,GNPR,DRAFT,Sun,M0001,NULL,1205,SINGLE,999,ProductOwner1@MoonStars.co.uk,ProductManager1@theapsgroup.com,0,Charge on Production
Moon and Stars,1206,SAMPLE_1206,Sample Product 1206,PX0001206,PX0001206,999,Moon Stars LMS Account,999,LFLT,DRAFT,Moon,M0002,NULL,1206,SINGLE,999,ProductOwner3@MoonStars.co.uk,ProductManager3@theapsgroup.com,0,Charge on Production
Moon and Stars,1207,SAMPLE_1207,Sample Product 1207,PX0001207,PX0001207,999,Moon Stars LMS Account,999,GNPR,DRAFT,Moon,M0001,NULL,1207,SINGLE,999,ProductOwner1@MoonStars.co.uk,ProductManager2@theapsgroup.com,0,Charge on Production
Moon and Stars,1208,SAMPLE_1208,Sample Product 1208,PX0001208,PX0001208,999,Moon Stars LMS Account,999,GNPR,DRAFT,Sun,M0001,NULL,1208,SINGLE,999,ProductOwner1@MoonStars.co.uk,ProductManager3@theapsgroup.com,0.2,Charge on Production
Moon and Stars,1209,SAMPLE_1209,Sample Product 1209,PX0001209,PX0001209,999,Moon Stars LMS Account,999,GNPR,DRAFT,Moon,M0001,NULL,1209,SINGLE,999,ProductOwner2@MoonStars.co.uk,ProductManager1@theapsgroup.com,0,Charge on Production
Moon and Stars,1210,SAMPLE_1210,Sample Product 1210,PX0001210,PX0001210,999,Moon Stars LMS Account,999,GNPR,DRAFT,Stars,M0001,NULL,1210,SINGLE,999,ProductOwner1@MoonStars.co.uk,ProductManager1@theapsgroup.com,0,Charge on Production
Moon and Stars,1211,SAMPLE_1211,Sample Product 1211,PX0001211,PX0001211,999,Moon Stars LMS Account,999,MISC,DRAFT,Sun,M0001,NULL,1211,PACK 100,999,ProductOwner2@MoonStars.co.uk,ProductManager2@theapsgroup.com,0.2,Charge on Production
Moon and Stars,1212,SAMPLE_1212,Sample Product 1212,PX0001212,PX0001212,999,Moon Stars LMS Account,999,FORM,DRAFT,Moon,M0002,NULL,1212,PACK 100,999,ProductOwner3@MoonStars.co.uk,ProductManager1@theapsgroup.com,0,Charge on Production
Moon and Stars,1213,SAMPLE_1213,Sample Product 1213,PX0001213,PX0001213,999,Moon Stars LMS Account,999,GNPR,DRAFT,Stars,M0001,NULL,1213,PACK 100,999,ProductOwner1@MoonStars.co.uk,ProductManager3@theapsgroup.com,0,Charge on Production
Moon and Stars,1214,SAMPLE_1214,Sample Product 1214,PX0001214,PX0001214,999,Moon Stars LMS Account,999,GNPR,DRAFT,Sun,M0001,NULL,1214,PACK 100,999,ProductOwner1@MoonStars.co.uk,ProductManager3@theapsgroup.com,0.2,Charge on Production
Moon and Stars,1215,SAMPLE_1215,Sample Product 1215,PX0001215,PX0001215,999,Moon Stars LMS Account,999,PSTR,DRAFT,Moon,M0001,NULL,1215,SINGLE,999,ProductOwner1@MoonStars.co.uk,ProductManager2@theapsgroup.com,0,Charge on Production
Moon and Stars,1216,SAMPLE_1216,Sample Product 1216,PX0001216,PX0001216,999,Moon Stars LMS Account,999,GNPR,DRAFT,Sun,M0002,NULL,1216,SINGLE,999,ProductOwner3@MoonStars.co.uk,ProductManager3@theapsgroup.com,0,Charge on Production
Moon and Stars,1217,SAMPLE_1217,Sample Product 1217,PX0001217,PX0001217,999,Moon Stars LMS Account,999,GNPR,DRAFT,Moon,M0001,NULL,1217,SINGLE,999,ProductOwner1@MoonStars.co.uk,ProductManager4@theapsgroup.com,0,Charge on Production
Moon and Stars,1218,SAMPLE_1218,Sample Product 1218,PX0001218,PX0001218,999,Moon Stars LMS Account,999,GNPR,DRAFT,Sun,M0002,NULL,1218,SINGLE,999,ProductOwner3@MoonStars.co.uk,ProductManager1@theapsgroup.com,0,Charge on Production
Moon and Stars,1219,SAMPLE_1219,Sample Product 1219,PX0001219,PX0001219,999,Moon Stars LMS Account,999,LABL,DRAFT,Stars,M0001,NULL,1219,SINGLE,999,ProductOwner2@MoonStars.co.uk,ProductManager2@theapsgroup.com,0.2,Charge on Production
Moon and Stars,1220,SAMPLE_1220,Sample Product 1220,PX0001220,PX0001220,999,Moon Stars LMS Account,999,GNPR,DRAFT,Sun,M0001,NULL,1220,SINGLE,999,ProductOwner1@MoonStars.co.uk,ProductManager1@theapsgroup.com,0,Charge on Production
Moon and Stars,1221,SAMPLE_1221,Sample Product 1221,PX0001221,PX0001221,999,Moon Stars LMS Account,999,PROM,DRAFT,Sun,M0001,NULL,1221,SINGLE,999,ProductOwner2@MoonStars.co.uk,ProductManager1@theapsgroup.com,0,Charge on Production
Moon and Stars,1222,SAMPLE_1222,Sample Product 1222,PX0001222,PX0001222,999,Moon Stars LMS Account,999,GNPR,DRAFT,Moon,M0001,NULL,1222,SINGLE,999,ProductOwner2@MoonStars.co.uk,ProductManager4@theapsgroup.com,0,Charge on Production
Moon and Stars,1223,SAMPLE_1223,Sample Product 1223,PX0001223,PX0001223,999,Moon Stars LMS Account,999,GNPR,DRAFT,Sun,M0003,NULL,1223,PACK 30,999,ProductOwner4@MoonStars.co.uk,ProductManager4@theapsgroup.com,0,Charge on Production
Moon and Stars,1224,SAMPLE_1224,Sample Product 1224,PX0001224,PX0001224,999,Moon Stars LMS Account,999,GNPR,DRAFT,Sun,M0001,NULL,1224,SINGLE,999,ProductOwner2@MoonStars.co.uk,ProductManager4@theapsgroup.com,0.2,Charge on Production
Moon and Stars,1225,SAMPLE_1225,Sample Product 1225,PX0001225,PX0001225,999,Moon Stars LMS Account,999,GNPR,DRAFT,Sun,M0001,NULL,1225,SINGLE,999,ProductOwner1@MoonStars.co.uk,ProductManager1@theapsgroup.com,0,Charge on Production
Moon and Stars,1226,SAMPLE_1226,Sample Product 1226,PX0001226,PX0001226,999,Moon Stars LMS Account,999,POSA,DRAFT,Moon,M0002,NULL,1226,SINGLE,999,ProductOwner3@MoonStars.co.uk,ProductManager3@theapsgroup.com,0,Charge on Production
Moon and Stars,1227,SAMPLE_1227,Sample Product 1227,PX0001227,PX0001227,999,Moon Stars LMS Account,999,PSTR,DRAFT,Sun,M0001,NULL,1227,PACK 3,999,ProductOwner1@MoonStars.co.uk,ProductManager2@theapsgroup.com,0,Charge on Production
Moon and Stars,1228,SAMPLE_1228,Sample Product 1228,PX0001228,PX0001228,999,Moon Stars LMS Account,999,PSTR,DRAFT,Sun,M0001,NULL,1228,PACK 3,999,ProductOwner1@MoonStars.co.uk,ProductManager3@theapsgroup.com,0.2,Charge on Production
Moon and Stars,1229,SAMPLE_1229,Sample Product 1229,PX0001229,PX0001229,999,Moon Stars LMS Account,999,GNPR,DRAFT,Stars,M0001,NULL,1229,SINGLE,999,ProductOwner2@MoonStars.co.uk,ProductManager1@theapsgroup.com,0,Charge on Production
Moon and Stars,1230,SAMPLE_1230,Sample Product 1230,PX0001230,PX0001230,999,Moon Stars LMS Account,999,GNPR,DRAFT,Sun,M0001,NULL,1230,PACK 3,999,ProductOwner1@MoonStars.co.uk,ProductManager1@theapsgroup.com,0,Charge on Production
Moon and Stars,1231,SAMPLE_1231,Sample Product 1231,PX0001231,PX0001231,999,Moon Stars LMS Account,999,GNPR,DRAFT,Stars,M0001,NULL,1231,SINGLE,999,ProductOwner2@MoonStars.co.uk,ProductManager2@theapsgroup.com,0.2,Charge on Production
Moon and Stars,1232,SAMPLE_1232,Sample Product 1232,PX0001232,PX0001232,999,Moon Stars LMS Account,999,GNPR,DRAFT,Sun,M0002,NULL,1232,SINGLE,999,ProductOwner3@MoonStars.co.uk,ProductManager1@theapsgroup.com,0,Charge on Production
Moon and Stars,1233,SAMPLE_1233,Sample Product 1233,PX0001233,PX0001233,999,Moon Stars LMS Account,999,GNPR,DRAFT,Sun,M0001,NULL,1233,SINGLE,999,ProductOwner1@MoonStars.co.uk,ProductManager3@theapsgroup.com,0,Charge on Production
Moon and Stars,1234,SAMPLE_1234,Sample Product 1234,PX0001234,PX0001234,999,Moon Stars LMS Account,999,GNPR,DRAFT,Moon,M0001,NULL,1234,SINGLE,999,ProductOwner1@MoonStars.co.uk,ProductManager3@theapsgroup.com,0.2,Charge on Production
Moon and Stars,1235,SAMPLE_1235,Sample Product 1235,PX0001235,PX0001235,999,Moon Stars LMS Account,999,GNPR,DRAFT,Moon,M0001,NULL,1235,SINGLE,999,ProductOwner1@MoonStars.co.uk,ProductManager2@theapsgroup.com,0,Charge on Production
Moon and Stars,1236,SAMPLE_1236,Sample Product 1236,PX0001236,PX0001236,999,Moon Stars LMS Account,999,GNPR,DRAFT,Sun,M0002,NULL,1236,SINGLE,999,ProductOwner3@MoonStars.co.uk,ProductManager3@theapsgroup.com,0,Charge on Production
Moon and Stars,1237,SAMPLE_1237,Sample Product 1237,PX0001237,PX0001237,999,Moon Stars LMS Account,999,GNPR,DRAFT,Sun,M0001,NULL,1237,SINGLE,999,ProductOwner1@MoonStars.co.uk,ProductManager4@theapsgroup.com,0,Charge on Production
Moon and Stars,1238,SAMPLE_1238,Sample Product 1238,PX0001238,PX0001238,999,Moon Stars LMS Account,999,GNPR,DRAFT,Stars,M0002,NULL,1238,SINGLE,999,ProductOwner3@MoonStars.co.uk,ProductManager1@theapsgroup.com,0,Charge on Production
Moon and Stars,1239,SAMPLE_1239,Sample Product 1239,PX0001239,PX0001239,999,Moon Stars LMS Account,999,GNPR,DRAFT,Sun,M0001,NULL,1239,SINGLE,999,ProductOwner2@MoonStars.co.uk,ProductManager2@theapsgroup.com,0.2,Charge on Production
Moon and Stars,1240,SAMPLE_1240,Sample Product 1240,PX0001240,PX0001240,999,Moon Stars LMS Account,999,GNPR,DRAFT,Stars,M0001,NULL,1240,SINGLE,999,ProductOwner1@MoonStars.co.uk,ProductManager1@theapsgroup.com,0,Charge on Production
Moon and Stars,1241,SAMPLE_1241,Sample Product 1241,PX0001241,PX0001241,999,Moon Stars LMS Account,999,GNPR,DRAFT,Stars,M0001,NULL,1241,SINGLE,999,ProductOwner2@MoonStars.co.uk,ProductManager1@theapsgroup.com,0,Charge on Production
Moon and Stars,1242,SAMPLE_1242,Sample Product 1242,PX0001242,PX0001242,999,Moon Stars LMS Account,999,GNPR,DRAFT,Stars,M0001,NULL,1242,SINGLE,999,ProductOwner2@MoonStars.co.uk,ProductManager4@theapsgroup.com,0,Charge on Production
Moon and Stars,1243,SAMPLE_1243,Sample Product 1243,PX0001243,PX0001243,999,Moon Stars LMS Account,999,GNPR,DRAFT,Sun,M0003,NULL,1243,SINGLE,999,ProductOwner4@MoonStars.co.uk,ProductManager4@theapsgroup.com,0,Charge on Production
Moon and Stars,1244,SAMPLE_1244,Sample Product 1244,PX0001244,PX0001244,999,Moon Stars LMS Account,999,GNPR,DRAFT,Stars,M0001,NULL,1244,SINGLE,999,ProductOwner2@MoonStars.co.uk,ProductManager4@theapsgroup.com,0.2,Charge on Production
Moon and Stars,1245,SAMPLE_1245,Sample Product 1245,PX0001245,PX0001245,999,Moon Stars LMS Account,999,GNPR,DRAFT,Sun,M0001,NULL,1245,SINGLE,999,ProductOwner1@MoonStars.co.uk,ProductManager1@theapsgroup.com,0,Charge on Production
Moon and Stars,1246,SAMPLE_1246,Sample Product 1246,PX0001246,PX0001246,999,Moon Stars LMS Account,999,GNPR,DRAFT,Moon,M0002,NULL,1246,SINGLE,999,ProductOwner3@MoonStars.co.uk,ProductManager3@theapsgroup.com,0,Charge on Production
Moon and Stars,1247,SAMPLE_1247,Sample Product 1247,PX0001247,PX0001247,999,Moon Stars LMS Account,999,GNPR,DRAFT,Stars,M0001,NULL,1247,SINGLE,999,ProductOwner1@MoonStars.co.uk,ProductManager2@theapsgroup.com,0,Charge on Production
Moon and Stars,1248,SAMPLE_1248,Sample Product 1248,PX0001248,PX0001248,999,Moon Stars LMS Account,999,GNPR,DRAFT,Sun,M0001,NULL,1248,SINGLE,999,ProductOwner1@MoonStars.co.uk,ProductManager3@theapsgroup.com,0.2,Charge on Production
Moon and Stars,1249,SAMPLE_1249,Sample Product 1249,PX0001249,PX0001249,999,Moon Stars LMS Account,999,GNPR,DRAFT,Sun,M0001,NULL,1249,SINGLE,999,ProductOwner2@MoonStars.co.uk,ProductManager1@theapsgroup.com,0,Charge on Production
Moon and Stars,1250,SAMPLE_1250,Sample Product 1250,PX0001250,PX0001250,999,Moon Stars LMS Account,999,GNPR,DRAFT,Stars,M0001,NULL,1250,SINGLE,999,ProductOwner1@MoonStars.co.uk,ProductManager1@theapsgroup.com,0,Charge on Production
Moon and Stars,1251,SAMPLE_1251,Sample Product 1251,PX0001251,PX0001251,999,Moon Stars LMS Account,999,GNPR,DRAFT,Stars,M0001,NULL,1251,SINGLE,999,ProductOwner2@MoonStars.co.uk,ProductManager2@theapsgroup.com,0.2,Charge on Production
Moon and Stars,1252,SAMPLE_1252,Sample Product 1252,PX0001252,PX0001252,999,Moon Stars LMS Account,999,GNPR,DRAFT,Moon,M0002,NULL,1252,SINGLE,999,ProductOwner3@MoonStars.co.uk,ProductManager1@theapsgroup.com,0,Charge on Production
Moon and Stars,1253,SAMPLE_1253,Sample Product 1253,PX0001253,PX0001253,999,Moon Stars LMS Account,999,GNPR,DRAFT,Stars,M0001,NULL,1253,SINGLE,999,ProductOwner1@MoonStars.co.uk,ProductManager3@theapsgroup.com,0,Charge on Production
Moon and Stars,1254,SAMPLE_1254,Sample Product 1254,PX0001254,PX0001254,999,Moon Stars LMS Account,999,GNPR,DRAFT,Stars,M0001,NULL,1254,SINGLE,999,ProductOwner1@MoonStars.co.uk,ProductManager3@theapsgroup.com,0.2,Charge on Production
Moon and Stars,1255,SAMPLE_1255,Sample Product 1255,PX0001255,PX0001255,999,Moon Stars LMS Account,999,GNPR,DRAFT,Stars,M0001,NULL,1255,SINGLE,999,ProductOwner1@MoonStars.co.uk,ProductManager2@theapsgroup.com,0,Charge on Production
Moon and Stars,1256,SAMPLE_1256,Sample Product 1256,PX0001256,PX0001256,999,Moon Stars LMS Account,999,GNPR,DRAFT,Sun,M0002,NULL,1256,SINGLE,999,ProductOwner3@MoonStars.co.uk,ProductManager3@theapsgroup.com,0,Charge on Production
Moon and Stars,1257,SAMPLE_1257,Sample Product 1257,PX0001257,PX0001257,999,Moon Stars LMS Account,999,GNPR,DRAFT,Moon,M0001,NULL,1257,SINGLE,999,ProductOwner1@MoonStars.co.uk,ProductManager4@theapsgroup.com,0,Charge on Production
Moon and Stars,1258,SAMPLE_1258,Sample Product 1258,PX0001258,PX0001258,999,Moon Stars LMS Account,999,GNPR,DRAFT,Stars,M0002,NULL,1258,SINGLE,999,ProductOwner3@MoonStars.co.uk,ProductManager1@theapsgroup.com,0,Charge on Production
Moon and Stars,1259,SAMPLE_1259,Sample Product 1259,PX0001259,PX0001259,999,Moon Stars LMS Account,999,GNPR,DRAFT,Sun,M0001,NULL,1259,PACK 5,999,ProductOwner2@MoonStars.co.uk,ProductManager2@theapsgroup.com,0.2,Charge on Production
Moon and Stars,1260,SAMPLE_1260,Sample Product 1260,PX0001260,PX0001260,999,Moon Stars LMS Account,999,GNPR,DRAFT,Moon,M0001,NULL,1260,PACK 10,999,ProductOwner1@MoonStars.co.uk,ProductManager1@theapsgroup.com,0,Charge on Production
Moon and Stars,1261,SAMPLE_1261,Sample Product 1261,PX0001261,PX0001261,999,Moon Stars LMS Account,999,GNPR,DRAFT,Moon,M0001,NULL,1261,PACK 10,999,ProductOwner2@MoonStars.co.uk,ProductManager1@theapsgroup.com,0,Charge on Production
Moon and Stars,1262,SAMPLE_1262,Sample Product 1262,PX0001262,PX0001262,999,Moon Stars LMS Account,999,GNPR,DRAFT,Moon,M0001,NULL,1262,SINGLE,999,ProductOwner2@MoonStars.co.uk,ProductManager4@theapsgroup.com,0,Charge on Production
Moon and Stars,1263,SAMPLE_1263,Sample Product 1263,PX0001263,PX0001263,999,Moon Stars LMS Account,999,GNPR,DRAFT,Moon,M0003,NULL,1263,PACK 10,999,ProductOwner4@MoonStars.co.uk,ProductManager4@theapsgroup.com,0,Charge on Production
Moon and Stars,1264,SAMPLE_1264,Sample Product 1264,PX0001264,PX0001264,999,Moon Stars LMS Account,999,GNPR,DRAFT,Sun,M0001,NULL,1264,PACK 10,999,ProductOwner2@MoonStars.co.uk,ProductManager4@theapsgroup.com,0.2,Charge on Production
Moon and Stars,1265,SAMPLE_1265,Sample Product 1265,PX0001265,PX0001265,999,Moon Stars LMS Account,999,GNPR,DRAFT,Sun,M0001,NULL,1265,SINGLE,999,ProductOwner1@MoonStars.co.uk,ProductManager1@theapsgroup.com,0,Charge on Production
Moon and Stars,1266,SAMPLE_1266,Sample Product 1266,PX0001266,PX0001266,999,Moon Stars LMS Account,999,GNPR,DRAFT,Sun,M0002,NULL,1266,SINGLE,999,ProductOwner3@MoonStars.co.uk,ProductManager3@theapsgroup.com,0,Charge on Production
Moon and Stars,1267,SAMPLE_1267,Sample Product 1267,PX0001267,PX0001267,999,Moon Stars LMS Account,999,LFLT,DRAFT,Sun,M0001,NULL,1267,SINGLE,999,ProductOwner1@MoonStars.co.uk,ProductManager2@theapsgroup.com,0,Charge on Production
Moon and Stars,1268,SAMPLE_1268,Sample Product 1268,PX0001268,PX0001268,999,Moon Stars LMS Account,999,LFLT,DRAFT,Sun,M0001,NULL,1268,SINGLE,999,ProductOwner1@MoonStars.co.uk,ProductManager3@theapsgroup.com,0.2,Charge on Production
Moon and Stars,1269,SAMPLE_1269,Sample Product 1269,PX0001269,PX0001269,999,Moon Stars LMS Account,999,LABL,DRAFT,Moon,M0001,NULL,1269,SINGLE,999,ProductOwner2@MoonStars.co.uk,ProductManager1@theapsgroup.com,0,Charge on Production
Moon and Stars,1270,SAMPLE_1270,Sample Product 1270,PX0001270,PX0001270,999,Moon Stars LMS Account,999,GNPR,DRAFT,Sun,M0001,NULL,1270,SINGLE,999,ProductOwner1@MoonStars.co.uk,ProductManager1@theapsgroup.com,0,Charge on Production
Moon and Stars,1271,SAMPLE_1271,Sample Product 1271,PX0001271,PX0001271,999,Moon Stars LMS Account,999,GNPR,DRAFT,Stars,M0001,NULL,1271,SINGLE,999,ProductOwner2@MoonStars.co.uk,ProductManager2@theapsgroup.com,0.2,Charge on Production
Moon and Stars,1272,SAMPLE_1272,Sample Product 1272,PX0001272,PX0001272,999,Moon Stars LMS Account,999,GNPR,DRAFT,Sun,M0002,NULL,1272,SINGLE,999,ProductOwner3@MoonStars.co.uk,ProductManager1@theapsgroup.com,0,Charge on Production
Moon and Stars,1273,SAMPLE_1273,Sample Product 1273,PX0001273,PX0001273,999,Moon Stars LMS Account,999,GNPR,DRAFT,Sun,M0001,NULL,1273,SINGLE,999,ProductOwner1@MoonStars.co.uk,ProductManager3@theapsgroup.com,0,Charge on Production
Moon and Stars,1274,SAMPLE_1274,Sample Product 1274,PX0001274,PX0001274,999,Moon Stars LMS Account,999,BKLT,DRAFT,Stars,M0001,NULL,1274,SINGLE,999,ProductOwner1@MoonStars.co.uk,ProductManager3@theapsgroup.com,0.2,Charge on Production
Moon and Stars,1275,SAMPLE_1275,Sample Product 1275,PX0001275,PX0001275,999,Moon Stars LMS Account,999,BKLT,DRAFT,Moon,M0001,NULL,1275,SINGLE,999,ProductOwner1@MoonStars.co.uk,ProductManager2@theapsgroup.com,0,Charge on Production
Moon and Stars,1276,SAMPLE_1276,Sample Product 1276,PX0001276,PX0001276,999,Moon Stars LMS Account,999,BKLT,DRAFT,Moon,M0002,NULL,1276,SINGLE,999,ProductOwner3@MoonStars.co.uk,ProductManager3@theapsgroup.com,0,Charge on Production
Moon and Stars,1277,SAMPLE_1277,Sample Product 1277,PX0001277,PX0001277,999,Moon Stars LMS Account,999,BROC,DRAFT,Sun,M0001,NULL,1277,PACK 25,999,ProductOwner1@MoonStars.co.uk,ProductManager4@theapsgroup.com,0,Charge on Production
Moon and Stars,1278,SAMPLE_1278,Sample Product 1278,PX0001278,PX0001278,999,Moon Stars LMS Account,999,LFLT,DRAFT,Stars,M0002,NULL,1278,PACK 100,999,ProductOwner3@MoonStars.co.uk,ProductManager1@theapsgroup.com,0,Charge on Production
Moon and Stars,1279,SAMPLE_1279,Sample Product 1279,PX0001279,PX0001279,999,Moon Stars LMS Account,999,LFLT,DRAFT,Moon,M0001,NULL,1279,PACK 50,999,ProductOwner2@MoonStars.co.uk,ProductManager2@theapsgroup.com,0.2,Charge on Production
Moon and Stars,1280,SAMPLE_1280,Sample Product 1280,PX0001280,PX0001280,999,Moon Stars LMS Account,999,GNPR,DRAFT,Sun,M0001,NULL,1280,SINGLE,999,ProductOwner1@MoonStars.co.uk,ProductManager1@theapsgroup.com,0,Charge on Production
Moon and Stars,1281,SAMPLE_1281,Sample Product 1281,PX0001281,PX0001281,999,Moon Stars LMS Account,999,GNPR,DRAFT,Stars,M0001,NULL,1281,SINGLE,999,ProductOwner2@MoonStars.co.uk,ProductManager1@theapsgroup.com,0,Charge on Production
Moon and Stars,1282,SAMPLE_1282,Sample Product 1282,PX0001282,PX0001282,999,Moon Stars LMS Account,999,GNPR,DRAFT,Moon,M0001,NULL,1282,SINGLE,999,ProductOwner2@MoonStars.co.uk,ProductManager4@theapsgroup.com,0,Charge on Production
Moon and Stars,1283,SAMPLE_1283,Sample Product 1283,PX0001283,PX0001283,999,Moon Stars LMS Account,999,GNPR,DRAFT,Moon,M0003,NULL,1283,SINGLE,999,ProductOwner4@MoonStars.co.uk,ProductManager4@theapsgroup.com,0,Charge on Production
Moon and Stars,1284,SAMPLE_1284,Sample Product 1284,PX0001284,PX0001284,999,Moon Stars LMS Account,999,GNPR,DRAFT,Sun,M0001,NULL,1284,SINGLE,999,ProductOwner2@MoonStars.co.uk,ProductManager4@theapsgroup.com,0.2,Charge on Production
Moon and Stars,1285,SAMPLE_1285,Sample Product 1285,PX0001285,PX0001285,999,Moon Stars LMS Account,999,GNPR,DRAFT,Stars,M0001,NULL,1285,SINGLE,999,ProductOwner1@MoonStars.co.uk,ProductManager1@theapsgroup.com,0,Charge on Production
Moon and Stars,1286,SAMPLE_1286,Sample Product 1286,PX0001286,PX0001286,999,Moon Stars LMS Account,999,GNPR,DRAFT,Stars,M0002,NULL,1286,SINGLE,999,ProductOwner3@MoonStars.co.uk,ProductManager3@theapsgroup.com,0,Charge on Production
Moon and Stars,1287,SAMPLE_1287,Sample Product 1287,PX0001287,PX0001287,999,Moon Stars LMS Account,999,GNPR,DRAFT,Moon,M0001,NULL,1287,SINGLE,999,ProductOwner1@MoonStars.co.uk,ProductManager2@theapsgroup.com,0,Charge on Production
Moon and Stars,1288,SAMPLE_1288,Sample Product 1288,PX0001288,PX0001288,999,Moon Stars LMS Account,999,GNPR,DRAFT,Stars,M0001,NULL,1288,SINGLE,999,ProductOwner1@MoonStars.co.uk,ProductManager3@theapsgroup.com,0.2,Charge on Production
Moon and Stars,1289,SAMPLE_1289,Sample Product 1289,PX0001289,PX0001289,999,Moon Stars LMS Account,999,GNPR,DRAFT,Moon,M0001,NULL,1289,SINGLE,999,ProductOwner2@MoonStars.co.uk,ProductManager1@theapsgroup.com,0,Charge on Production
Moon and Stars,1290,SAMPLE_1290,Sample Product 1290,PX0001290,PX0001290,999,Moon Stars LMS Account,999,GNPR,DRAFT,Moon,M0001,NULL,1290,SINGLE,999,ProductOwner1@MoonStars.co.uk,ProductManager1@theapsgroup.com,0,Charge on Production
Moon and Stars,1291,SAMPLE_1291,Sample Product 1291,PX0001291,PX0001291,999,Moon Stars LMS Account,999,GNPR,DRAFT,Moon,M0001,NULL,1291,SINGLE,999,ProductOwner2@MoonStars.co.uk,ProductManager2@theapsgroup.com,0.2,Charge on Production
Moon and Stars,1292,SAMPLE_1292,Sample Product 1292,PX0001292,PX0001292,999,Moon Stars LMS Account,999,GNPR,DRAFT,Moon,M0002,NULL,1292,SINGLE,999,ProductOwner3@MoonStars.co.uk,ProductManager1@theapsgroup.com,0,Charge on Production
Moon and Stars,1293,SAMPLE_1293,Sample Product 1293,PX0001293,PX0001293,999,Moon Stars LMS Account,999,GNPR,DRAFT,Sun,M0001,NULL,1293,SINGLE,999,ProductOwner1@MoonStars.co.uk,ProductManager3@theapsgroup.com,0,Charge on Production
Moon and Stars,1294,SAMPLE_1294,Sample Product 1294,PX0001294,PX0001294,999,Moon Stars LMS Account,999,GNPR,DRAFT,Stars,M0001,NULL,1294,SINGLE,999,ProductOwner1@MoonStars.co.uk,ProductManager3@theapsgroup.com,0.2,Charge on Production
Moon and Stars,1295,SAMPLE_1295,Sample Product 1295,PX0001295,PX0001295,999,Moon Stars LMS Account,999,GNPR,DRAFT,Moon,M0001,NULL,1295,SINGLE,999,ProductOwner1@MoonStars.co.uk,ProductManager2@theapsgroup.com,0,Charge on Production
Moon and Stars,1296,SAMPLE_1296,Sample Product 1296,PX0001296,PX0001296,999,Moon Stars LMS Account,999,GNPR,DRAFT,Sun,M0002,NULL,1296,SINGLE,999,ProductOwner3@MoonStars.co.uk,ProductManager3@theapsgroup.com,0,Charge on Production
Moon and Stars,1297,SAMPLE_1297,Sample Product 1297,PX0001297,PX0001297,999,Moon Stars LMS Account,999,GNPR,DRAFT,Moon,M0001,NULL,1297,SINGLE,999,ProductOwner1@MoonStars.co.uk,ProductManager4@theapsgroup.com,0,Charge on Production
Moon and Stars,1298,SAMPLE_1298,Sample Product 1298,PX0001298,PX0001298,999,Moon Stars LMS Account,999,GNPR,DRAFT,Sun,M0002,NULL,1298,SINGLE,999,ProductOwner3@MoonStars.co.uk,ProductManager1@theapsgroup.com,0,Charge on Production
Moon and Stars,1299,SAMPLE_1299,Sample Product 1299,PX0001299,PX0001299,999,Moon Stars LMS Account,999,GNPR,DRAFT,Stars,M0001,NULL,1299,SINGLE,999,ProductOwner2@MoonStars.co.uk,ProductManager2@theapsgroup.com,0.2,Charge on Production
Moon and Stars,1300,SAMPLE_1300,Sample Product 1300,PX0001300,PX0001300,999,Moon Stars LMS Account,999,GNPR,DRAFT,Sun,M0001,NULL,1300,SINGLE,999,ProductOwner1@MoonStars.co.uk,ProductManager1@theapsgroup.com,0,Charge on Production
Moon and Stars,1301,SAMPLE_1301,Sample Product 1301,PX0001301,PX0001301,999,Moon Stars LMS Account,999,BN,DRAFT,Sun,M0001,NULL,1301,SINGLE,999,ProductOwner2@MoonStars.co.uk,ProductManager1@theapsgroup.com,0,Charge on Production
Moon and Stars,1302,SAMPLE_1302,Sample Product 1302,PX0001302,PX0001302,999,Moon Stars LMS Account,999,BN,DRAFT,Moon,M0001,NULL,1302,SINGLE,999,ProductOwner2@MoonStars.co.uk,ProductManager4@theapsgroup.com,0,Charge on Production
Moon and Stars,1303,SAMPLE_1303,Sample Product 1303,PX0001303,PX0001303,999,Moon Stars LMS Account,999,BN,DRAFT,Sun,M0003,NULL,1303,SINGLE,999,ProductOwner4@MoonStars.co.uk,ProductManager4@theapsgroup.com,0,Charge on Production
Moon and Stars,1304,SAMPLE_1304,Sample Product 1304,PX0001304,PX0001304,999,Moon Stars LMS Account,999,BN,DRAFT,Sun,M0001,NULL,1304,SINGLE,999,ProductOwner2@MoonStars.co.uk,ProductManager4@theapsgroup.com,0.2,Charge on Production
Moon and Stars,1305,SAMPLE_1305,Sample Product 1305,PX0001305,PX0001305,999,Moon Stars LMS Account,999,BN,DRAFT,Sun,M0001,NULL,1305,SINGLE,999,ProductOwner1@MoonStars.co.uk,ProductManager1@theapsgroup.com,0,Charge on Production
Moon and Stars,1306,SAMPLE_1306,Sample Product 1306,PX0001306,PX0001306,999,Moon Stars LMS Account,999,GNPR,DRAFT,Stars,M0002,NULL,1306,SINGLE,999,ProductOwner3@MoonStars.co.uk,ProductManager3@theapsgroup.com,0,Charge on Production
Moon and Stars,1307,SAMPLE_1307,Sample Product 1307,PX0001307,PX0001307,999,Moon Stars LMS Account,999,BN,DRAFT,Sun,M0001,NULL,1307,SINGLE,999,ProductOwner1@MoonStars.co.uk,ProductManager2@theapsgroup.com,0,Charge on Production
Moon and Stars,1308,SAMPLE_1308,Sample Product 1308,PX0001308,PX0001308,999,Moon Stars LMS Account,999,GNPR,DRAFT,Sun,M0001,NULL,1308,SINGLE,999,ProductOwner1@MoonStars.co.uk,ProductManager3@theapsgroup.com,0.2,Charge on Production
Moon and Stars,1309,SAMPLE_1309,Sample Product 1309,PX0001309,PX0001309,999,Moon Stars LMS Account,999,PSTR,ARCHIVED,Stars,M0001,NULL,1309,PACK 5,999,ProductOwner2@MoonStars.co.uk,ProductManager1@theapsgroup.com,0,Charge on Production
Moon and Stars,1310,SAMPLE_1310,Sample Product 1310,PX0001310,PX0001310,999,Moon Stars LMS Account,999,BN,DRAFT,Sun,M0001,NULL,1310,SINGLE,999,ProductOwner1@MoonStars.co.uk,ProductManager1@theapsgroup.com,0,Charge on Production
Moon and Stars,1311,SAMPLE_1311,Sample Product 1311,PX0001311,PX0001311,999,Moon Stars LMS Account,999,GNPR,DRAFT,Stars,M0001,NULL,1311,SINGLE,999,ProductOwner2@MoonStars.co.uk,ProductManager2@theapsgroup.com,0.2,Charge on Production
Moon and Stars,1312,SAMPLE_1312,Sample Product 1312,PX0001312,PX0001312,999,Moon Stars LMS Account,999,GNPR,DRAFT,Stars,M0002,NULL,1312,PACK 20,999,ProductOwner3@MoonStars.co.uk,ProductManager1@theapsgroup.com,0,Charge on Production
Moon and Stars,1313,SAMPLE_1313,Sample Product 1313,PX0001313,PX0001313,999,Moon Stars LMS Account,999,GNPR,DRAFT,Moon,M0001,NULL,1313,PACK 20,999,ProductOwner1@MoonStars.co.uk,ProductManager3@theapsgroup.com,0,Charge on Production
Moon and Stars,1314,SAMPLE_1314,Sample Product 1314,PX0001314,PX0001314,999,Moon Stars LMS Account,999,GNPR,DRAFT,Moon,M0001,NULL,1314,SINGLE,999,ProductOwner1@MoonStars.co.uk,ProductManager3@theapsgroup.com,0.2,Charge on Production
Moon and Stars,1315,SAMPLE_1315,Sample Product 1315,PX0001315,PX0001315,999,Moon Stars LMS Account,999,GNPR,DRAFT,Stars,M0001,NULL,1315,SINGLE,999,ProductOwner1@MoonStars.co.uk,ProductManager2@theapsgroup.com,0,Charge on Production
Moon and Stars,1316,SAMPLE_1316,Sample Product 1316,PX0001316,PX0001316,999,Moon Stars LMS Account,999,GNPR,DRAFT,Moon,M0002,NULL,1316,PACK 20,999,ProductOwner3@MoonStars.co.uk,ProductManager3@theapsgroup.com,0,Charge on Production
Moon and Stars,1317,SAMPLE_1317,Sample Product 1317,PX0001317,PX0001317,999,Moon Stars LMS Account,999,PROM,DRAFT,Moon,M0001,NULL,1317,PACK 20,999,ProductOwner1@MoonStars.co.uk,ProductManager4@theapsgroup.com,0,Charge on Production
Moon and Stars,1318,SAMPLE_1318,Sample Product 1318,PX0001318,PX0001318,999,Moon Stars LMS Account,999,POSA,DRAFT,Moon,M0002,NULL,1318,SINGLE,999,ProductOwner3@MoonStars.co.uk,ProductManager1@theapsgroup.com,0,Charge on Production
Moon and Stars,1319,SAMPLE_1319,Sample Product 1319,PX0001319,PX0001319,999,Moon Stars LMS Account,999,FOLD,DRAFT,Sun,M0001,NULL,1319,PACK 10,999,ProductOwner2@MoonStars.co.uk,ProductManager2@theapsgroup.com,0.2,Charge on Production
Moon and Stars,1320,SAMPLE_1320,Sample Product 1320,PX0001320,PX0001320,999,Moon Stars LMS Account,999,PSTR,DRAFT,Moon,M0001,NULL,1320,SINGLE,999,ProductOwner1@MoonStars.co.uk,ProductManager1@theapsgroup.com,0,Charge on Production
Moon and Stars,1321,SAMPLE_1321,Sample Product 1321,PX0001321,PX0001321,999,Moon Stars LMS Account,999,LFLT,DRAFT,Sun,M0001,NULL,1321,PACK 100,999,ProductOwner2@MoonStars.co.uk,ProductManager1@theapsgroup.com,0,Charge on Production
Moon and Stars,1322,SAMPLE_1322,Sample Product 1322,PX0001322,PX0001322,999,Moon Stars LMS Account,999,PROM,DRAFT,Moon,M0001,NULL,1322,SINGLE,999,ProductOwner2@MoonStars.co.uk,ProductManager4@theapsgroup.com,0,Charge on Production
Moon and Stars,1323,SAMPLE_1323,Sample Product 1323,PX0001323,PX0001323,999,Moon Stars LMS Account,999,GNPR,DRAFT,Moon,M0003,NULL,1323,SINGLE,999,ProductOwner4@MoonStars.co.uk,ProductManager4@theapsgroup.com,0,Charge on Production
Moon and Stars,1324,SAMPLE_1324,Sample Product 1324,PX0001324,PX0001324,999,Moon Stars LMS Account,999,CARD,DRAFT,Stars,M0001,NULL,1324,SINGLE,999,ProductOwner2@MoonStars.co.uk,ProductManager4@theapsgroup.com,0.2,Charge on Production
Moon and Stars,1325,SAMPLE_1325,Sample Product 1325,PX0001325,PX0001325,999,Moon Stars LMS Account,999,ENVE,DRAFT,Sun,M0001,NULL,1325,SINGLE,999,ProductOwner1@MoonStars.co.uk,ProductManager1@theapsgroup.com,0,Charge on Production
Moon and Stars,1326,SAMPLE_1326,Sample Product 1326,PX0001326,PX0001326,999,Moon Stars LMS Account,999,GNPR,DRAFT,Sun,M0002,NULL,1326,PACK 10,999,ProductOwner3@MoonStars.co.uk,ProductManager3@theapsgroup.com,0,Charge on Production
Moon and Stars,1327,SAMPLE_1327,Sample Product 1327,PX0001327,PX0001327,999,Moon Stars LMS Account,999,GNPR,DRAFT,Moon,M0001,NULL,1327,PACK 10,999,ProductOwner1@MoonStars.co.uk,ProductManager2@theapsgroup.com,0,Charge on Production
Moon and Stars,1328,SAMPLE_1328,Sample Product 1328,PX0001328,PX0001328,999,Moon Stars LMS Account,999,GNPR,DRAFT,Sun,M0001,NULL,1328,PACK 20,999,ProductOwner1@MoonStars.co.uk,ProductManager3@theapsgroup.com,0.2,Charge on Production
Moon and Stars,1329,SAMPLE_1329,Sample Product 1329,PX0001329,PX0001329,999,Moon Stars LMS Account,999,GNPR,DRAFT,Moon,M0001,NULL,1329,PACK 50,999,ProductOwner2@MoonStars.co.uk,ProductManager1@theapsgroup.com,0,Charge on Production
Moon and Stars,1330,SAMPLE_1330,Sample Product 1330,PX0001330,PX0001330,999,Moon Stars LMS Account,999,FORM,DRAFT,Moon,M0001,NULL,1330,PACK 50,999,ProductOwner1@MoonStars.co.uk,ProductManager1@theapsgroup.com,0,Charge on Production
Moon and Stars,1331,SAMPLE_1331,Sample Product 1331,PX0001331,PX0001331,999,Moon Stars LMS Account,999,MISC,DRAFT,Moon,M0001,NULL,1331,PACK 50,999,ProductOwner2@MoonStars.co.uk,ProductManager2@theapsgroup.com,0.2,Charge on Production
Moon and Stars,1332,SAMPLE_1332,Sample Product 1332,PX0001332,PX0001332,999,Moon Stars LMS Account,999,GNPR,DRAFT,Moon,M0002,NULL,1332,SINGLE,999,ProductOwner3@MoonStars.co.uk,ProductManager1@theapsgroup.com,0,Charge on Production
Moon and Stars,1333,SAMPLE_1333,Sample Product 1333,PX0001333,PX0001333,999,Moon Stars LMS Account,999,LABL,DRAFT,Moon,M0001,NULL,1333,SINGLE,999,ProductOwner1@MoonStars.co.uk,ProductManager3@theapsgroup.com,0,Charge on Production
Moon and Stars,1334,SAMPLE_1334,Sample Product 1334,PX0001334,PX0001334,999,Moon Stars LMS Account,999,GNPR,DRAFT,Sun,M0001,NULL,1334,SINGLE,999,ProductOwner1@MoonStars.co.uk,ProductManager3@theapsgroup.com,0.2,Charge on Production
Moon and Stars,1335,SAMPLE_1335,Sample Product 1335,PX0001335,PX0001335,999,Moon Stars LMS Account,999,BN,DRAFT,Moon,M0001,NULL,1335,SINGLE,999,ProductOwner1@MoonStars.co.uk,ProductManager2@theapsgroup.com,0,Charge on Production
Moon and Stars,1336,SAMPLE_1336,Sample Product 1336,PX0001336,PX0001336,999,Moon Stars LMS Account,999,GNPR,DRAFT,Stars,M0002,NULL,1336,SINGLE,999,ProductOwner3@MoonStars.co.uk,ProductManager3@theapsgroup.com,0,Charge on Production
Moon and Stars,1337,SAMPLE_1337,Sample Product 1337,PX0001337,PX0001337,999,Moon Stars LMS Account,999,PSTR,DRAFT,Stars,M0001,NULL,1337,SINGLE,999,ProductOwner1@MoonStars.co.uk,ProductManager4@theapsgroup.com,0,Charge on Production
Moon and Stars,1338,SAMPLE_1338,Sample Product 1338,PX0001338,PX0001338,999,Moon Stars LMS Account,999,GNPR,DRAFT,Moon,M0002,NULL,1338,SINGLE,999,ProductOwner3@MoonStars.co.uk,ProductManager1@theapsgroup.com,0,Charge on Production
Moon and Stars,1339,SAMPLE_1339,Sample Product 1339,PX0001339,PX0001339,999,Moon Stars LMS Account,999,PSTR,DRAFT,Stars,M0001,NULL,1339,SINGLE,999,ProductOwner2@MoonStars.co.uk,ProductManager2@theapsgroup.com,0.2,Charge on Production
Moon and Stars,1340,SAMPLE_1340,Sample Product 1340,PX0001340,PX0001340,999,Moon Stars LMS Account,999,FORM,DRAFT,Stars,M0001,NULL,1340,SINGLE,999,ProductOwner1@MoonStars.co.uk,ProductManager1@theapsgroup.com,0,Charge on Production
Moon and Stars,1341,SAMPLE_1341,Sample Product 1341,PX0001341,PX0001341,999,Moon Stars LMS Account,999,MISC,DRAFT,Sun,M0001,NULL,1341,SINGLE,999,ProductOwner2@MoonStars.co.uk,ProductManager1@theapsgroup.com,0,Charge on Production
Moon and Stars,1342,SAMPLE_1342,Sample Product 1342,PX0001342,PX0001342,999,Moon Stars LMS Account,999,MISC,DRAFT,Moon,M0001,NULL,1342,SINGLE,999,ProductOwner2@MoonStars.co.uk,ProductManager4@theapsgroup.com,0,Charge on Production
Moon and Stars,1343,SAMPLE_1343,Sample Product 1343,PX0001343,PX0001343,999,Moon Stars LMS Account,999,MISC,DRAFT,Sun,M0003,NULL,1343,SINGLE,999,ProductOwner4@MoonStars.co.uk,ProductManager4@theapsgroup.com,0,Charge on Production
Moon and Stars,1344,SAMPLE_1344,Sample Product 1344,PX0001344,PX0001344,999,Moon Stars LMS Account,999,LFLT,DRAFT,Moon,M0001,NULL,1344,SINGLE,999,ProductOwner2@MoonStars.co.uk,ProductManager4@theapsgroup.com,0.2,Charge on Production
Moon and Stars,1345,SAMPLE_1345,Sample Product 1345,PX0001345,PX0001345,999,Moon Stars LMS Account,999,LFLT,DRAFT,Moon,M0001,NULL,1345,SINGLE,999,ProductOwner1@MoonStars.co.uk,ProductManager1@theapsgroup.com,0,Charge on Production
Moon and Stars,1346,SAMPLE_1346,Sample Product 1346,PX0001346,PX0001346,999,Moon Stars LMS Account,999,MISC,DRAFT,Sun,M0002,NULL,1346,SINGLE,999,ProductOwner3@MoonStars.co.uk,ProductManager3@theapsgroup.com,0,Charge on Production
Moon and Stars,1347,SAMPLE_1347,Sample Product 1347,PX0001347,PX0001347,999,Moon Stars LMS Account,999,MISC,DRAFT,Stars,M0001,NULL,1347,SINGLE,999,ProductOwner1@MoonStars.co.uk,ProductManager2@theapsgroup.com,0,Charge on Production
Moon and Stars,1348,SAMPLE_1348,Sample Product 1348,PX0001348,PX0001348,999,Moon Stars LMS Account,999,PROM,DRAFT,Stars,M0001,NULL,1348,SINGLE,999,ProductOwner1@MoonStars.co.uk,ProductManager3@theapsgroup.com,0.2,Charge on Production
Moon and Stars,1349,SAMPLE_1349,Sample Product 1349,PX0001349,PX0001349,999,Moon Stars LMS Account,999,GNPR,DRAFT,Moon,M0001,NULL,1349,SINGLE,999,ProductOwner2@MoonStars.co.uk,ProductManager1@theapsgroup.com,0,Charge on Production
Moon and Stars,1350,SAMPLE_1350,Sample Product 1350,PX0001350,PX0001350,999,Moon Stars LMS Account,999,BN,DRAFT,Sun,M0001,NULL,1350,SINGLE,999,ProductOwner1@MoonStars.co.uk,ProductManager1@theapsgroup.com,0,Charge on Production
Moon and Stars,1351,SAMPLE_1351,Sample Product 1351,PX0001351,PX0001351,999,Moon Stars LMS Account,999,GNPR,DRAFT,Sun,M0001,NULL,1351,SINGLE,999,ProductOwner2@MoonStars.co.uk,ProductManager2@theapsgroup.com,0.2,Charge on Production
Moon and Stars,1352,SAMPLE_1352,Sample Product 1352,PX0001352,PX0001352,999,Moon Stars LMS Account,999,GNPR,DRAFT,Sun,M0002,NULL,1352,PACK 5,999,ProductOwner3@MoonStars.co.uk,ProductManager1@theapsgroup.com,0,Charge on Production
Moon and Stars,1353,SAMPLE_1353,Sample Product 1353,PX0001353,PX0001353,999,Moon Stars LMS Account,999,GNPR,DRAFT,Moon,M0001,NULL,1353,PACK 10,999,ProductOwner1@MoonStars.co.uk,ProductManager3@theapsgroup.com,0,Charge on Production
Moon and Stars,1354,SAMPLE_1354,Sample Product 1354,PX0001354,PX0001354,999,Moon Stars LMS Account,999,GNPR,DRAFT,Sun,M0001,NULL,1354,PACK 10,999,ProductOwner1@MoonStars.co.uk,ProductManager3@theapsgroup.com,0.2,Charge on Production
Moon and Stars,1355,SAMPLE_1355,Sample Product 1355,PX0001355,PX0001355,999,Moon Stars LMS Account,999,GNPR,DRAFT,Stars,M0001,NULL,1355,PACK 5,999,ProductOwner1@MoonStars.co.uk,ProductManager2@theapsgroup.com,0,Charge on Production
Moon and Stars,1356,SAMPLE_1356,Sample Product 1356,PX0001356,PX0001356,999,Moon Stars LMS Account,999,GNPR,DRAFT,Moon,M0002,NULL,1356,PACK 10,999,ProductOwner3@MoonStars.co.uk,ProductManager3@theapsgroup.com,0,Charge on Production
Moon and Stars,1357,SAMPLE_1357,Sample Product 1357,PX0001357,PX0001357,999,Moon Stars LMS Account,999,GNPR,DRAFT,Stars,M0001,NULL,1357,PACK 10,999,ProductOwner1@MoonStars.co.uk,ProductManager4@theapsgroup.com,0,Charge on Production
Moon and Stars,1358,SAMPLE_1358,Sample Product 1358,PX0001358,PX0001358,999,Moon Stars LMS Account,999,PSTR,DRAFT,Moon,M0002,NULL,1358,SINGLE,999,ProductOwner3@MoonStars.co.uk,ProductManager1@theapsgroup.com,0,Charge on Production
Moon and Stars,1359,SAMPLE_1359,Sample Product 1359,PX0001359,PX0001359,999,Moon Stars LMS Account,999,PSTR,DRAFT,Sun,M0001,NULL,1359,SINGLE,999,ProductOwner2@MoonStars.co.uk,ProductManager2@theapsgroup.com,0.2,Charge on Production
Moon and Stars,1360,SAMPLE_1360,Sample Product 1360,PX0001360,PX0001360,999,Moon Stars LMS Account,999,PSTR,DRAFT,Moon,M0001,NULL,1360,SINGLE,999,ProductOwner1@MoonStars.co.uk,ProductManager1@theapsgroup.com,0,Charge on Production
Moon and Stars,1361,SAMPLE_1361,Sample Product 1361,PX0001361,PX0001361,999,Moon Stars LMS Account,999,PSTR,DRAFT,Stars,M0001,NULL,1361,SINGLE,999,ProductOwner2@MoonStars.co.uk,ProductManager1@theapsgroup.com,0,Charge on Production
Moon and Stars,1362,SAMPLE_1362,Sample Product 1362,PX0001362,PX0001362,999,Moon Stars LMS Account,999,PSTR,DRAFT,Moon,M0001,NULL,1362,SINGLE,999,ProductOwner2@MoonStars.co.uk,ProductManager4@theapsgroup.com,0,Charge on Production
Moon and Stars,1363,SAMPLE_1363,Sample Product 1363,PX0001363,PX0001363,999,Moon Stars LMS Account,999,PSTR,DRAFT,Sun,M0003,NULL,1363,SINGLE,999,ProductOwner4@MoonStars.co.uk,ProductManager4@theapsgroup.com,0,Charge on Production
Moon and Stars,1364,SAMPLE_1364,Sample Product 1364,PX0001364,PX0001364,999,Moon Stars LMS Account,999,PSTR,DRAFT,Sun,M0001,NULL,1364,SINGLE,999,ProductOwner2@MoonStars.co.uk,ProductManager4@theapsgroup.com,0.2,Charge on Production
Moon and Stars,1365,SAMPLE_1365,Sample Product 1365,PX0001365,PX0001365,999,Moon Stars LMS Account,999,PSTR,DRAFT,Stars,M0001,NULL,1365,SINGLE,999,ProductOwner1@MoonStars.co.uk,ProductManager1@theapsgroup.com,0,Charge on Production
Moon and Stars,1366,SAMPLE_1366,Sample Product 1366,PX0001366,PX0001366,999,Moon Stars LMS Account,999,PSTR,DRAFT,Stars,M0002,NULL,1366,SINGLE,999,ProductOwner3@MoonStars.co.uk,ProductManager3@theapsgroup.com,0,Charge on Production
Moon and Stars,1367,SAMPLE_1367,Sample Product 1367,PX0001367,PX0001367,999,Moon Stars LMS Account,999,PSTR,DRAFT,Moon,M0001,NULL,1367,SINGLE,999,ProductOwner1@MoonStars.co.uk,ProductManager2@theapsgroup.com,0,Charge on Production
Moon and Stars,1368,SAMPLE_1368,Sample Product 1368,PX0001368,PX0001368,999,Moon Stars LMS Account,999,PSTR,DRAFT,Stars,M0001,NULL,1368,SINGLE,999,ProductOwner1@MoonStars.co.uk,ProductManager3@theapsgroup.com,0.2,Charge on Production
Moon and Stars,1369,SAMPLE_1369,Sample Product 1369,PX0001369,PX0001369,999,Moon Stars LMS Account,999,PSTR,DRAFT,Stars,M0001,NULL,1369,SINGLE,999,ProductOwner2@MoonStars.co.uk,ProductManager1@theapsgroup.com,0,Charge on Production
Moon and Stars,1370,SAMPLE_1370,Sample Product 1370,PX0001370,PX0001370,999,Moon Stars LMS Account,999,PSTR,DRAFT,Stars,M0001,NULL,1370,SINGLE,999,ProductOwner1@MoonStars.co.uk,ProductManager1@theapsgroup.com,0,Charge on Production
Moon and Stars,1371,SAMPLE_1371,Sample Product 1371,PX0001371,PX0001371,999,Moon Stars LMS Account,999,PSTR,DRAFT,Moon,M0001,NULL,1371,SINGLE,999,ProductOwner2@MoonStars.co.uk,ProductManager2@theapsgroup.com,0.2,Charge on Production
Moon and Stars,1372,SAMPLE_1372,Sample Product 1372,PX0001372,PX0001372,999,Moon Stars LMS Account,999,PSTR,DRAFT,Stars,M0002,NULL,1372,SINGLE,999,ProductOwner3@MoonStars.co.uk,ProductManager1@theapsgroup.com,0,Charge on Production
Moon and Stars,1373,SAMPLE_1373,Sample Product 1373,PX0001373,PX0001373,999,Moon Stars LMS Account,999,PSTR,DRAFT,Moon,M0001,NULL,1373,SINGLE,999,ProductOwner1@MoonStars.co.uk,ProductManager3@theapsgroup.com,0,Charge on Production
Moon and Stars,1374,SAMPLE_1374,Sample Product 1374,PX0001374,PX0001374,999,Moon Stars LMS Account,999,PSTR,DRAFT,Sun,M0001,NULL,1374,SINGLE,999,ProductOwner1@MoonStars.co.uk,ProductManager3@theapsgroup.com,0.2,Charge on Production
Moon and Stars,1375,SAMPLE_1375,Sample Product 1375,PX0001375,PX0001375,999,Moon Stars LMS Account,999,PSTR,DRAFT,Sun,M0001,NULL,1375,SINGLE,999,ProductOwner1@MoonStars.co.uk,ProductManager2@theapsgroup.com,0,Charge on Production
Moon and Stars,1376,SAMPLE_1376,Sample Product 1376,PX0001376,PX0001376,999,Moon Stars LMS Account,999,PSTR,DRAFT,Sun,M0002,NULL,1376,SINGLE,999,ProductOwner3@MoonStars.co.uk,ProductManager3@theapsgroup.com,0,Charge on Production
Moon and Stars,1377,SAMPLE_1377,Sample Product 1377,PX0001377,PX0001377,999,Moon Stars LMS Account,999,PSTR,DRAFT,Stars,M0001,NULL,1377,SINGLE,999,ProductOwner1@MoonStars.co.uk,ProductManager4@theapsgroup.com,0,Charge on Production
Moon and Stars,1378,SAMPLE_1378,Sample Product 1378,PX0001378,PX0001378,999,Moon Stars LMS Account,999,PSTR,DRAFT,Moon,M0002,NULL,1378,SINGLE,999,ProductOwner3@MoonStars.co.uk,ProductManager1@theapsgroup.com,0,Charge on Production
Moon and Stars,1379,SAMPLE_1379,Sample Product 1379,PX0001379,PX0001379,999,Moon Stars LMS Account,999,PSTR,DRAFT,Moon,M0001,NULL,1379,SINGLE,999,ProductOwner2@MoonStars.co.uk,ProductManager2@theapsgroup.com,0.2,Charge on Production
Moon and Stars,1380,SAMPLE_1380,Sample Product 1380,PX0001380,PX0001380,999,Moon Stars LMS Account,999,PSTR,DRAFT,Stars,M0001,NULL,1380,SINGLE,999,ProductOwner1@MoonStars.co.uk,ProductManager1@theapsgroup.com,0,Charge on Production
Moon and Stars,1381,SAMPLE_1381,Sample Product 1381,PX0001381,PX0001381,999,Moon Stars LMS Account,999,PSTR,DRAFT,Sun,M0001,NULL,1381,SINGLE,999,ProductOwner2@MoonStars.co.uk,ProductManager1@theapsgroup.com,0,Charge on Production
Moon and Stars,1382,SAMPLE_1382,Sample Product 1382,PX0001382,PX0001382,999,Moon Stars LMS Account,999,PSTR,DRAFT,Moon,M0001,NULL,1382,SINGLE,999,ProductOwner2@MoonStars.co.uk,ProductManager4@theapsgroup.com,0,Charge on Production
Moon and Stars,1383,SAMPLE_1383,Sample Product 1383,PX0001383,PX0001383,999,Moon Stars LMS Account,999,PSTR,DRAFT,Stars,M0003,NULL,1383,SINGLE,999,ProductOwner4@MoonStars.co.uk,ProductManager4@theapsgroup.com,0,Charge on Production
Moon and Stars,1384,SAMPLE_1384,Sample Product 1384,PX0001384,PX0001384,999,Moon Stars LMS Account,999,PSTR,DRAFT,Moon,M0001,NULL,1384,SINGLE,999,ProductOwner2@MoonStars.co.uk,ProductManager4@theapsgroup.com,0.2,Charge on Production
Moon and Stars,1385,SAMPLE_1385,Sample Product 1385,PX0001385,PX0001385,999,Moon Stars LMS Account,999,LFLT,DRAFT,Moon,M0001,NULL,1385,SINGLE,999,ProductOwner1@MoonStars.co.uk,ProductManager1@theapsgroup.com,0,Charge on Production
Moon and Stars,1386,SAMPLE_1386,Sample Product 1386,PX0001386,PX0001386,999,Moon Stars LMS Account,999,LFLT,DRAFT,Stars,M0002,NULL,1386,SINGLE,999,ProductOwner3@MoonStars.co.uk,ProductManager3@theapsgroup.com,0,Charge on Production
Moon and Stars,1387,SAMPLE_1387,Sample Product 1387,PX0001387,PX0001387,999,Moon Stars LMS Account,999,LFLT,DRAFT,Stars,M0001,NULL,1387,SINGLE,999,ProductOwner1@MoonStars.co.uk,ProductManager2@theapsgroup.com,0,Charge on Production
Moon and Stars,1388,SAMPLE_1388,Sample Product 1388,PX0001388,PX0001388,999,Moon Stars LMS Account,999,LFLT,DRAFT,Moon,M0001,NULL,1388,SINGLE,999,ProductOwner1@MoonStars.co.uk,ProductManager3@theapsgroup.com,0.2,Charge on Production
Moon and Stars,1389,SAMPLE_1389,Sample Product 1389,PX0001389,PX0001389,999,Moon Stars LMS Account,999,LABL,DRAFT,Stars,M0001,NULL,1389,SINGLE,999,ProductOwner2@MoonStars.co.uk,ProductManager1@theapsgroup.com,0,Charge on Production
Moon and Stars,1390,SAMPLE_1390,Sample Product 1390,PX0001390,PX0001390,999,Moon Stars LMS Account,999,PSTR,DRAFT,Sun,M0001,NULL,1390,SINGLE,999,ProductOwner1@MoonStars.co.uk,ProductManager1@theapsgroup.com,0,Charge on Production
Moon and Stars,1391,SAMPLE_1391,Sample Product 1391,PX0001391,PX0001391,999,Moon Stars LMS Account,999,PSTR,DRAFT,Sun,M0001,NULL,1391,SINGLE,999,ProductOwner2@MoonStars.co.uk,ProductManager2@theapsgroup.com,0.2,Charge on Production
Moon and Stars,1392,SAMPLE_1392,Sample Product 1392,PX0001392,PX0001392,999,Moon Stars LMS Account,999,PSTR,DRAFT,Stars,M0002,NULL,1392,SINGLE,999,ProductOwner3@MoonStars.co.uk,ProductManager1@theapsgroup.com,0,Charge on Production
Moon and Stars,1393,SAMPLE_1393,Sample Product 1393,PX0001393,PX0001393,999,Moon Stars LMS Account,999,PSTR,DRAFT,Sun,M0001,NULL,1393,SINGLE,999,ProductOwner1@MoonStars.co.uk,ProductManager3@theapsgroup.com,0,Charge on Production
Moon and Stars,1394,SAMPLE_1394,Sample Product 1394,PX0001394,PX0001394,999,Moon Stars LMS Account,999,GNPR,DRAFT,Moon,M0001,NULL,1394,SINGLE,999,ProductOwner1@MoonStars.co.uk,ProductManager3@theapsgroup.com,0.2,Charge on Production
Moon and Stars,1395,SAMPLE_1395,Sample Product 1395,PX0001395,PX0001395,999,Moon Stars LMS Account,999,GNPR,DRAFT,Moon,M0001,NULL,1395,SINGLE,999,ProductOwner1@MoonStars.co.uk,ProductManager2@theapsgroup.com,0,Charge on Production
Moon and Stars,1396,SAMPLE_1396,Sample Product 1396,PX0001396,PX0001396,999,Moon Stars LMS Account,999,LFLT,DRAFT,Stars,M0002,NULL,1396,SINGLE,999,ProductOwner3@MoonStars.co.uk,ProductManager3@theapsgroup.com,0,Charge on Production
Moon and Stars,1397,SAMPLE_1397,Sample Product 1397,PX0001397,PX0001397,999,Moon Stars LMS Account,999,LFLT,DRAFT,Sun,M0001,NULL,1397,SINGLE,999,ProductOwner1@MoonStars.co.uk,ProductManager4@theapsgroup.com,0,Charge on Production
Moon and Stars,1398,SAMPLE_1398,Sample Product 1398,PX0001398,PX0001398,999,Moon Stars LMS Account,999,LFLT,DRAFT,Moon,M0002,NULL,1398,SINGLE,999,ProductOwner3@MoonStars.co.uk,ProductManager1@theapsgroup.com,0,Charge on Production
Moon and Stars,1399,SAMPLE_1399,Sample Product 1399,PX0001399,PX0001399,999,Moon Stars LMS Account,999,LFLT,DRAFT,Moon,M0001,NULL,1399,SINGLE,999,ProductOwner2@MoonStars.co.uk,ProductManager2@theapsgroup.com,0.2,Charge on Production
Moon and Stars,1400,SAMPLE_1400,Sample Product 1400,PX0001400,PX0001400,999,Moon Stars LMS Account,999,LFLT,DRAFT,Stars,M0001,NULL,1400,SINGLE,999,ProductOwner1@MoonStars.co.uk,ProductManager1@theapsgroup.com,0,Charge on Production
Moon and Stars,1401,SAMPLE_1401,Sample Product 1401,PX0001401,PX0001401,999,Moon Stars LMS Account,999,LFLT,DRAFT,Sun,M0001,NULL,1401,SINGLE,999,ProductOwner2@MoonStars.co.uk,ProductManager1@theapsgroup.com,0,Charge on Production
Moon and Stars,1402,SAMPLE_1402,Sample Product 1402,PX0001402,PX0001402,999,Moon Stars LMS Account,999,LFLT,DRAFT,Sun,M0001,NULL,1402,SINGLE,999,ProductOwner2@MoonStars.co.uk,ProductManager4@theapsgroup.com,0,Charge on Production
Moon and Stars,1403,SAMPLE_1403,Sample Product 1403,PX0001403,PX0001403,999,Moon Stars LMS Account,999,LFLT,DRAFT,Moon,M0003,NULL,1403,SINGLE,999,ProductOwner4@MoonStars.co.uk,ProductManager4@theapsgroup.com,0,Charge on Production
Moon and Stars,1404,SAMPLE_1404,Sample Product 1404,PX0001404,PX0001404,999,Moon Stars LMS Account,999,LFLT,DRAFT,Stars,M0001,NULL,1404,SINGLE,999,ProductOwner2@MoonStars.co.uk,ProductManager4@theapsgroup.com,0.2,Charge on Production
Moon and Stars,1405,SAMPLE_1405,Sample Product 1405,PX0001405,PX0001405,999,Moon Stars LMS Account,999,LFLT,DRAFT,Moon,M0001,NULL,1405,SINGLE,999,ProductOwner1@MoonStars.co.uk,ProductManager1@theapsgroup.com,0,Charge on Production
Moon and Stars,1406,SAMPLE_1406,Sample Product 1406,PX0001406,PX0001406,999,Moon Stars LMS Account,999,LFLT,DRAFT,Stars,M0002,NULL,1406,SINGLE,999,ProductOwner3@MoonStars.co.uk,ProductManager3@theapsgroup.com,0,Charge on Production
Moon and Stars,1407,SAMPLE_1407,Sample Product 1407,PX0001407,PX0001407,999,Moon Stars LMS Account,999,LFLT,DRAFT,Stars,M0001,NULL,1407,SINGLE,999,ProductOwner1@MoonStars.co.uk,ProductManager2@theapsgroup.com,0,Charge on Production
Moon and Stars,1408,SAMPLE_1408,Sample Product 1408,PX0001408,PX0001408,999,Moon Stars LMS Account,999,LFLT,DRAFT,Moon,M0001,NULL,1408,SINGLE,999,ProductOwner1@MoonStars.co.uk,ProductManager3@theapsgroup.com,0.2,Charge on Production
Moon and Stars,1409,SAMPLE_1409,Sample Product 1409,PX0001409,PX0001409,999,Moon Stars LMS Account,999,LFLT,DRAFT,Moon,M0001,NULL,1409,SINGLE,999,ProductOwner2@MoonStars.co.uk,ProductManager1@theapsgroup.com,0,Charge on Production
Moon and Stars,1410,SAMPLE_1410,Sample Product 1410,PX0001410,PX0001410,999,Moon Stars LMS Account,999,LFLT,DRAFT,Moon,M0001,NULL,1410,SINGLE,999,ProductOwner1@MoonStars.co.uk,ProductManager1@theapsgroup.com,0,Charge on Production
Moon and Stars,1411,SAMPLE_1411,Sample Product 1411,PX0001411,PX0001411,999,Moon Stars LMS Account,999,LFLT,DRAFT,Sun,M0001,NULL,1411,SINGLE,999,ProductOwner2@MoonStars.co.uk,ProductManager2@theapsgroup.com,0.2,Charge on Production
Moon and Stars,1412,SAMPLE_1412,Sample Product 1412,PX0001412,PX0001412,999,Moon Stars LMS Account,999,LFLT,DRAFT,Stars,M0002,NULL,1412,SINGLE,999,ProductOwner3@MoonStars.co.uk,ProductManager1@theapsgroup.com,0,Charge on Production
Moon and Stars,1413,SAMPLE_1413,Sample Product 1413,PX0001413,PX0001413,999,Moon Stars LMS Account,999,LFLT,DRAFT,Sun,M0001,NULL,1413,SINGLE,999,ProductOwner1@MoonStars.co.uk,ProductManager3@theapsgroup.com,0,Charge on Production
Moon and Stars,1414,SAMPLE_1414,Sample Product 1414,PX0001414,PX0001414,999,Moon Stars LMS Account,999,LFLT,DRAFT,Sun,M0001,NULL,1414,SINGLE,999,ProductOwner1@MoonStars.co.uk,ProductManager3@theapsgroup.com,0.2,Charge on Production
Moon and Stars,1415,SAMPLE_1415,Sample Product 1415,PX0001415,PX0001415,999,Moon Stars LMS Account,999,LFLT,DRAFT,Sun,M0001,NULL,1415,SINGLE,999,ProductOwner1@MoonStars.co.uk,ProductManager2@theapsgroup.com,0,Charge on Production
Moon and Stars,1416,SAMPLE_1416,Sample Product 1416,PX0001416,PX0001416,999,Moon Stars LMS Account,999,LFLT,DRAFT,Stars,M0002,NULL,1416,SINGLE,999,ProductOwner3@MoonStars.co.uk,ProductManager3@theapsgroup.com,0,Charge on Production
Moon and Stars,1417,SAMPLE_1417,Sample Product 1417,PX0001417,PX0001417,999,Moon Stars LMS Account,999,GNPR,DRAFT,Stars,M0001,NULL,1417,SINGLE,999,ProductOwner1@MoonStars.co.uk,ProductManager4@theapsgroup.com,0,Charge on Production
Moon and Stars,1418,SAMPLE_1418,Sample Product 1418,PX0001418,PX0001418,999,Moon Stars LMS Account,999,GNPR,DRAFT,Sun,M0002,NULL,1418,SINGLE,999,ProductOwner3@MoonStars.co.uk,ProductManager1@theapsgroup.com,0,Charge on Production
Moon and Stars,1419,SAMPLE_1419,Sample Product 1419,PX0001419,PX0001419,999,Moon Stars LMS Account,999,GNPR,DRAFT,Stars,M0001,NULL,1419,SINGLE,999,ProductOwner2@MoonStars.co.uk,ProductManager2@theapsgroup.com,0.2,Charge on Production
Moon and Stars,1420,SAMPLE_1420,Sample Product 1420,PX0001420,PX0001420,999,Moon Stars LMS Account,999,GNPR,DRAFT,Stars,M0001,NULL,1420,SINGLE,999,ProductOwner1@MoonStars.co.uk,ProductManager1@theapsgroup.com,0,Charge on Production
Moon and Stars,1421,SAMPLE_1421,Sample Product 1421,PX0001421,PX0001421,999,Moon Stars LMS Account,999,GNPR,DRAFT,Stars,M0001,NULL,1421,PACK 15,999,ProductOwner2@MoonStars.co.uk,ProductManager1@theapsgroup.com,0,Charge on Production
Moon and Stars,1422,SAMPLE_1422,Sample Product 1422,PX0001422,PX0001422,999,Moon Stars LMS Account,999,GNPR,DRAFT,Moon,M0001,NULL,1422,PACK 16,999,ProductOwner2@MoonStars.co.uk,ProductManager4@theapsgroup.com,0,Charge on Production
Moon and Stars,1423,SAMPLE_1423,Sample Product 1423,PX0001423,PX0001423,999,Moon Stars LMS Account,999,GNPR,DRAFT,Sun,M0003,NULL,1423,SINGLE,999,ProductOwner4@MoonStars.co.uk,ProductManager4@theapsgroup.com,0,Charge on Production
Moon and Stars,1424,SAMPLE_1424,Sample Product 1424,PX0001424,PX0001424,999,Moon Stars LMS Account,999,GNPR,DRAFT,Moon,M0001,NULL,1424,PACK 20,999,ProductOwner2@MoonStars.co.uk,ProductManager4@theapsgroup.com,0.2,Charge on Production
Moon and Stars,1425,SAMPLE_1425,Sample Product 1425,PX0001425,PX0001425,999,Moon Stars LMS Account,999,GNPR,DRAFT,Sun,M0001,NULL,1425,PACK 20,999,ProductOwner1@MoonStars.co.uk,ProductManager1@theapsgroup.com,0,Charge on Production
Moon and Stars,1426,SAMPLE_1426,Sample Product 1426,PX0001426,PX0001426,999,Moon Stars LMS Account,999,GNPR,DRAFT,Stars,M0002,NULL,1426,PACK 20,999,ProductOwner3@MoonStars.co.uk,ProductManager3@theapsgroup.com,0,Charge on Production
Moon and Stars,1427,SAMPLE_1427,Sample Product 1427,PX0001427,PX0001427,999,Moon Stars LMS Account,999,GNPR,DRAFT,Stars,M0001,NULL,1427,PACK 60,999,ProductOwner1@MoonStars.co.uk,ProductManager2@theapsgroup.com,0,Charge on Production
Moon and Stars,1428,SAMPLE_1428,Sample Product 1428,PX0001428,PX0001428,999,Moon Stars LMS Account,999,GNPR,DRAFT,Sun,M0001,NULL,1428,PACK 20,999,ProductOwner1@MoonStars.co.uk,ProductManager3@theapsgroup.com,0.2,Charge on Production
Moon and Stars,1429,SAMPLE_1429,Sample Product 1429,PX0001429,PX0001429,999,Moon Stars LMS Account,999,GNPR,DRAFT,Sun,M0001,NULL,1429,PACK 20,999,ProductOwner2@MoonStars.co.uk,ProductManager1@theapsgroup.com,0,Charge on Production
Moon and Stars,1430,SAMPLE_1430,Sample Product 1430,PX0001430,PX0001430,999,Moon Stars LMS Account,999,GNPR,DRAFT,Sun,M0001,NULL,1430,PACK 20,999,ProductOwner1@MoonStars.co.uk,ProductManager1@theapsgroup.com,0,Charge on Production
Moon and Stars,1431,SAMPLE_1431,Sample Product 1431,PX0001431,PX0001431,999,Moon Stars LMS Account,999,GNPR,DRAFT,Stars,M0001,NULL,1431,PACK 20,999,ProductOwner2@MoonStars.co.uk,ProductManager2@theapsgroup.com,0.2,Charge on Production
Moon and Stars,1432,SAMPLE_1432,Sample Product 1432,PX0001432,PX0001432,999,Moon Stars LMS Account,999,GNPR,DRAFT,Stars,M0002,NULL,1432,PACK 20,999,ProductOwner3@MoonStars.co.uk,ProductManager1@theapsgroup.com,0,Charge on Production
Moon and Stars,1433,SAMPLE_1433,Sample Product 1433,PX0001433,PX0001433,999,Moon Stars LMS Account,999,GNPR,DRAFT,Sun,M0001,NULL,1433,PACK 20,999,ProductOwner1@MoonStars.co.uk,ProductManager3@theapsgroup.com,0,Charge on Production
Moon and Stars,1434,SAMPLE_1434,Sample Product 1434,PX0001434,PX0001434,999,Moon Stars LMS Account,999,GNPR,DRAFT,Stars,M0001,NULL,1434,PACK 20,999,ProductOwner1@MoonStars.co.uk,ProductManager3@theapsgroup.com,0.2,Charge on Production
Moon and Stars,1435,SAMPLE_1435,Sample Product 1435,PX0001435,PX0001435,999,Moon Stars LMS Account,999,GNPR,DRAFT,Stars,M0001,NULL,1435,PACK 20,999,ProductOwner1@MoonStars.co.uk,ProductManager2@theapsgroup.com,0,Charge on Production
Moon and Stars,1436,SAMPLE_1436,Sample Product 1436,PX0001436,PX0001436,999,Moon Stars LMS Account,999,GNPR,DRAFT,Moon,M0002,NULL,1436,PACK 20,999,ProductOwner3@MoonStars.co.uk,ProductManager3@theapsgroup.com,0,Charge on Production
Moon and Stars,1437,SAMPLE_1437,Sample Product 1437,PX0001437,PX0001437,999,Moon Stars LMS Account,999,GNPR,DRAFT,Sun,M0001,NULL,1437,PACK 20,999,ProductOwner1@MoonStars.co.uk,ProductManager4@theapsgroup.com,0,Charge on Production
Moon and Stars,1438,SAMPLE_1438,Sample Product 1438,PX0001438,PX0001438,999,Moon Stars LMS Account,999,GNPR,DRAFT,Stars,M0002,NULL,1438,PACK 20,999,ProductOwner3@MoonStars.co.uk,ProductManager1@theapsgroup.com,0,Charge on Production
Moon and Stars,1439,SAMPLE_1439,Sample Product 1439,PX0001439,PX0001439,999,Moon Stars LMS Account,999,GNPR,DRAFT,Moon,M0001,NULL,1439,PACK 20,999,ProductOwner2@MoonStars.co.uk,ProductManager2@theapsgroup.com,0.2,Charge on Production
Moon and Stars,1440,SAMPLE_1440,Sample Product 1440,PX0001440,PX0001440,999,Moon Stars LMS Account,999,GNPR,DRAFT,Stars,M0001,NULL,1440,PACK 20,999,ProductOwner1@MoonStars.co.uk,ProductManager1@theapsgroup.com,0,Charge on Production
Moon and Stars,1441,SAMPLE_1441,Sample Product 1441,PX0001441,PX0001441,999,Moon Stars LMS Account,999,GNPR,DRAFT,Stars,M0001,NULL,1441,PACK 20,999,ProductOwner2@MoonStars.co.uk,ProductManager1@theapsgroup.com,0,Charge on Production
Moon and Stars,1442,SAMPLE_1442,Sample Product 1442,PX0001442,PX0001442,999,Moon Stars LMS Account,999,GNPR,DRAFT,Moon,M0001,NULL,1442,PACK 20,999,ProductOwner2@MoonStars.co.uk,ProductManager4@theapsgroup.com,0,Charge on Production
Moon and Stars,1443,SAMPLE_1443,Sample Product 1443,PX0001443,PX0001443,999,Moon Stars LMS Account,999,GNPR,DRAFT,Moon,M0003,NULL,1443,PACK 20,999,ProductOwner4@MoonStars.co.uk,ProductManager4@theapsgroup.com,0,Charge on Production
Moon and Stars,1444,SAMPLE_1444,Sample Product 1444,PX0001444,PX0001444,999,Moon Stars LMS Account,999,GNPR,DRAFT,Sun,M0001,NULL,1444,PACK 20,999,ProductOwner2@MoonStars.co.uk,ProductManager4@theapsgroup.com,0.2,Charge on Production
Moon and Stars,1445,SAMPLE_1445,Sample Product 1445,PX0001445,PX0001445,999,Moon Stars LMS Account,999,GNPR,DRAFT,Stars,M0001,NULL,1445,PACK 20,999,ProductOwner1@MoonStars.co.uk,ProductManager1@theapsgroup.com,0,Charge on Production
Moon and Stars,1446,SAMPLE_1446,Sample Product 1446,PX0001446,PX0001446,999,Moon Stars LMS Account,999,GNPR,DRAFT,Moon,M0002,NULL,1446,PACK 20,999,ProductOwner3@MoonStars.co.uk,ProductManager3@theapsgroup.com,0,Charge on Production
Moon and Stars,1447,SAMPLE_1447,Sample Product 1447,PX0001447,PX0001447,999,Moon Stars LMS Account,999,BROC,DRAFT,Sun,M0001,NULL,1447,PACK 25,999,ProductOwner1@MoonStars.co.uk,ProductManager2@theapsgroup.com,0,Charge on Production
Moon and Stars,1448,SAMPLE_1448,Sample Product 1448,PX0001448,PX0001448,999,Moon Stars LMS Account,999,BROC,DRAFT,Stars,M0001,NULL,1448,PACK 25,999,ProductOwner1@MoonStars.co.uk,ProductManager3@theapsgroup.com,0.2,Charge on Production
Moon and Stars,1449,SAMPLE_1449,Sample Product 1449,PX0001449,PX0001449,999,Moon Stars LMS Account,999,BROC,DRAFT,Sun,M0001,NULL,1449,PACK 25,999,ProductOwner2@MoonStars.co.uk,ProductManager1@theapsgroup.com,0,Charge on Production
Moon and Stars,1450,SAMPLE_1450,Sample Product 1450,PX0001450,PX0001450,999,Moon Stars LMS Account,999,BROC,DRAFT,Moon,M0001,NULL,1450,PACK 25,999,ProductOwner1@MoonStars.co.uk,ProductManager1@theapsgroup.com,0,Charge on Production
Moon and Stars,1451,SAMPLE_1451,Sample Product 1451,PX0001451,PX0001451,999,Moon Stars LMS Account,999,GNPR,DRAFT,Stars,M0001,NULL,1451,PACK 25,999,ProductOwner2@MoonStars.co.uk,ProductManager2@theapsgroup.com,0.2,Charge on Production
Moon and Stars,1452,SAMPLE_1452,Sample Product 1452,PX0001452,PX0001452,999,Moon Stars LMS Account,999,BROC,DRAFT,Stars,M0002,NULL,1452,PACK 25,999,ProductOwner3@MoonStars.co.uk,ProductManager1@theapsgroup.com,0,Charge on Production
Moon and Stars,1453,SAMPLE_1453,Sample Product 1453,PX0001453,PX0001453,999,Moon Stars LMS Account,999,GNPR,DRAFT,Moon,M0001,NULL,1453,PACK 25,999,ProductOwner1@MoonStars.co.uk,ProductManager3@theapsgroup.com,0,Charge on Production
Moon and Stars,1454,SAMPLE_1454,Sample Product 1454,PX0001454,PX0001454,999,Moon Stars LMS Account,999,GNPR,DRAFT,Moon,M0001,NULL,1454,SINGLE,999,ProductOwner1@MoonStars.co.uk,ProductManager3@theapsgroup.com,0.2,Charge on Production
Moon and Stars,1455,SAMPLE_1455,Sample Product 1455,PX0001455,PX0001455,999,Moon Stars LMS Account,999,MISC,DRAFT,Sun,M0001,NULL,1455,SINGLE,999,ProductOwner1@MoonStars.co.uk,ProductManager2@theapsgroup.com,0,Charge on Production
Moon and Stars,1456,SAMPLE_1456,Sample Product 1456,PX0001456,PX0001456,999,Moon Stars LMS Account,999,MISC,DRAFT,Moon,M0002,NULL,1456,SINGLE,999,ProductOwner3@MoonStars.co.uk,ProductManager3@theapsgroup.com,0,Charge on Production
Moon and Stars,1457,SAMPLE_1457,Sample Product 1457,PX0001457,PX0001457,999,Moon Stars LMS Account,999,BN,DRAFT,Stars,M0001,NULL,1457,SINGLE,999,ProductOwner1@MoonStars.co.uk,ProductManager4@theapsgroup.com,0,Charge on Production
Moon and Stars,1458,SAMPLE_1458,Sample Product 1458,PX0001458,PX0001458,999,Moon Stars LMS Account,999,BN,DRAFT,Stars,M0002,NULL,1458,SINGLE,999,ProductOwner3@MoonStars.co.uk,ProductManager1@theapsgroup.com,0,Charge on Production
Moon and Stars,1459,SAMPLE_1459,Sample Product 1459,PX0001459,PX0001459,999,Moon Stars LMS Account,999,PSTR,DRAFT,Stars,M0001,NULL,1459,PACK 20,999,ProductOwner2@MoonStars.co.uk,ProductManager2@theapsgroup.com,0.2,Charge on Production
Moon and Stars,1460,SAMPLE_1460,Sample Product 1460,PX0001460,PX0001460,999,Moon Stars LMS Account,999,PSTR,DRAFT,Moon,M0001,NULL,1460,PACK 20,999,ProductOwner1@MoonStars.co.uk,ProductManager1@theapsgroup.com,0,Charge on Production
Moon and Stars,1461,SAMPLE_1461,Sample Product 1461,PX0001461,PX0001461,999,Moon Stars LMS Account,999,GNPR,DRAFT,Stars,M0001,NULL,1461,SINGLE,999,ProductOwner2@MoonStars.co.uk,ProductManager1@theapsgroup.com,0,Charge on Production
Moon and Stars,1462,SAMPLE_1462,Sample Product 1462,PX0001462,PX0001462,999,Moon Stars LMS Account,999,PSTR,DRAFT,Stars,M0001,NULL,1462,SINGLE,999,ProductOwner2@MoonStars.co.uk,ProductManager4@theapsgroup.com,0,Charge on Production
Moon and Stars,1463,SAMPLE_1463,Sample Product 1463,PX0001463,PX0001463,999,Moon Stars LMS Account,999,BN,DRAFT,Sun,M0003,NULL,1463,SINGLE,999,ProductOwner4@MoonStars.co.uk,ProductManager4@theapsgroup.com,0,Charge on Production
Moon and Stars,1464,SAMPLE_1464,Sample Product 1464,PX0001464,PX0001464,999,Moon Stars LMS Account,999,PSTR,DRAFT,Moon,M0001,NULL,1464,SINGLE,999,ProductOwner2@MoonStars.co.uk,ProductManager4@theapsgroup.com,0.2,Charge on Production
Moon and Stars,1465,SAMPLE_1465,Sample Product 1465,PX0001465,PX0001465,999,Moon Stars LMS Account,999,FORM,DRAFT,Moon,M0001,NULL,1465,SINGLE,999,ProductOwner1@MoonStars.co.uk,ProductManager1@theapsgroup.com,0,Charge on Production
Moon and Stars,1466,SAMPLE_1466,Sample Product 1466,PX0001466,PX0001466,999,Moon Stars LMS Account,999,GNPR,DRAFT,Moon,M0002,NULL,1466,SINGLE,999,ProductOwner3@MoonStars.co.uk,ProductManager3@theapsgroup.com,0,Charge on Production
Moon and Stars,1467,SAMPLE_1467,Sample Product 1467,PX0001467,PX0001467,999,Moon Stars LMS Account,999,BN,DRAFT,Moon,M0001,NULL,1467,SINGLE,999,ProductOwner1@MoonStars.co.uk,ProductManager2@theapsgroup.com,0,Charge on Production
Moon and Stars,1468,SAMPLE_1468,Sample Product 1468,PX0001468,PX0001468,999,Moon Stars LMS Account,999,BN,DRAFT,Sun,M0001,NULL,1468,SINGLE,999,ProductOwner1@MoonStars.co.uk,ProductManager3@theapsgroup.com,0.2,Charge on Production
Moon and Stars,1469,SAMPLE_1469,Sample Product 1469,PX0001469,PX0001469,999,Moon Stars LMS Account,999,GNPR,DRAFT,Sun,M0001,NULL,1469,SINGLE,999,ProductOwner2@MoonStars.co.uk,ProductManager1@theapsgroup.com,0,Charge on Production
Moon and Stars,1470,SAMPLE_1470,Sample Product 1470,PX0001470,PX0001470,999,Moon Stars LMS Account,999,GNPR,DRAFT,Moon,M0001,NULL,1470,SINGLE,999,ProductOwner1@MoonStars.co.uk,ProductManager1@theapsgroup.com,0,Charge on Production
Moon and Stars,1471,SAMPLE_1471,Sample Product 1471,PX0001471,PX0001471,999,Moon Stars LMS Account,999,GNPR,DRAFT,Moon,M0001,NULL,1471,SINGLE,999,ProductOwner2@MoonStars.co.uk,ProductManager2@theapsgroup.com,0.2,Charge on Production
Moon and Stars,1472,SAMPLE_1472,Sample Product 1472,PX0001472,PX0001472,999,Moon Stars LMS Account,999,GNPR,DRAFT,Stars,M0002,NULL,1472,SINGLE,999,ProductOwner3@MoonStars.co.uk,ProductManager1@theapsgroup.com,0,Charge on Production
Moon and Stars,1473,SAMPLE_1473,Sample Product 1473,PX0001473,PX0001473,999,Moon Stars LMS Account,999,GNPR,DRAFT,Sun,M0001,NULL,1473,SINGLE,999,ProductOwner1@MoonStars.co.uk,ProductManager3@theapsgroup.com,0,Charge on Production
Moon and Stars,1474,SAMPLE_1474,Sample Product 1474,PX0001474,PX0001474,999,Moon Stars LMS Account,999,GNPR,DRAFT,Sun,M0001,NULL,1474,SINGLE,999,ProductOwner1@MoonStars.co.uk,ProductManager3@theapsgroup.com,0.2,Charge on Production
Moon and Stars,1475,SAMPLE_1475,Sample Product 1475,PX0001475,PX0001475,999,Moon Stars LMS Account,999,GNPR,DRAFT,Stars,M0001,NULL,1475,SINGLE,999,ProductOwner1@MoonStars.co.uk,ProductManager2@theapsgroup.com,0,Charge on Production
Moon and Stars,1476,SAMPLE_1476,Sample Product 1476,PX0001476,PX0001476,999,Moon Stars LMS Account,999,GNPR,DRAFT,Stars,M0002,NULL,1476,SINGLE,999,ProductOwner3@MoonStars.co.uk,ProductManager3@theapsgroup.com,0,Charge on Production
Moon and Stars,1477,SAMPLE_1477,Sample Product 1477,PX0001477,PX0001477,999,Moon Stars LMS Account,999,GNPR,DRAFT,Sun,M0001,NULL,1477,SINGLE,999,ProductOwner1@MoonStars.co.uk,ProductManager4@theapsgroup.com,0,Charge on Production
Moon and Stars,1478,SAMPLE_1478,Sample Product 1478,PX0001478,PX0001478,999,Moon Stars LMS Account,999,GNPR,DRAFT,Stars,M0002,NULL,1478,SINGLE,999,ProductOwner3@MoonStars.co.uk,ProductManager1@theapsgroup.com,0,Charge on Production
Moon and Stars,1479,SAMPLE_1479,Sample Product 1479,PX0001479,PX0001479,999,Moon Stars LMS Account,999,GNPR,DRAFT,Moon,M0001,NULL,1479,SINGLE,999,ProductOwner2@MoonStars.co.uk,ProductManager2@theapsgroup.com,0.2,Charge on Production
Moon and Stars,1480,SAMPLE_1480,Sample Product 1480,PX0001480,PX0001480,999,Moon Stars LMS Account,999,GNPR,DRAFT,Sun,M0001,NULL,1480,SINGLE,999,ProductOwner1@MoonStars.co.uk,ProductManager1@theapsgroup.com,0,Charge on Production
Moon and Stars,1481,SAMPLE_1481,Sample Product 1481,PX0001481,PX0001481,999,Moon Stars LMS Account,999,GNPR,DRAFT,Sun,M0001,NULL,1481,SINGLE,999,ProductOwner2@MoonStars.co.uk,ProductManager1@theapsgroup.com,0,Charge on Production
Moon and Stars,1482,SAMPLE_1482,Sample Product 1482,PX0001482,PX0001482,999,Moon Stars LMS Account,999,GNPR,DRAFT,Stars,M0001,NULL,1482,SINGLE,999,ProductOwner2@MoonStars.co.uk,ProductManager4@theapsgroup.com,0,Charge on Production
Moon and Stars,1483,SAMPLE_1483,Sample Product 1483,PX0001483,PX0001483,999,Moon Stars LMS Account,999,GNPR,DRAFT,Moon,M0003,NULL,1483,SINGLE,999,ProductOwner4@MoonStars.co.uk,ProductManager4@theapsgroup.com,0,Charge on Production
Moon and Stars,1484,SAMPLE_1484,Sample Product 1484,PX0001484,PX0001484,999,Moon Stars LMS Account,999,GNPR,DRAFT,Stars,M0001,NULL,1484,SINGLE,999,ProductOwner2@MoonStars.co.uk,ProductManager4@theapsgroup.com,0.2,Charge on Production
Moon and Stars,1485,SAMPLE_1485,Sample Product 1485,PX0001485,PX0001485,999,Moon Stars LMS Account,999,GNPR,DRAFT,Sun,M0001,NULL,1485,SINGLE,999,ProductOwner1@MoonStars.co.uk,ProductManager1@theapsgroup.com,0,Charge on Production
Moon and Stars,1486,SAMPLE_1486,Sample Product 1486,PX0001486,PX0001486,999,Moon Stars LMS Account,999,GNPR,DRAFT,Moon,M0002,NULL,1486,SINGLE,999,ProductOwner3@MoonStars.co.uk,ProductManager3@theapsgroup.com,0,Charge on Production
Moon and Stars,1487,SAMPLE_1487,Sample Product 1487,PX0001487,PX0001487,999,Moon Stars LMS Account,999,GNPR,DRAFT,Moon,M0001,NULL,1487,SINGLE,999,ProductOwner1@MoonStars.co.uk,ProductManager2@theapsgroup.com,0,Charge on Production
Moon and Stars,1488,SAMPLE_1488,Sample Product 1488,PX0001488,PX0001488,999,Moon Stars LMS Account,999,GNPR,DRAFT,Sun,M0001,NULL,1488,SINGLE,999,ProductOwner1@MoonStars.co.uk,ProductManager3@theapsgroup.com,0.2,Charge on Production
Moon and Stars,1489,SAMPLE_1489,Sample Product 1489,PX0001489,PX0001489,999,Moon Stars LMS Account,999,GNPR,DRAFT,Stars,M0001,NULL,1489,SINGLE,999,ProductOwner2@MoonStars.co.uk,ProductManager1@theapsgroup.com,0,Charge on Production
Moon and Stars,1490,SAMPLE_1490,Sample Product 1490,PX0001490,PX0001490,999,Moon Stars LMS Account,999,PSTR,DRAFT,Sun,M0001,NULL,1490,SINGLE,999,ProductOwner1@MoonStars.co.uk,ProductManager1@theapsgroup.com,0,Charge on Production
Moon and Stars,1491,SAMPLE_1491,Sample Product 1491,PX0001491,PX0001491,999,Moon Stars LMS Account,999,PSTR,DRAFT,Stars,M0001,NULL,1491,SINGLE,999,ProductOwner2@MoonStars.co.uk,ProductManager2@theapsgroup.com,0.2,Charge on Production
Moon and Stars,1492,SAMPLE_1492,Sample Product 1492,PX0001492,PX0001492,999,Moon Stars LMS Account,999,PSTR,DRAFT,Sun,M0002,NULL,1492,SINGLE,999,ProductOwner3@MoonStars.co.uk,ProductManager1@theapsgroup.com,0,Charge on Production
Moon and Stars,1493,SAMPLE_1493,Sample Product 1493,PX0001493,PX0001493,999,Moon Stars LMS Account,999,PSTR,DRAFT,Stars,M0001,NULL,1493,SINGLE,999,ProductOwner1@MoonStars.co.uk,ProductManager3@theapsgroup.com,0,Charge on Production
Moon and Stars,1494,SAMPLE_1494,Sample Product 1494,PX0001494,PX0001494,999,Moon Stars LMS Account,999,PSTR,DRAFT,Moon,M0001,NULL,1494,SINGLE,999,ProductOwner1@MoonStars.co.uk,ProductManager3@theapsgroup.com,0.2,Charge on Production
Moon and Stars,1495,SAMPLE_1495,Sample Product 1495,PX0001495,PX0001495,999,Moon Stars LMS Account,999,PSTR,DRAFT,Stars,M0001,NULL,1495,SINGLE,999,ProductOwner1@MoonStars.co.uk,ProductManager2@theapsgroup.com,0,Charge on Production
Moon and Stars,1496,SAMPLE_1496,Sample Product 1496,PX0001496,PX0001496,999,Moon Stars LMS Account,999,PSTR,DRAFT,Moon,M0002,NULL,1496,SINGLE,999,ProductOwner3@MoonStars.co.uk,ProductManager3@theapsgroup.com,0,Charge on Production
Moon and Stars,1497,SAMPLE_1497,Sample Product 1497,PX0001497,PX0001497,999,Moon Stars LMS Account,999,PSTR,DRAFT,Moon,M0001,NULL,1497,SINGLE,999,ProductOwner1@MoonStars.co.uk,ProductManager4@theapsgroup.com,0,Charge on Production
Moon and Stars,1498,SAMPLE_1498,Sample Product 1498,PX0001498,PX0001498,999,Moon Stars LMS Account,999,PSTR,DRAFT,Sun,M0002,NULL,1498,SINGLE,999,ProductOwner3@MoonStars.co.uk,ProductManager1@theapsgroup.com,0,Charge on Production
Moon and Stars,1499,SAMPLE_1499,Sample Product 1499,PX0001499,PX0001499,999,Moon Stars LMS Account,999,PSTR,DRAFT,Sun,M0001,NULL,1499,SINGLE,999,ProductOwner2@MoonStars.co.uk,ProductManager2@theapsgroup.com,0.2,Charge on Production
Moon and Stars,1500,SAMPLE_1500,Sample Product 1500,PX0001500,PX0001500,999,Moon Stars LMS Account,999,PSTR,DRAFT,Sun,M0001,NULL,1500,SINGLE,999,ProductOwner1@MoonStars.co.uk,ProductManager1@theapsgroup.com,0,Charge on Production
Moon and Stars,1501,SAMPLE_1501,Sample Product 1501,PX0001501,PX0001501,999,Moon Stars LMS Account,999,PSTR,DRAFT,Sun,M0001,NULL,1501,SINGLE,999,ProductOwner2@MoonStars.co.uk,ProductManager1@theapsgroup.com,0,Charge on Production
Moon and Stars,1502,SAMPLE_1502,Sample Product 1502,PX0001502,PX0001502,999,Moon Stars LMS Account,999,PSTR,DRAFT,Sun,M0001,NULL,1502,SINGLE,999,ProductOwner2@MoonStars.co.uk,ProductManager4@theapsgroup.com,0,Charge on Production
Moon and Stars,1503,SAMPLE_1503,Sample Product 1503,PX0001503,PX0001503,999,Moon Stars LMS Account,999,PSTR,DRAFT,Stars,M0003,NULL,1503,SINGLE,999,ProductOwner4@MoonStars.co.uk,ProductManager4@theapsgroup.com,0,Charge on Production
Moon and Stars,1504,SAMPLE_1504,Sample Product 1504,PX0001504,PX0001504,999,Moon Stars LMS Account,999,PSTR,DRAFT,Stars,M0001,NULL,1504,SINGLE,999,ProductOwner2@MoonStars.co.uk,ProductManager4@theapsgroup.com,0.2,Charge on Production
Moon and Stars,1505,SAMPLE_1505,Sample Product 1505,PX0001505,PX0001505,999,Moon Stars LMS Account,999,PSTR,DRAFT,Stars,M0001,NULL,1505,SINGLE,999,ProductOwner1@MoonStars.co.uk,ProductManager1@theapsgroup.com,0,Charge on Production
Moon and Stars,1506,SAMPLE_1506,Sample Product 1506,PX0001506,PX0001506,999,Moon Stars LMS Account,999,PSTR,DRAFT,Sun,M0002,NULL,1506,SINGLE,999,ProductOwner3@MoonStars.co.uk,ProductManager3@theapsgroup.com,0,Charge on Production
Moon and Stars,1507,SAMPLE_1507,Sample Product 1507,PX0001507,PX0001507,999,Moon Stars LMS Account,999,PSTR,DRAFT,Sun,M0001,NULL,1507,SINGLE,999,ProductOwner1@MoonStars.co.uk,ProductManager2@theapsgroup.com,0,Charge on Production
Moon and Stars,1508,SAMPLE_1508,Sample Product 1508,PX0001508,PX0001508,999,Moon Stars LMS Account,999,LFLT,DRAFT,Sun,M0001,NULL,1508,SINGLE,999,ProductOwner1@MoonStars.co.uk,ProductManager3@theapsgroup.com,0.2,Charge on Production
Moon and Stars,1509,SAMPLE_1509,Sample Product 1509,PX0001509,PX0001509,999,Moon Stars LMS Account,999,LFLT,DRAFT,Stars,M0001,NULL,1509,SINGLE,999,ProductOwner2@MoonStars.co.uk,ProductManager1@theapsgroup.com,0,Charge on Production
Moon and Stars,1510,SAMPLE_1510,Sample Product 1510,PX0001510,PX0001510,999,Moon Stars LMS Account,999,LFLT,DRAFT,Stars,M0001,NULL,1510,SINGLE,999,ProductOwner1@MoonStars.co.uk,ProductManager1@theapsgroup.com,0,Charge on Production
Moon and Stars,1511,SAMPLE_1511,Sample Product 1511,PX0001511,PX0001511,999,Moon Stars LMS Account,999,LFLT,DRAFT,Stars,M0001,NULL,1511,SINGLE,999,ProductOwner2@MoonStars.co.uk,ProductManager2@theapsgroup.com,0.2,Charge on Production
Moon and Stars,1512,SAMPLE_1512,Sample Product 1512,PX0001512,PX0001512,999,Moon Stars LMS Account,999,LABL,DRAFT,Sun,M0002,NULL,1512,SINGLE,999,ProductOwner3@MoonStars.co.uk,ProductManager1@theapsgroup.com,0,Charge on Production
Moon and Stars,1513,SAMPLE_1513,Sample Product 1513,PX0001513,PX0001513,999,Moon Stars LMS Account,999,PSTR,DRAFT,Sun,M0001,NULL,1513,SINGLE,999,ProductOwner1@MoonStars.co.uk,ProductManager3@theapsgroup.com,0,Charge on Production
Moon and Stars,1514,SAMPLE_1514,Sample Product 1514,PX0001514,PX0001514,999,Moon Stars LMS Account,999,PSTR,DRAFT,Sun,M0001,NULL,1514,SINGLE,999,ProductOwner1@MoonStars.co.uk,ProductManager3@theapsgroup.com,0.2,Charge on Production
Moon and Stars,1515,SAMPLE_1515,Sample Product 1515,PX0001515,PX0001515,999,Moon Stars LMS Account,999,PSTR,DRAFT,Sun,M0001,NULL,1515,SINGLE,999,ProductOwner1@MoonStars.co.uk,ProductManager2@theapsgroup.com,0,Charge on Production
Moon and Stars,1516,SAMPLE_1516,Sample Product 1516,PX0001516,PX0001516,999,Moon Stars LMS Account,999,PSTR,DRAFT,Stars,M0002,NULL,1516,SINGLE,999,ProductOwner3@MoonStars.co.uk,ProductManager3@theapsgroup.com,0,Charge on Production
Moon and Stars,1517,SAMPLE_1517,Sample Product 1517,PX0001517,PX0001517,999,Moon Stars LMS Account,999,PSTR,DRAFT,Moon,M0001,NULL,1517,SINGLE,999,ProductOwner1@MoonStars.co.uk,ProductManager4@theapsgroup.com,0,Charge on Production
Moon and Stars,1518,SAMPLE_1518,Sample Product 1518,PX0001518,PX0001518,999,Moon Stars LMS Account,999,PSTR,DRAFT,Moon,M0002,NULL,1518,SINGLE,999,ProductOwner3@MoonStars.co.uk,ProductManager1@theapsgroup.com,0,Charge on Production
Moon and Stars,1519,SAMPLE_1519,Sample Product 1519,PX0001519,PX0001519,999,Moon Stars LMS Account,999,GNPR,DRAFT,Sun,M0001,NULL,1519,PACK 20,999,ProductOwner2@MoonStars.co.uk,ProductManager2@theapsgroup.com,0.2,Charge on Production
Moon and Stars,1520,SAMPLE_1520,Sample Product 1520,PX0001520,PX0001520,999,Moon Stars LMS Account,999,GNPR,DRAFT,Moon,M0001,NULL,1520,PACK 20,999,ProductOwner1@MoonStars.co.uk,ProductManager1@theapsgroup.com,0,Charge on Production
Moon and Stars,1521,SAMPLE_1521,Sample Product 1521,PX0001521,PX0001521,999,Moon Stars LMS Account,999,GNPR,DRAFT,Stars,M0001,NULL,1521,PACK 20,999,ProductOwner2@MoonStars.co.uk,ProductManager1@theapsgroup.com,0,Charge on Production
Moon and Stars,1522,SAMPLE_1522,Sample Product 1522,PX0001522,PX0001522,999,Moon Stars LMS Account,999,GNPR,DRAFT,Stars,M0001,NULL,1522,PACK 20,999,ProductOwner2@MoonStars.co.uk,ProductManager4@theapsgroup.com,0,Charge on Production
Moon and Stars,1523,SAMPLE_1523,Sample Product 1523,PX0001523,PX0001523,999,Moon Stars LMS Account,999,GNPR,DRAFT,Moon,M0003,NULL,1523,SINGLE,999,ProductOwner4@MoonStars.co.uk,ProductManager4@theapsgroup.com,0,Charge on Production
Moon and Stars,1524,SAMPLE_1524,Sample Product 1524,PX0001524,PX0001524,999,Moon Stars LMS Account,999,GNPR,DRAFT,Sun,M0001,NULL,1524,SINGLE,999,ProductOwner2@MoonStars.co.uk,ProductManager4@theapsgroup.com,0.2,Charge on Production
Moon and Stars,1525,SAMPLE_1525,Sample Product 1525,PX0001525,PX0001525,999,Moon Stars LMS Account,999,PSTR,DRAFT,Moon,M0001,NULL,1525,SINGLE,999,ProductOwner1@MoonStars.co.uk,ProductManager1@theapsgroup.com,0,Charge on Production
Moon and Stars,1526,SAMPLE_1526,Sample Product 1526,PX0001526,PX0001526,999,Moon Stars LMS Account,999,PSTR,DRAFT,Stars,M0002,NULL,1526,SINGLE,999,ProductOwner3@MoonStars.co.uk,ProductManager3@theapsgroup.com,0,Charge on Production
Moon and Stars,1527,SAMPLE_1527,Sample Product 1527,PX0001527,PX0001527,999,Moon Stars LMS Account,999,BN,DRAFT,Sun,M0001,NULL,1527,SINGLE,999,ProductOwner1@MoonStars.co.uk,ProductManager2@theapsgroup.com,0,Charge on Production
Moon and Stars,1528,SAMPLE_1528,Sample Product 1528,PX0001528,PX0001528,999,Moon Stars LMS Account,999,PSTR,DRAFT,Stars,M0001,NULL,1528,SINGLE,999,ProductOwner1@MoonStars.co.uk,ProductManager3@theapsgroup.com,0.2,Charge on Production
Moon and Stars,1529,SAMPLE_1529,Sample Product 1529,PX0001529,PX0001529,999,Moon Stars LMS Account,999,PSTR,DRAFT,Stars,M0001,NULL,1529,SINGLE,999,ProductOwner2@MoonStars.co.uk,ProductManager1@theapsgroup.com,0,Charge on Production
Moon and Stars,1530,SAMPLE_1530,Sample Product 1530,PX0001530,PX0001530,999,Moon Stars LMS Account,999,BKLT,DRAFT,Stars,M0001,NULL,1530,SINGLE,999,ProductOwner1@MoonStars.co.uk,ProductManager1@theapsgroup.com,0,Charge on Production
Moon and Stars,1531,SAMPLE_1531,Sample Product 1531,PX0001531,PX0001531,999,Moon Stars LMS Account,999,GNPR,DRAFT,Stars,M0001,NULL,1531,PACK 20,999,ProductOwner2@MoonStars.co.uk,ProductManager2@theapsgroup.com,0.2,Charge on Production
Moon and Stars,1532,SAMPLE_1532,Sample Product 1532,PX0001532,PX0001532,999,Moon Stars LMS Account,999,LFLT,DRAFT,Stars,M0002,NULL,1532,SINGLE,999,ProductOwner3@MoonStars.co.uk,ProductManager1@theapsgroup.com,0,Charge on Production
Moon and Stars,1533,SAMPLE_1533,Sample Product 1533,PX0001533,PX0001533,999,Moon Stars LMS Account,999,LFLT,DRAFT,Moon,M0001,NULL,1533,SINGLE,999,ProductOwner1@MoonStars.co.uk,ProductManager3@theapsgroup.com,0,Charge on Production
Moon and Stars,1534,SAMPLE_1534,Sample Product 1534,PX0001534,PX0001534,999,Moon Stars LMS Account,999,LFLT,DRAFT,Moon,M0001,NULL,1534,SINGLE,999,ProductOwner1@MoonStars.co.uk,ProductManager3@theapsgroup.com,0.2,Charge on Production
Moon and Stars,1535,SAMPLE_1535,Sample Product 1535,PX0001535,PX0001535,999,Moon Stars LMS Account,999,LFLT,DRAFT,Stars,M0001,NULL,1535,SINGLE,999,ProductOwner1@MoonStars.co.uk,ProductManager2@theapsgroup.com,0,Charge on Production
Moon and Stars,1536,SAMPLE_1536,Sample Product 1536,PX0001536,PX0001536,999,Moon Stars LMS Account,999,LFLT,DRAFT,Sun,M0002,NULL,1536,SINGLE,999,ProductOwner3@MoonStars.co.uk,ProductManager3@theapsgroup.com,0,Charge on Production
Moon and Stars,1537,SAMPLE_1537,Sample Product 1537,PX0001537,PX0001537,999,Moon Stars LMS Account,999,LFLT,DRAFT,Moon,M0001,NULL,1537,SINGLE,999,ProductOwner1@MoonStars.co.uk,ProductManager4@theapsgroup.com,0,Charge on Production
Moon and Stars,1538,SAMPLE_1538,Sample Product 1538,PX0001538,PX0001538,999,Moon Stars LMS Account,999,LFLT,DRAFT,Sun,M0002,NULL,1538,SINGLE,999,ProductOwner3@MoonStars.co.uk,ProductManager1@theapsgroup.com,0,Charge on Production
Moon and Stars,1539,SAMPLE_1539,Sample Product 1539,PX0001539,PX0001539,999,Moon Stars LMS Account,999,LFLT,DRAFT,Moon,M0001,NULL,1539,SINGLE,999,ProductOwner2@MoonStars.co.uk,ProductManager2@theapsgroup.com,0.2,Charge on Production
Moon and Stars,1540,SAMPLE_1540,Sample Product 1540,PX0001540,PX0001540,999,Moon Stars LMS Account,999,LFLT,DRAFT,Moon,M0001,NULL,1540,SINGLE,999,ProductOwner1@MoonStars.co.uk,ProductManager1@theapsgroup.com,0,Charge on Production
Moon and Stars,1541,SAMPLE_1541,Sample Product 1541,PX0001541,PX0001541,999,Moon Stars LMS Account,999,LFLT,DRAFT,Sun,M0001,NULL,1541,SINGLE,999,ProductOwner2@MoonStars.co.uk,ProductManager1@theapsgroup.com,0,Charge on Production
Moon and Stars,1542,SAMPLE_1542,Sample Product 1542,PX0001542,PX0001542,999,Moon Stars LMS Account,999,LFLT,DRAFT,Stars,M0001,NULL,1542,SINGLE,999,ProductOwner2@MoonStars.co.uk,ProductManager4@theapsgroup.com,0,Charge on Production
Moon and Stars,1543,SAMPLE_1543,Sample Product 1543,PX0001543,PX0001543,999,Moon Stars LMS Account,999,LFLT,DRAFT,Sun,M0003,NULL,1543,SINGLE,999,ProductOwner4@MoonStars.co.uk,ProductManager4@theapsgroup.com,0,Charge on Production
Moon and Stars,1544,SAMPLE_1544,Sample Product 1544,PX0001544,PX0001544,999,Moon Stars LMS Account,999,LFLT,DRAFT,Stars,M0001,NULL,1544,SINGLE,999,ProductOwner2@MoonStars.co.uk,ProductManager4@theapsgroup.com,0.2,Charge on Production
Moon and Stars,1545,SAMPLE_1545,Sample Product 1545,PX0001545,PX0001545,999,Moon Stars LMS Account,999,LFLT,DRAFT,Moon,M0001,NULL,1545,SINGLE,999,ProductOwner1@MoonStars.co.uk,ProductManager1@theapsgroup.com,0,Charge on Production
Moon and Stars,1546,SAMPLE_1546,Sample Product 1546,PX0001546,PX0001546,999,Moon Stars LMS Account,999,LFLT,DRAFT,Moon,M0002,NULL,1546,SINGLE,999,ProductOwner3@MoonStars.co.uk,ProductManager3@theapsgroup.com,0,Charge on Production
Moon and Stars,1547,SAMPLE_1547,Sample Product 1547,PX0001547,PX0001547,999,Moon Stars LMS Account,999,LFLT,DRAFT,Moon,M0001,NULL,1547,SINGLE,999,ProductOwner1@MoonStars.co.uk,ProductManager2@theapsgroup.com,0,Charge on Production
Moon and Stars,1548,SAMPLE_1548,Sample Product 1548,PX0001548,PX0001548,999,Moon Stars LMS Account,999,LFLT,DRAFT,Sun,M0001,NULL,1548,SINGLE,999,ProductOwner1@MoonStars.co.uk,ProductManager3@theapsgroup.com,0.2,Charge on Production
Moon and Stars,1549,SAMPLE_1549,Sample Product 1549,PX0001549,PX0001549,999,Moon Stars LMS Account,999,LFLT,DRAFT,Sun,M0001,NULL,1549,SINGLE,999,ProductOwner2@MoonStars.co.uk,ProductManager1@theapsgroup.com,0,Charge on Production
Moon and Stars,1550,SAMPLE_1550,Sample Product 1550,PX0001550,PX0001550,999,Moon Stars LMS Account,999,LFLT,DRAFT,Sun,M0001,NULL,1550,SINGLE,999,ProductOwner1@MoonStars.co.uk,ProductManager1@theapsgroup.com,0,Charge on Production
Moon and Stars,1551,SAMPLE_1551,Sample Product 1551,PX0001551,PX0001551,999,Moon Stars LMS Account,999,LFLT,DRAFT,Sun,M0001,NULL,1551,SINGLE,999,ProductOwner2@MoonStars.co.uk,ProductManager2@theapsgroup.com,0.2,Charge on Production
Moon and Stars,1552,SAMPLE_1552,Sample Product 1552,PX0001552,PX0001552,999,Moon Stars LMS Account,999,LFLT,DRAFT,Moon,M0002,NULL,1552,SINGLE,999,ProductOwner3@MoonStars.co.uk,ProductManager1@theapsgroup.com,0,Charge on Production
Moon and Stars,1553,SAMPLE_1553,Sample Product 1553,PX0001553,PX0001553,999,Moon Stars LMS Account,999,LFLT,DRAFT,Moon,M0001,NULL,1553,SINGLE,999,ProductOwner1@MoonStars.co.uk,ProductManager3@theapsgroup.com,0,Charge on Production
Moon and Stars,1554,SAMPLE_1554,Sample Product 1554,PX0001554,PX0001554,999,Moon Stars LMS Account,999,LFLT,DRAFT,Stars,M0001,NULL,1554,SINGLE,999,ProductOwner1@MoonStars.co.uk,ProductManager3@theapsgroup.com,0.2,Charge on Production
Moon and Stars,1555,SAMPLE_1555,Sample Product 1555,PX0001555,PX0001555,999,Moon Stars LMS Account,999,LFLT,DRAFT,Stars,M0001,NULL,1555,SINGLE,999,ProductOwner1@MoonStars.co.uk,ProductManager2@theapsgroup.com,0,Charge on Production
Moon and Stars,1556,SAMPLE_1556,Sample Product 1556,PX0001556,PX0001556,999,Moon Stars LMS Account,999,LFLT,DRAFT,Sun,M0002,NULL,1556,SINGLE,999,ProductOwner3@MoonStars.co.uk,ProductManager3@theapsgroup.com,0,Charge on Production
Moon and Stars,1557,SAMPLE_1557,Sample Product 1557,PX0001557,PX0001557,999,Moon Stars LMS Account,999,LFLT,DRAFT,Stars,M0001,NULL,1557,SINGLE,999,ProductOwner1@MoonStars.co.uk,ProductManager4@theapsgroup.com,0,Charge on Production
Moon and Stars,1558,SAMPLE_1558,Sample Product 1558,PX0001558,PX0001558,999,Moon Stars LMS Account,999,LFLT,DRAFT,Moon,M0002,NULL,1558,SINGLE,999,ProductOwner3@MoonStars.co.uk,ProductManager1@theapsgroup.com,0,Charge on Production
Moon and Stars,1559,SAMPLE_1559,Sample Product 1559,PX0001559,PX0001559,999,Moon Stars LMS Account,999,LFLT,DRAFT,Stars,M0001,NULL,1559,SINGLE,999,ProductOwner2@MoonStars.co.uk,ProductManager2@theapsgroup.com,0.2,Charge on Production
Moon and Stars,1560,SAMPLE_1560,Sample Product 1560,PX0001560,PX0001560,999,Moon Stars LMS Account,999,LFLT,DRAFT,Moon,M0001,NULL,1560,SINGLE,999,ProductOwner1@MoonStars.co.uk,ProductManager1@theapsgroup.com,0,Charge on Production
Moon and Stars,1561,SAMPLE_1561,Sample Product 1561,PX0001561,PX0001561,999,Moon Stars LMS Account,999,PSTR,DRAFT,Moon,M0001,NULL,1561,SINGLE,999,ProductOwner2@MoonStars.co.uk,ProductManager1@theapsgroup.com,0,Charge on Production
Moon and Stars,1562,SAMPLE_1562,Sample Product 1562,PX0001562,PX0001562,999,Moon Stars LMS Account,999,PSTR,DRAFT,Moon,M0001,NULL,1562,SINGLE,999,ProductOwner2@MoonStars.co.uk,ProductManager4@theapsgroup.com,0,Charge on Production
Moon and Stars,1563,SAMPLE_1563,Sample Product 1563,PX0001563,PX0001563,999,Moon Stars LMS Account,999,PSTR,DRAFT,Moon,M0003,NULL,1563,SINGLE,999,ProductOwner4@MoonStars.co.uk,ProductManager4@theapsgroup.com,0,Charge on Production
Moon and Stars,1564,SAMPLE_1564,Sample Product 1564,PX0001564,PX0001564,999,Moon Stars LMS Account,999,PSTR,DRAFT,Stars,M0001,NULL,1564,SINGLE,999,ProductOwner2@MoonStars.co.uk,ProductManager4@theapsgroup.com,0.2,Charge on Production
Moon and Stars,1565,SAMPLE_1565,Sample Product 1565,PX0001565,PX0001565,999,Moon Stars LMS Account,999,PSTR,DRAFT,Sun,M0001,NULL,1565,SINGLE,999,ProductOwner1@MoonStars.co.uk,ProductManager1@theapsgroup.com,0,Charge on Production
Moon and Stars,1566,SAMPLE_1566,Sample Product 1566,PX0001566,PX0001566,999,Moon Stars LMS Account,999,PSTR,DRAFT,Sun,M0002,NULL,1566,SINGLE,999,ProductOwner3@MoonStars.co.uk,ProductManager3@theapsgroup.com,0,Charge on Production
Moon and Stars,1567,SAMPLE_1567,Sample Product 1567,PX0001567,PX0001567,999,Moon Stars LMS Account,999,PSTR,DRAFT,Sun,M0001,NULL,1567,SINGLE,999,ProductOwner1@MoonStars.co.uk,ProductManager2@theapsgroup.com,0,Charge on Production
Moon and Stars,1568,SAMPLE_1568,Sample Product 1568,PX0001568,PX0001568,999,Moon Stars LMS Account,999,PSTR,DRAFT,Stars,M0001,NULL,1568,SINGLE,999,ProductOwner1@MoonStars.co.uk,ProductManager3@theapsgroup.com,0.2,Charge on Production
Moon and Stars,1569,SAMPLE_1569,Sample Product 1569,PX0001569,PX0001569,999,Moon Stars LMS Account,999,PSTR,DRAFT,Moon,M0001,NULL,1569,SINGLE,999,ProductOwner2@MoonStars.co.uk,ProductManager1@theapsgroup.com,0,Charge on Production
Moon and Stars,1570,SAMPLE_1570,Sample Product 1570,PX0001570,PX0001570,999,Moon Stars LMS Account,999,PSTR,DRAFT,Stars,M0001,NULL,1570,SINGLE,999,ProductOwner1@MoonStars.co.uk,ProductManager1@theapsgroup.com,0,Charge on Production
Moon and Stars,1571,SAMPLE_1571,Sample Product 1571,PX0001571,PX0001571,999,Moon Stars LMS Account,999,PSTR,DRAFT,Stars,M0001,NULL,1571,SINGLE,999,ProductOwner2@MoonStars.co.uk,ProductManager2@theapsgroup.com,0.2,Charge on Production
Moon and Stars,1572,SAMPLE_1572,Sample Product 1572,PX0001572,PX0001572,999,Moon Stars LMS Account,999,PSTR,DRAFT,Sun,M0002,NULL,1572,SINGLE,999,ProductOwner3@MoonStars.co.uk,ProductManager1@theapsgroup.com,0,Charge on Production
Moon and Stars,1573,SAMPLE_1573,Sample Product 1573,PX0001573,PX0001573,999,Moon Stars LMS Account,999,PSTR,DRAFT,Stars,M0001,NULL,1573,SINGLE,999,ProductOwner1@MoonStars.co.uk,ProductManager3@theapsgroup.com,0,Charge on Production
Moon and Stars,1574,SAMPLE_1574,Sample Product 1574,PX0001574,PX0001574,999,Moon Stars LMS Account,999,PSTR,DRAFT,Stars,M0001,NULL,1574,SINGLE,999,ProductOwner1@MoonStars.co.uk,ProductManager3@theapsgroup.com,0.2,Charge on Production
Moon and Stars,1575,SAMPLE_1575,Sample Product 1575,PX0001575,PX0001575,999,Moon Stars LMS Account,999,PSTR,DRAFT,Moon,M0001,NULL,1575,SINGLE,999,ProductOwner1@MoonStars.co.uk,ProductManager2@theapsgroup.com,0,Charge on Production
Moon and Stars,1576,SAMPLE_1576,Sample Product 1576,PX0001576,PX0001576,999,Moon Stars LMS Account,999,PSTR,DRAFT,Stars,M0002,NULL,1576,SINGLE,999,ProductOwner3@MoonStars.co.uk,ProductManager3@theapsgroup.com,0,Charge on Production
Moon and Stars,1577,SAMPLE_1577,Sample Product 1577,PX0001577,PX0001577,999,Moon Stars LMS Account,999,PSTR,DRAFT,Moon,M0001,NULL,1577,SINGLE,999,ProductOwner1@MoonStars.co.uk,ProductManager4@theapsgroup.com,0,Charge on Production
Moon and Stars,1578,SAMPLE_1578,Sample Product 1578,PX0001578,PX0001578,999,Moon Stars LMS Account,999,PSTR,DRAFT,Stars,M0002,NULL,1578,SINGLE,999,ProductOwner3@MoonStars.co.uk,ProductManager1@theapsgroup.com,0,Charge on Production
Moon and Stars,1579,SAMPLE_1579,Sample Product 1579,PX0001579,PX0001579,999,Moon Stars LMS Account,999,PSTR,DRAFT,Stars,M0001,NULL,1579,SINGLE,999,ProductOwner2@MoonStars.co.uk,ProductManager2@theapsgroup.com,0.2,Charge on Production
Moon and Stars,1580,SAMPLE_1580,Sample Product 1580,PX0001580,PX0001580,999,Moon Stars LMS Account,999,GNPR,DRAFT,Sun,M0001,NULL,1580,SINGLE,999,ProductOwner1@MoonStars.co.uk,ProductManager1@theapsgroup.com,0,Charge on Production
Moon and Stars,1581,SAMPLE_1581,Sample Product 1581,PX0001581,PX0001581,999,Moon Stars LMS Account,999,GNPR,DRAFT,Stars,M0001,NULL,1581,SINGLE,999,ProductOwner2@MoonStars.co.uk,ProductManager1@theapsgroup.com,0,Charge on Production
Moon and Stars,1582,SAMPLE_1582,Sample Product 1582,PX0001582,PX0001582,999,Moon Stars LMS Account,999,LFLT,DRAFT,Sun,M0001,NULL,1582,SINGLE,999,ProductOwner2@MoonStars.co.uk,ProductManager4@theapsgroup.com,0,Charge on Production
Moon and Stars,1583,SAMPLE_1583,Sample Product 1583,PX0001583,PX0001583,999,Moon Stars LMS Account,999,LFLT,DRAFT,Sun,M0003,NULL,1583,SINGLE,999,ProductOwner4@MoonStars.co.uk,ProductManager4@theapsgroup.com,0,Charge on Production
Moon and Stars,1584,SAMPLE_1584,Sample Product 1584,PX0001584,PX0001584,999,Moon Stars LMS Account,999,GNPR,DRAFT,Sun,M0001,NULL,1584,SINGLE,999,ProductOwner2@MoonStars.co.uk,ProductManager4@theapsgroup.com,0.2,Charge on Production
Moon and Stars,1585,SAMPLE_1585,Sample Product 1585,PX0001585,PX0001585,999,Moon Stars LMS Account,999,GNPR,DRAFT,Stars,M0001,NULL,1585,SINGLE,999,ProductOwner1@MoonStars.co.uk,ProductManager1@theapsgroup.com,0,Charge on Production
Moon and Stars,1586,SAMPLE_1586,Sample Product 1586,PX0001586,PX0001586,999,Moon Stars LMS Account,999,GNPR,DRAFT,Stars,M0002,NULL,1586,SINGLE,999,ProductOwner3@MoonStars.co.uk,ProductManager3@theapsgroup.com,0,Charge on Production
Moon and Stars,1587,SAMPLE_1587,Sample Product 1587,PX0001587,PX0001587,999,Moon Stars LMS Account,999,PSTR,DRAFT,Sun,M0001,NULL,1587,SINGLE,999,ProductOwner1@MoonStars.co.uk,ProductManager2@theapsgroup.com,0,Charge on Production
Moon and Stars,1588,SAMPLE_1588,Sample Product 1588,PX0001588,PX0001588,999,Moon Stars LMS Account,999,BN,DRAFT,Sun,M0001,NULL,1588,SINGLE,999,ProductOwner1@MoonStars.co.uk,ProductManager3@theapsgroup.com,0.2,Charge on Production
Moon and Stars,1589,SAMPLE_1589,Sample Product 1589,PX0001589,PX0001589,999,Moon Stars LMS Account,999,PROM,DRAFT,Sun,M0001,NULL,1589,SINGLE,999,ProductOwner2@MoonStars.co.uk,ProductManager1@theapsgroup.com,0,Charge on Production
Moon and Stars,1590,SAMPLE_1590,Sample Product 1590,PX0001590,PX0001590,999,Moon Stars LMS Account,999,PROM,DRAFT,Sun,M0001,NULL,1590,SINGLE,999,ProductOwner1@MoonStars.co.uk,ProductManager1@theapsgroup.com,0,Charge on Production
Moon and Stars,1591,SAMPLE_1591,Sample Product 1591,PX0001591,PX0001591,999,Moon Stars LMS Account,999,BN,DRAFT,Stars,M0001,NULL,1591,SINGLE,999,ProductOwner2@MoonStars.co.uk,ProductManager2@theapsgroup.com,0.2,Charge on Production
Moon and Stars,1592,SAMPLE_1592,Sample Product 1592,PX0001592,PX0001592,999,Moon Stars LMS Account,999,CARD,DRAFT,Stars,M0002,NULL,1592,PACK 2,999,ProductOwner3@MoonStars.co.uk,ProductManager1@theapsgroup.com,0,Charge on Production
Moon and Stars,1593,SAMPLE_1593,Sample Product 1593,PX0001593,PX0001593,999,Moon Stars LMS Account,999,PSTR,DRAFT,Sun,M0001,NULL,1593,PACK 50,999,ProductOwner1@MoonStars.co.uk,ProductManager3@theapsgroup.com,0,Charge on Production
Moon and Stars,1594,SAMPLE_1594,Sample Product 1594,PX0001594,PX0001594,999,Moon Stars LMS Account,999,GNPR,DRAFT,Moon,M0001,NULL,1594,SINGLE,999,ProductOwner1@MoonStars.co.uk,ProductManager3@theapsgroup.com,0.2,Charge on Production
Moon and Stars,1595,SAMPLE_1595,Sample Product 1595,PX0001595,PX0001595,999,Moon Stars LMS Account,999,LFLT,DRAFT,Sun,M0001,NULL,1595,PACK 500,999,ProductOwner1@MoonStars.co.uk,ProductManager2@theapsgroup.com,0,Charge on Production
Moon and Stars,1596,SAMPLE_1596,Sample Product 1596,PX0001596,PX0001596,999,Moon Stars LMS Account,999,BN,DRAFT,Moon,M0002,NULL,1596,SINGLE,999,ProductOwner3@MoonStars.co.uk,ProductManager3@theapsgroup.com,0,Charge on Production
Moon and Stars,1597,SAMPLE_1597,Sample Product 1597,PX0001597,PX0001597,999,Moon Stars LMS Account,999,PSTR,DRAFT,Stars,M0001,NULL,1597,PACK 4,999,ProductOwner1@MoonStars.co.uk,ProductManager4@theapsgroup.com,0,Charge on Production
Moon and Stars,1598,SAMPLE_1598,Sample Product 1598,PX0001598,PX0001598,999,Moon Stars LMS Account,999,PSTR,DRAFT,Sun,M0002,NULL,1598,SINGLE,999,ProductOwner3@MoonStars.co.uk,ProductManager1@theapsgroup.com,0,Charge on Production
Moon and Stars,1599,SAMPLE_1599,Sample Product 1599,PX0001599,PX0001599,999,Moon Stars LMS Account,999,GNPR,DRAFT,Sun,M0001,NULL,1599,PACK 50,999,ProductOwner2@MoonStars.co.uk,ProductManager2@theapsgroup.com,0.2,Charge on Production
Moon and Stars,1600,SAMPLE_1600,Sample Product 1600,PX0001600,PX0001600,999,Moon Stars LMS Account,999,GNPR,DRAFT,Stars,M0001,NULL,1600,SINGLE,999,ProductOwner1@MoonStars.co.uk,ProductManager1@theapsgroup.com,0,Charge on Production
Moon and Stars,1601,SAMPLE_1601,Sample Product 1601,PX0001601,PX0001601,999,Moon Stars LMS Account,999,GNPR,DRAFT,Sun,M0001,NULL,1601,SINGLE,999,ProductOwner2@MoonStars.co.uk,ProductManager1@theapsgroup.com,0,Charge on Production
Moon and Stars,1602,SAMPLE_1602,Sample Product 1602,PX0001602,PX0001602,999,Moon Stars LMS Account,999,GNPR,DRAFT,Sun,M0001,NULL,1602,SINGLE,999,ProductOwner2@MoonStars.co.uk,ProductManager4@theapsgroup.com,0,Charge on Production
Moon and Stars,1603,SAMPLE_1603,Sample Product 1603,PX0001603,PX0001603,999,Moon Stars LMS Account,999,GNPR,DRAFT,Sun,M0003,NULL,1603,SINGLE,999,ProductOwner4@MoonStars.co.uk,ProductManager4@theapsgroup.com,0,Charge on Production
Moon and Stars,1604,SAMPLE_1604,Sample Product 1604,PX0001604,PX0001604,999,Moon Stars LMS Account,999,GNPR,DRAFT,Stars,M0001,NULL,1604,SINGLE,999,ProductOwner2@MoonStars.co.uk,ProductManager4@theapsgroup.com,0.2,Charge on Production
Moon and Stars,1605,SAMPLE_1605,Sample Product 1605,PX0001605,PX0001605,999,Moon Stars LMS Account,999,GNPR,DRAFT,Stars,M0001,NULL,1605,SINGLE,999,ProductOwner1@MoonStars.co.uk,ProductManager1@theapsgroup.com,0,Charge on Production
Moon and Stars,1606,SAMPLE_1606,Sample Product 1606,PX0001606,PX0001606,999,Moon Stars LMS Account,999,GNPR,DRAFT,Stars,M0002,NULL,1606,SINGLE,999,ProductOwner3@MoonStars.co.uk,ProductManager3@theapsgroup.com,0,Charge on Production
Moon and Stars,1607,SAMPLE_1607,Sample Product 1607,PX0001607,PX0001607,999,Moon Stars LMS Account,999,GNPR,DRAFT,Stars,M0001,NULL,1607,SINGLE,999,ProductOwner1@MoonStars.co.uk,ProductManager2@theapsgroup.com,0,Charge on Production
Moon and Stars,1608,SAMPLE_1608,Sample Product 1608,PX0001608,PX0001608,999,Moon Stars LMS Account,999,GNPR,DRAFT,Stars,M0001,NULL,1608,SINGLE,999,ProductOwner1@MoonStars.co.uk,ProductManager3@theapsgroup.com,0.2,Charge on Production
Moon and Stars,1609,SAMPLE_1609,Sample Product 1609,PX0001609,PX0001609,999,Moon Stars LMS Account,999,BKLT,DRAFT,Stars,M0001,NULL,1609,SINGLE,999,ProductOwner2@MoonStars.co.uk,ProductManager1@theapsgroup.com,0,Charge on Production
Moon and Stars,1610,SAMPLE_1610,Sample Product 1610,PX0001610,PX0001610,999,Moon Stars LMS Account,999,PAD,DRAFT,Moon,M0001,NULL,1610,SINGLE,999,ProductOwner1@MoonStars.co.uk,ProductManager1@theapsgroup.com,0,Charge on Production
Moon and Stars,1611,SAMPLE_1611,Sample Product 1611,PX0001611,PX0001611,999,Moon Stars LMS Account,999,PAD,DRAFT,Sun,M0001,NULL,1611,SINGLE,999,ProductOwner2@MoonStars.co.uk,ProductManager2@theapsgroup.com,0.2,Charge on Production
Moon and Stars,1612,SAMPLE_1612,Sample Product 1612,PX0001612,PX0001612,999,Moon Stars LMS Account,999,PAD,DRAFT,Sun,M0002,NULL,1612,SINGLE,999,ProductOwner3@MoonStars.co.uk,ProductManager1@theapsgroup.com,0,Charge on Production
Moon and Stars,1613,SAMPLE_1613,Sample Product 1613,PX0001613,PX0001613,999,Moon Stars LMS Account,999,PAD,DRAFT,Moon,M0001,NULL,1613,SINGLE,999,ProductOwner1@MoonStars.co.uk,ProductManager3@theapsgroup.com,0,Charge on Production
Moon and Stars,1614,SAMPLE_1614,Sample Product 1614,PX0001614,PX0001614,999,Moon Stars LMS Account,999,PROM,ARCHIVED,Sun,M0001,NULL,1614,SINGLE,999,ProductOwner1@MoonStars.co.uk,ProductManager3@theapsgroup.com,0,Charge on Production
Moon and Stars,1615,SAMPLE_1615,Sample Product 1615,PX0001615,PX0001615,999,Moon Stars LMS Account,999,PROM,ARCHIVED,Sun,M0001,NULL,1615,SINGLE,999,ProductOwner1@MoonStars.co.uk,ProductManager3@theapsgroup.com,0,Charge on Production
Moon and Stars,1616,SAMPLE_1616,Sample Product 1616,PX0001616,PX0001616,999,Moon Stars LMS Account,999,GNPR,ARCHIVED,Moon,M0001,NULL,1616,SINGLE,999,ProductOwner1@MoonStars.co.uk,ProductManager2@theapsgroup.com,0,Charge on Production
Moon and Stars,1617,SAMPLE_1617,Sample Product 1617,PX0001617,PX0001617,999,Moon Stars LMS Account,999,PROM,ARCHIVED,Sun,M0002,NULL,1617,SINGLE,999,ProductOwner3@MoonStars.co.uk,ProductManager3@theapsgroup.com,0,Charge on Production
Moon and Stars,1618,SAMPLE_1618,Sample Product 1618,PX0001618,PX0001618,999,Moon Stars LMS Account,999,PROM,ARCHIVED,Moon,M0001,NULL,1618,SINGLE,999,ProductOwner1@MoonStars.co.uk,ProductManager4@theapsgroup.com,0,Charge on Production
